标题,发布时间,内容,浏览量,来源列表页,链接
,,,,33,https://www.suet.edu.cn/xxyw.htm
章丘大学园区管理服务中心副主任宋万意一行检查指导我校新型冠状病毒感染的肺炎疫情防控工作, 发布时间: 2020-02-07,"
2月6日上午10
时
，
章丘大学园区管理服务中心副主任宋万意一行
对我校疫情防控
工作
进行全面督导
检查。我校疫情防控领导小组副组长、副校长李梅松，办公室、保卫处、学生处、后勤基建处等部门人员陪同检查。
检查组
先后来到学校北门、教学楼区、学生公寓区
等
察看了疫情防控工作开展情况，随后在疫情防控工作指挥部
办公室
召开
了
会议。
会上，李梅松副校长
详细汇报了我校面对此次疫情采取的防控措施、物资配备、师生健康动态
及开学筹备
等情况
。
我校
严格
按照
省、市、区
相关
部门
要求，严格落实防控措施，特别是在师生动态管控、门禁管理、消毒消杀、隔离
室
设置、物资储备、开学预案、
物业管理
等方面做好相关工作，
进一步
规范完善相应的档案材料。
宋万意副主任传达了章丘区委区政府对高校做好疫情防控的指示精神，并对学校下一步防控工作提出了具体要求，
强调要充分认识当前
高校
疫情防控形势的严峻性、复杂性、艰巨性，坚决克服麻痹懈怠思想
，严格
落实每一项措施，
不留任何死角，
确保职责任务明确、工作过程细致、重点环节抓实、统筹分工合理
，全力做好开学前疫情防控各项准备工作，
坚决打赢疫情防控这场硬仗
，确保
全校师生生命健康安全
。
最后，李梅松
副
校长召开
了疫情防控各工作组组长
紧急会议，
要求各组进一步细化工作
预案，拿出有针对性、可操作性强的
措施
，确保务实管用
；要建立
疫情防控工作台账，
对
全体师生
，物业、基建、食堂，校内营业点等人员进行
全面摸排
、动态监测
，加强对值班人员和物业人员疫情防控知识培训，进行校园环境全面清洁与消毒
；
要
进一步加强全体师生
宣传
教育
，讲清如何防控、如何自我
防护，
切实增强公众科学防护意识和能力，营造良好舆论氛围
；进一步强化封校管理，
管控好校园入口，对
出入人员
做好
体温检测、车辆消毒及
登记工作，
全力
创建平安校园。
学校
新型冠状病毒感染的肺炎疫情
防控工作领导小组
2020年2月6日

",,32,https://www.suet.edu.cn/info/1026/2434.htm
关于成立山东工程职业技术大学新型冠状病毒感染的肺炎疫情防控期间线上教学工作领导小组的通知, 发布时间: 2020-02-04,"
为进一步做好新型冠状病毒感染肺炎的疫情防控工作，减少疫情对教学秩序的冲击，做好
2019—2020学年春季学期学生延期返校期间线上教学工作，确保教学任务圆满完成，学校研究决定成立山东工程职业技术大学新型冠状病毒感染的肺炎疫情防控期间线上教学工作领导小组。现将相关事宜通知如下。
一、领导小组的组成
组

长：吴梦军
副组长：张有志、李章泉、张诚
成

员：牛翔、王万里、丁福强、宁玲玲、韩业文、张永忠、张文硕、宿立优、刘杰、薄金龙、张平、王连增、孟宪勇
二、领导小组下设机构
1.组织协调组：组织协调组设在教务处，负责线上教学统筹协调和日常工作，牛翔任主任，时德新、池光胜任副主任。
2.技术支持组：技术支持组负责线上教学技术支持和人员培训等，丁福强任主任，成员孙东正、王娜、李业友。
3.质量监控组：质量监控组负责线上教学质量检查调控和督导评价，初福民任主任，时德新、隗茂虎任副主任，成员李景龙、王燕。

山东工程职业技术大学
2020年2月3日
",,31,https://www.suet.edu.cn/info/1026/2443.htm
精准扶贫不落一人，教育扶贫扶志先行 山东工程职业技术大学开展建档立卡贫困生走访活动, 发布时间: 2020-01-16,"
山东工程职业技术大学积极开展
“走访慰问建档立卡贫困学生”活动，由校长吴梦军亲自带队，副校长李梅松、宣传处副处长王玉珠、资助中心副主任孙明娟及二级学院行政副院长、辅导员组成的
送温暖队伍下乡村、进农户，
给他们送去慰问品和慰问金，为他们送去冬日春节的温暖和学校的关怀，解决建档立卡贫困家庭学生冬季春节期间生活难题，确保学生过暖冬过好年。
1月15日
走访了两个家庭，一名是家
住淄川建工学院工程造价本科班学生，另一名是家住章丘王白庄村信息工程学院软件工程本科班的学生，在走访慰问活动中，了解到两家均因病致困。校领导与家长面对面交谈、心贴心交流，细致了解他们的家庭状况、经济来源和实际困难，了解当地政府给予的帮扶措施，为他们送去了米、面、油等生活用品和慰问金。向他们宣传了党和国家的教育资助政策，把党和政府的关怀，学校领导的关爱和老师、同学的关心送到了家中，也希望家长要增强克服暂时困难的信心，一如既往支持学生完成学业。并鼓励学生志存高远，明德笃行，结草衔环，感恩社会。不仅向家长反馈了学生的学习情况及在校表现，同时就家长普遍关心的问题作了详细解答，听取了家长对学校工作的意见和建议。
开展慰问活动，使贫困生感受到了学校大家庭的温暖，给予了他们物质帮助和精神鼓励。受访学生家长对校领导的亲自到访感激万分，表示要努力克服眼前困难，帮助孩子顺利完成学业，不辜负学校的期望，把孩子培养成才回报社会。在贫困学生家里，低矮的民房、寒冷的房间，残缺的家庭对老师们也触动颇深，大家被处于艰苦环境下毅然抚养孩子上学的家长感动着，被家庭经济困难但自强不息、奋发好学的学生感动着，深刻领悟了教师教书育人、立德树人的神圣使命和责任担当。
据悉，明后两天校领导还将奔赴菏泽等地慰问建档立卡贫困学生。本次走访活动采取集中组队、分散走访的方式到建档立卡贫困生家庭走访慰问，扩大覆盖面、提升帮扶效果、解决实际困难，为学生及其家庭送去温暖和爱心，这不仅广泛宣传了国家的教育资助政策，也把党和国家的关怀送到了贫困学生家里，而且为学校下一步做好建档立卡贫困学生的精准资助工作提供了第一手真实的资料，有效加强了学校与贫困学生家庭的联系，助推学校精准资助工作更好更快发展。一直以来，山东工程职业技术大学认真贯彻落实党和国家资助政策，将
“精准扶贫”与“德育扶志”相结合，十分重视救助贫困生工作，多次研究救助贫困生的措施，不断探索精准资助方式,创新资助模式，多层次、多渠道筹措资金，尝试建立长效资助工作机制，引领受助学生成长成才。
作者：王玉珠

编辑：靖雪

编审：魏本江
",,30,https://www.suet.edu.cn/info/1026/2453.htm
三庆旗下宝雅新能源15亿接盘一汽吉林获得70.5%股权, 发布时间: 2019-12-27,"
12月27日，山东宝雅新能源汽车股份有限公司与中国一汽集团及一汽吉林汽车有限公司，在长春正式签署增资扩股协议
，
宝雅新能源以
15亿元获得一汽吉林70.5%股权。三庆集团董事长、山东宝雅新能源汽车股份有限公司名誉董事长
、山东工程职业技术大学理事长
吴立春先生出席了一汽吉林汽车有限公司增资扩股签约仪式。
三庆集团
为
山东宝雅新能源汽车股份有限公司控股股东，
同时也是山东工程职业技术大学的举办者。
宝雅新能源
控股
一汽吉林
后，为山东工程职业技术大学交通工程学院的建设和发展拓宽了空间，赢取了得天独厚的有利条件，同时为我校交通工程学院及其他学院相关专业开展校企合作，深化产教融合，提供了新的平台，将有力促进学校的本科层次职业教育试点工作。
12月26日，据上海联合产权交易所显示，一汽吉林汽车有限公司增资项目落地，来自山东的低速电动车企业宝雅新能源以15亿元获得一汽吉林70.5%股权。
此前，一汽吉林相关人士承认
“正在和宝雅新能源等多家企业接触”，但经过半年时间，经营现状不佳的一汽吉林终于完成了混改。这是继奇瑞混改之后，又一家车企在资本市场寻求股东，推行增值扩股的计划。
根据今年
10月一汽吉林在上海产权交易所挂牌的信息，一汽吉林拟转让70%股权，募集15亿元资金，同时要求意向投资人实缴注册资本不少于2亿元，须具有5年以上整车研发、生产制造和销售经验，而且拥有华东、华中万辆以上营销业绩和用户基础，同时需拥有出口经验，累计出口过千辆营销业绩者。


来源：三庆集团

编辑：赵珣

编审：汪少龙


",,29,https://www.suet.edu.cn/info/1026/2463.htm
山东建筑大学周学军教授来我校调研指导, 发布时间: 2019-12-13,"
12月12日，山东建筑大学周学军教授应我校科
技
处、建筑工程学院邀请来我校调研指导工作。学校校长吴梦军、副校长李章
泉
接见并谈话，建筑工程学院院长鲍怀富、执行院长韩业文、副院长李传红参会。
访谈中，周
学军
教授对我校土木工程专业做了调研，参观了建筑工程学院实验实训室，了解了我校办学历史和办学条件，对我校不懈努力的申本工作和获得职业本科试点表示了赞扬和祝贺。周
学军
教授对职业本科试点过程中，土木工程专业的建设标准、人才培养目标和教育教学改革等问题发表了见解，为我校建筑类专业下一步的发展提出了建议。
作者：建筑工程学院

韩蕾

编辑：赵珣

编审：汪少龙

",,28,https://www.suet.edu.cn/info/1026/2475.htm
我校召开新媒体建设与管理工作会议, 发布时间: 2019-12-06,"
党的十八大以来，以习近平
同志为核心
的党中央高度重视新兴媒体的融合发展并强调要利用新技术新应用创新媒体传播方式。
12月6日上午，我校在第二会议室召开
新媒体建设与管理
工作
会议
，会议专题学习了《中共山东工程职业技术大学委员会新媒体建设与管理办法》。副校长林玉贵，党委宣传部部长魏本江及各
党总支书记、部门分管宣传工作的领导、新媒体平台负责人
参加会议
。
会议由党委宣传部副部长王玉珠主持。
首先，
魏本江带领与会人员集中学习了《中共山东工程职业技术大学委员会新媒体建设与管理办法》并进行了详细解读。他指出，本管理办法是根据国务院《互联网信息服务管理办法》和教育部、国家互联网信息办公室《关于进一步加强高等学校网络建设和管理工作的意见》等文件精神，同时结合学校实际制定出
来的。要求
各部门、各单位
要认真学习和
落实本管理办法
，制定出本部门本单位的管理体系，明确相关领导和运营人员的职责；制定并落实申报审批制度、信息发布制度、安全保密制度、责任追究制度等；
进一步增强我校校园新媒体的创新力、传播力和公信力。
副校长林玉贵就开展学习《中共山东工程职业技术大学委员会新媒体建设与管理办法》做了部署工作。他指出，我校作为全国十五所职业本科试点院校，要明确当下面临的严峻形势，既要创新又要脚踏实地的运用好新媒体平台将山东工程的品牌推广出去。
他
对接下来的各项工作提出了五方面的要求：一是各部门各单位要提高认识，高度重视，贯彻落实《中共山东工程职业技术大学委员会新媒体建设与管理办法》，运用好、发挥好新媒体平台的宣传作用；二是针对所发布内容要严格把关、层层审核，杜绝因审查不严而出现错误的现象发生；三是新媒体运营的关键是选好人、用好人；四是严格落实管理办法，遵循谁主办
、
谁负责的管理原则；五是要积极利用各个新媒体平台，将学校品牌推广出去。
最后，会议
由
王玉珠作总结发言，她指出各部门、各单位要提高对新媒体工作重要性
的
认识，切实推进我校新媒体的健康有序发展。
作者：文化宣传处

王煜浩

编辑：赵珣

编审：魏本江
",,27,https://www.suet.edu.cn/info/1026/2482.htm
校领导深入餐厅检查餐饮服务工作, 发布时间: 2019-11-25,"
11月23日，我校理事、校长助理、工会主席刘国栋深入学校餐厅检查指导餐饮服务保障和食品安全工作，后勤基建处副处长王超
、
膳食科科长段吉庆
、
各餐饮公司负责人等相关部门负责人陪同。
刘国栋
一行对餐厅各楼层进行了全面细致的检查，重点检查了饭菜质量和价格，餐厅工作制度落实、就餐区卫生情况等，随后就操作间流程、原料存储、索证索票、从业人员健康体检、食品成品保鲜保洁、清洗消毒、食品留样、最终销售等涉及食品安全的重要环节亲自检查食品原材料并仔细询问。
检查中
，
刘国栋强调，要充分认识学校食品安全的重要性和紧迫性，加强学校餐厅管理人员专业知识培训，建立健全有效的食品安全监管机制，加大监管力度，认真排查食品安全隐患，紧抓食品安全管理漏洞，让广大师生吃
得
安全、吃
得
放心、吃
得
营养、吃
得
健康。
检查工作结束时，
刘国栋
鼓励大家继续保持目前高昂的工作热情，在食堂管理工作中不断发挥探索精神和创新能力，把我校食堂管理工作推向一个新的台阶。
作者：
后勤基建处

刘烁

编辑：赵珣

编审：汪少龙
",,26,https://www.suet.edu.cn/info/1026/2494.htm
我校荣获2019“黄炎培杯”全国大学生投资理财技能大赛团体赛三等奖, 发布时间: 2019-11-18,"
11月16日，首届
“黄炎培杯”全国大学生投资理财技能大赛
在浙江金融职业学院
落下帷幕
。
由
我校工商管理学院
执行院长
刘杰、
副院长
毕春晖指导，
18
级
会计
3班
王丽丽、任红玉、李姝琦
三名学生
组成的山东工程一队，从
163支队伍中脱颖而出，挺进全国决赛，通过现场答辩环节的激烈竞逐，最终以优异成绩荣获团队赛三等奖
。
“黄炎培杯”全国大学生投资理财技能大赛由中华职业教育社主办
，
是一个职业技能与生活技能兼顾、面向全国应用型本科、职业（高职、中职）院校适龄学生的财经商贸类赛事。
本次
大赛自
9月16日启动以来，全国共有60所本科，133所职业院校报名参加比赛，其中团体赛参赛队伍163队，个人赛参赛人数12084人。自赛事启动以来，学校高度重视，在学校教务处的
领导
下，
工商管理学院参赛师生
认真探究、刻苦训练，在比赛中稳扎稳打，不骄不馁，取得了优异成绩。
工商管理学院高度重视各类专业技能竞赛
,坚持“以赛促教、以赛促学、以赛促知”。
通过
此次
全国性理财技能大赛
，对外
展示了我校学子的投资理财技能、金融风险防范能力以及团队协作精神。
作者：工商管理学院

郭小凡

编辑：赵珣

编审：汪少龙
",,25,https://www.suet.edu.cn/info/1026/2504.htm
我校举办青年马克思主义者培养工程第一期团学骨干培训班, 发布时间: 2019-11-12,"
11
月
9日
上
午，我校
青年马克思主义者培养工程第一期团学骨干培训班
第一讲在
大学生活动中心
开讲。本次培训对象为我校
50余名优秀团学干部，
由副校长李梅松及团委书记王斌担任主讲老师。
第一讲
“团学干部的素质与能力提升”由
李梅松副校长
主讲
，
他
从
“学生干部的作用、定位、工作原则以及工作方法”等几个方面进行了
讲解
。
李梅松
指出
，
学生干部是贯彻落实学校各项工作的桥梁纽带，是建设校园文化的重要队伍。
他同时
指出
了
学生干部普遍存在的一些问题：缺乏创新意识、工作热情的阶段性以及部分学生干部的成绩有待提高。
在谈
到
如何更好地开展
工作时
，李梅松强调，
要将理论与实践相结合、服务同学与发展自身相结合、继承与创新相结合
，依
靠积极分子推进工作
，
实行目标管理
，
引入激烈的竞争。
他采用课堂互动、小组活动等引导式的授课方式，带领团学干部们自主探究，互动性强，取得良好效果。
据悉，
本次培训将持续
4
天，共分
8
讲
，
以
“不忘初心，牢记使命”为主题，
以
理论培训、素质拓展、
行动导向教学、课堂反转、角色扮演、情景模拟为教
学形式
，
深入学习马克思主义理论，深入学习贯彻习近平总书记系列讲话精神，并就如何做好新时期高校团学工作进行讨论交流。下一步将以各学院为单位进行轮训。
我校一直以来注重团学干部的培养，
加强团干部培训，
大胆创新培训模式
。
实施青年马克思主义者培养工程，目的是要坚持不懈地用马克思主义中国化的最新成果武装青年，通过教育培训和实践锻炼等方式，提高大学生骨干、团干部、青年知识分子等青年群体的思想政治素质、政策理论水平、创新能力、实践能力和组织协调能力，使他们进一步坚定跟党走中国特色社会主义道路的信念，成长为中国特色社会主义事业的合格建设者和可靠接班人。
作者：团委

皮娜

编辑：赵珣

编审：汪少龙



",,24,https://www.suet.edu.cn/info/1026/2511.htm
中华职教社“社员之家”授牌仪式在我校举行, 发布时间: 2019-10-31,"
10月
31
日上午，中华职教社
“社员之家”在我校成立，并举行授牌仪式。省中华职教社专职秘书长孙大川、秘书处二级主任科员杨晓宁，学校校长吴梦军、副校长李梅松及有关部门负责人及社员出席仪式，仪式由李梅松副校长主持。
首先，吴梦军校长从学校历史沿革、产教融合校企合作、
“对标、优化、整合、提升”试点工作思路等多方面介绍了学校办学情况，并对省职教社长期以来对我校的指导和帮助表示感谢。孙秘书长对学校近年来的跨越式发展给予充分肯定，并介绍了中华职教社“统战性、教育性、民间性”的特色和优势，以及下一步职教社工作思路，即加强职教社基层组织建设、深耕基层，与各职业院校联合行动起来，积极宣传国家有关职业教育、民办教育的方针政策，加强社员小组队伍建设；积极开展职业教育、民办教育的调查研究和黄炎培职业教育思想研究，积极建言献策，不断提高工作水平，推动共同发展。
随后，省中华职教社为我校授牌，孙秘书长和吴校长共同为中华职教社
“社员之家”揭牌。省职教社为“社员之家”捐赠了相关资料，与会人员共同参观了“社员之家”。
中华职教社作为统战工作的重要载体，为职业院校搭建了与政府、企业、行业协会广泛交流与合作的有益平台。我校作为中华职教社会员单位，先后荣获
“山东省创新创业学院”、“山东省黄炎培职业教育奖创新创业大赛优秀组织奖”等称号，校长吴梦军先后当选
山东省中华职教社第二届社务委员会副主任
、
中华职教社第十二届理事会常务理事
等职务，并荣获第四届
“黄炎培职业教育杰出校长奖”。
学校将以成立社员小组为契机，以
“社员之家”为阵地，贯彻落实好习近平总书记对职业教育的重要指示精神，加强沟通与协作，不断深化产教融合、校企合作的广度和深度，朝着“高水平职业技术大学”的目标迈进，力争办学质量实现新的飞跃，为培养更多新时代大国工匠作出卓越贡献！
作者：党政办公室

王允芹

编辑：赵珣

编审：汪少龙
",,23,https://www.suet.edu.cn/info/1026/2523.htm
韩国嘉泉大学研究生院院长姜珉植一行来我校参观考察, 发布时间: 2019-10-22,"
10月21日上午，韩国嘉泉大学研究生院院长姜珉植一行五人
来我校参观考察
，副校长王守光
、
继续教育学院院长史守如、
校办公室
副主任张元、教务处副处长池光胜代表
我校热情接待了
韩国嘉泉大学代表团
一行
。
来宾们在校领导的陪同下参观了机械工程训练中心、鼎利学院
、交通工程训练中心、建筑工程学院、工商管理学院
等实验实训场所。
双方在卓越楼五楼第一会议室举行
交流会
，
副校长王守光就我校的历史沿革、校园建设、专业特色、发展规划、教学资源与办学成就向代表团进行详细介绍，同时希望两校在师生互访、学术交流、师资联合培养、合作办学等方面进行合作。姜珉植院长就嘉泉大学的办学理念、特色专业及国际交流情况做了简要介绍
，
希望与我校在国际交流项目中共同努力，开展教育文化交流与合作
。
双方
还
就两校进一步开展国际教育交流与合作等事项进行了深入的交流与探讨。
会
后，双方互赠礼品并合影留念。
作者：继续教育学院

李长青

编辑：赵珣

编审：汪少龙
",,22,https://www.suet.edu.cn/info/1026/2533.htm
我校理事长吴立春先生进京参加国庆70年华诞系列活动之三, 发布时间: 2019-09-30,"
9
月29日，中央统战部、全国人大华侨委员会、外交部、国务院侨办、全国政协港澳台侨委员会、致公党中央和中国侨联在京联合举行国庆招待会，全国政协副主席、致公党中央主席万钢出席并致辞。来自五大洲130多个国家和地区的约2300位海外侨胞、港澳同胞、台湾同胞和归侨侨眷代表应邀参加招待会。
按照“统一邀请、统一审核、统一部署、统一接待”的原则，此次受邀参加国庆70周年活动的海外侨胞代表由中央统战部会同中央其他涉侨部门按照严格程序进行推荐和遴选，应邀参加活动的代表包括知名侨领、侨商和高层次侨胞专业人士，涵盖经济科技、文化教育、医疗卫生、商业贸易等各个领域，体现出广泛的代表性。
在今天的招待会上，万钢指出，70年来，在中国共产党的领导下，中国国家面貌发生了翻天覆地的变化，经济持续快速发展，人民生活显著改善，综合国力和国际影响力大幅提升。中共十九大描绘了实现中华民族伟大复兴的恢弘蓝图，中华民族日益走近世界舞台中央。希望广大侨胞、港澳同胞、台湾同胞和归侨侨眷更加广泛深入参与中国新一轮改革开放和现代化建设，为国家经济实现高质量发展、为促进两岸和平统一和保持港澳繁荣稳定、为中国与世界各领域友好交流合作作出新的更大贡献。
中央统战部、全国人大华侨委员会、外交部、国务院侨办、全国政协港澳台侨委员会、致公党中央和中国侨联相关负责同志出席招待会。
编辑：赵珣   编审：魏本江
",,21,https://www.suet.edu.cn/info/1026/2543.htm
我校2019级新生健康普查工作顺利完成, 发布时间: 2019-09-23,"
9月
22
日至
23
日
，我校组织
2019级
全体
新生进行健康普查，
普查
项目包括：肝功能、内外科、五官科、
测
身高、
称
体重、
量
血压、拍胸片等。
至目前，我校
6500余名
新
生的健康普查
工作已经
顺利完成
。
为确保新生体检工作安全、有序开展，我校领导高度重视、统筹部署，安排学生工作处专门负责此次新生体检工作。学生工作处结合我校实际，对新生体检场地、秩序维护、体检注意事项、体检人数和分工等做了细致安排，提高新生体检服务质量，尽可能地为新生提供一个优质、高效、安全的体检环境。
针对
今年
体检的
学生
人数多
、类别多、项目多、耗时长的特点，学生工作处制定了应急预案，安排专人全程跟踪
。
同时，组织校自律会志愿者为新生体检提供引导
服务
，
使各环节运作紧凑，高效有序
。
各学院也安排辅导员在现场协助处理各种突发情况，保证了
新生体检流程顺畅。
下一步，学生工作处将及时对普查数据汇总、分析，并将普查结果反馈给学生，以便学生及时掌握自身健康状况。

作者：学生处

杨立超

编辑：赵珣

编审：汪少龙
",,20,https://www.suet.edu.cn/info/1026/2553.htm
我校开展“感念师恩，敬献鲜花”活动, 发布时间: 2019-09-11,"
9月10日上午，为庆祝35个教师节的来临，我校组织开展了“感念师恩，敬献鲜花”活动。
早上七点五十分，校学生联合会成员手里捧着鲜花来到校标广场，为走下班车的老师们献上鲜花与祝福。随后，团学干部代表来到学校领导、老师办公室，将美丽的鲜花和卡片献上并与各位领导老师合影留念。
本次活动是我校
“我和我的祖国”喜迎建国70周年主题系列活动之一，
我校学生联合会成员利用课余时间，通过绘画、书法、剪纸等，为教师制作贺卡和鲜花，作为教师节礼物，表达诚挚的感恩之情。
作者：团委

皮娜

编辑：赵珣

编审：汪少龙
",,19,https://www.suet.edu.cn/info/1026/2562.htm
我校参加山东省高校党的建设工作会议并作典型发言, 发布时间: 2019-08-22,"
近日，全省高校党的建设工作会议在济南召开。会议深入学习贯彻习近平新时代中国特色社会主义思想，贯彻落实全国教育大会精神、全国高校党的建设工作会议精神和省委部署要求，研究部署我省高校党的建设工作。省委常委、宣传部部长、省委教育工委书记关志鸥出席会议并讲话，省委教育工委常务副书记，省教育厅厅长、党组书记邓云锋主持会议。我校党委书记胡小林参加会议并作题为
“发挥党委政治引领作用，积极推进职业本科教育发展”的典型发言。
会议总结肯定今年以来全省高校党的建设工作，分析面临形势和任务，深入查摆在思想认识、责任落实、素质能力、改革创新等方面的突出问题，强调要提高政治站位，全面落实党建工作主体责任和
“一岗双责”，结合开展第二批“不忘初心、牢记使命”主题教育，奔着问题去、盯着问题改，切实提升高校党的建设工作水平。
会议要求，要聚焦高校高质量发展抓党建，着力推进高校改革创新，激发动力活力，走内涵式提升转型发展道路
;要着力加强“双一流”建设，引入竞争机制，统筹规划管理，争取更多高校、学科进入全国一流行列;要着力打造职业教育高地，抓住“部省共建山东国家职业教育改革先行区”的机遇，整体提质培优全省职业教育;要着力加强高校意识形态工作，建立完善风险防控体系，提高舆情应对处置能力，压紧压实意识形态工作责任制;要着力加强改进高校思想政治工作，提高思政课质量，健全思政工作队伍，用好红色文化资源，让红色基因代代相传;要着力推进全面从严治党，强化政治引领，持续正风肃纪，夯实基层基础，切实加强干部队伍建设，树立高校党员干部的良好形象。
胡小林书记在发言中指出，山东工程职业技术大学党委紧紧围绕全国职业教育改革的要求，坚持把政治建设摆在首位，落实立德树人根本任务，不断将党建优势转化为发展优势，推动职业本科教育健康发展。学校党委充分发挥政治引领作用，谋划职业本科教育发展，一是落实全国职业教育改革精神，从适应新旧动能转换、培养高素质技术技能人才出发，抓住政策机遇，积极谋划职业本科教育发展。二是明确民办高校党委政治定位，建立了校长治校、专家治学、民主监督、社会参与的内部治理结构。三是妥善解决民办高校党建与行政工作两张皮的现象。四是健全党组织参与决策和监督机制。五是进一步完善党组织工作机构。下一步，学校党委将全面落实全国、全省教育大会精神，扎实推进职业本科教育
,充分调动各方面积极性，将党建工作转换成学校发展的动力。一是学校党委发挥政治引领作用，努力做到“把方向，出主意，抓落实，促发展”；二是将党的建设落实到学校事业发展的具体工作中，党建引领，形成合力，以党建推动行政工作和教学工作；三是进一步加强和改进意识形态工作，创新活动载体，加强阵地管理，把握正确导向。校党委将以饱满的热情，踏实的工作、创新的思维，把学校建成名副其实的职业技术大学，早日实现由“全国试点”向“全国示范”的跨越。
省委组织部、省委宣传部有关负责同志，省教育厅（省委教育工委）领导班子成员，全省本科高校党委书记、校长，高职高专院校、民办高校党委书记等参加会议。
作者：
组织统战部

张彦卿
编辑：赵珣   编审：魏本江
",,18,https://www.suet.edu.cn/info/1026/2573.htm
2019年新聘教职工岗前培训工作顺利结束, 发布时间: 2019-08-23,"
8月21日起，我校进行2019年新聘教职工岗前培训工作。岗前培训在卓越楼五楼党员活动室进行。新聘专任教师和辅导员参加了此次培训学习。有关校领导、机关处室负责人、各二级学院院长
或
教学副院长与优秀教师代表在此次培训班上做了精彩的报告。
党委书记胡小林主持新聘教师开班仪式。吴梦军校长在开班仪式上致辞。吴校长对各位老师的到来表示热烈的欢迎和衷心的祝贺
，
从学校的历史沿革与概况、学校的办学定位与培养目标、五位一体的实践教学体系以及近几年学校取得主要成绩等四个方面对学校的有关情况进行了详细的介绍，并对新聘教师提出
了相关
要求
。
同时希望
大家把这次岗前培训作为新的起点，不断学习专业知识，不断取得新成就。
在开班仪式上，胡小林书记以新教师师德师风培养为题，要求新教师要做德教双馨的大学教师。胡书记首先对新教师师德师风建设的培养提出意见和要求，要求大家认真学习习近平新时代中国特色社会主义思想，坚定理想信念，坚
定
四个自信，坚决拥护党的领导，严格落实立德树人根本任务，为培养社会主义合格建设者和可靠接班人而不断奋斗
。
胡书记
还
结合四十余年的从教经历，给大家分享了很多宝贵的教学经验
。
张有志副校长以新时代、新职教、新使命为主题，分析了职业教育的发展历程、特点、存在的问题以及我校作为全国首批职业本科试点
院校
的新使命、对人才培养的定位与目标等。李章泉副校长从职业本科科研的定位、教师岗位的科研要求、现有的科研环境、对教师做好科研工作的期待等方面为大家介绍了学校科研工作的新思路、新目标、新制度。要求大家重视科研工作，鼓励大家积极参与到学校的科研工作中来。
校领导讲座结束以后，职能处室有关负责人从自身业务范畴出发
对此次培训作专题报告。
人事处张娜处长以学校人事管理制度为题，为新员工详细介绍了学校的有关人事制度，使新员工了解学校在人才引进、培养、职业发展、管理与激励等方面的政策。科研处葛伟处长以学校具体科研工作为主题，为新教师讲解了如何做科研，如何申报课题、项目
，
学校现有的可申报课题
/项目类型与数量以及学校有关科研的奖励政策等。资产处
郑策
老师以多媒体教学设备的使用为主题，详细介绍了多媒体设备的使用、常见问题、维护、报修等，同时带领大家进行多媒体设备的现场操作。
教务处和学生处分别对新聘专任教师和辅导员进行了培训。教务处副处长时德新、处长助理池光胜、教研科科长衣绍芳分别从教务管理、学校人才培养与课程体系介绍

、教案与教学计划的规范书写等主题出发对新聘专任教师做了专题报告；学生处处长韩业文、学生资助管理中心科长李玲云、心理咨询中心科长王玉珠、教务处学籍科科长臧英华、思政教学部孙勇老师分别从大学生日常事务管理、我校学生资助工作体系、大学生心理健康、学生学籍管理与实操、当前大学生思想政治教育形式与要求等主题出发对新聘辅导员做了专题报告。
最后
，各
二级学院院长、
教学副院长
宁玲玲、张文硕、薄金龙、王霞、毕春辉、张桂华、毕丽萍等和
来自教学岗和学生工作岗的优秀教师代表
王红、丁厚光、窦成亮等
给新教师作了专题报告，与新教师面对面交流，给他们分享一线教学与学生管理的相关工作经验，帮助他们尽快熟悉新工作、新环境，他们的经验分享让新教师受益良多。
23日下午，岗前培训工作顺利结束。此次岗前培训将为新教师尽快实现角色转换、更好地开展教学与学生管理工作打下良好基础。相信新教师在此次岗前培训中学习到的新知识、新思维、新视野、新经验将更好地帮助他们适应角色和环境的变化，以最快的速度、最好的状态投入到工作中去，在各自的岗位上发光发热，实现自身价值。
作者：
人事处

袁雨田

编辑：赵珣

编审：汪少龙

",,18,https://www.suet.edu.cn/info/1026/2572.htm
新起点，新征程，新希望—— 我校喜迎2019级新生入学, 发布时间: 2019-08-24,"
怀揣新的梦想，
开启新的征程。
8月24日
是我校新生报到第一天，
来自全国各地的
2019级新同学
走进
山东工程职业技术大学这个
“大家庭”中，为安静许久的校园注入新的生机和活力
。
金秋
的校园，
一派祥和
。合影墙、
签名墙、
彩旗、彩虹门、横幅、氢气球等将校园装点
得喜庆
非凡
。一大早，新生们在家长陪同下，络绎不绝地走进校园，一张张朝气蓬勃的脸庞上写满了幸福和希望。在志愿者的引导下，新生们纷纷在签名墙上留下自己的名字，并在合影墙与父母合影留念，然后有条不紊地完成报到手续。一名来自四川的新生接受记者采访时表示，
“漫漫求学路，经过四天的长途跋涉，我终于来到了自己梦想中的大学，希望未来的大学生活里，用知识充实自我，留下无悔的青春”。另一名信艺学院的新生对大学生活寄予美好的期许，“希望自己和学校的未来如同一幅锦绣的画卷，拥有绚丽的明天”。
吴梦军校长
高度重视迎新工作
，她
带领相关职能部门负责
人
深入迎新一线，走访新生接待点，详细了解新生报到情况，慰问奋战在迎新一线的师生员工，并与新生及家长面对面交谈。
此外，她
还认真查看了新生公寓区
，
要求
各迎新小组
务必做好一切保障工作，以热情细致的服务让学生满意、让家长放心。
为全力做好今年的迎新工作，
学校本着
“服务至上”的原则，制定了周密细致的工作方案。
学校成立了十三个
迎新工作
组，召开了迎新工作专题部署会，明确了工作任务和具体责任人，
确保迎新服务更贴心、报到流程更便捷、入学氛围更温馨。校园内随处可见由教师和学生组成的志愿者团队，为新生及家长提供路线指引、搬运行李、缴纳入学费用、校园讲解等志愿服务。学校还在火车站、汽车站设立迎新接待点，班车直达校园。学校今年还借助微信等新媒体平台，大力推行网上提前缴费、宿舍选定等报到环节
,大大减轻了现场接待的压力。此外，为方便学生现场报到，开学前，学校官网、微信公众号平台也及时发布了新生报到流程、报到须知，线上线下为新生提供咨询服务，竭尽全力为新生营造一种“家”的感觉。今年迎新工作进一步提高了服务意识和水平，实行“被褥进宿舍、上床位”，真正让新生及家长感受到归属感、幸福感和安全感。
据了解，我校今年新生报到共持续两天。新生入学后，学校将陆续开展军训、
“入学第一课”等活动。
作者：文化宣传处

赵珣

编辑：赵珣

编审：汪少龙




",,18,https://www.suet.edu.cn/info/1026/2571.htm
2019级新生军训教官见面交流会举行, 发布时间: 2019-08-27,"
为了
更好地做好新生军训工作，提高
新生军训
的效果，
8月2
6
日上午，我
校
与中国人民解放军某部在卓越楼五楼第
一
会议室
举行
见面交流会。副
校
长李梅松、学生处处长韩业文、各二级学院行政院长、
学管科长以及
35名
来自
承训部队
的
教官
出席了
此次交流会
。
韩业文
就今年的军训工作
作出部署。他指出，
全体参训人员
要
做好本职工作，教育引导学生，切实提高
学生的
思想政治觉悟
。同时，全体教官要把握好军训中的
“度”，充分
激发
广大新
生
的
军训热情
。
李梅松
对
2019年
军训工作提出了三点要求：一是严格要求、科学施训。全体教官要将
新生
区别于新兵
，充分调动学生参加训练的积极性。
二
是
以身作则，树立榜样。教官是新生入校的第一任老师，发挥着榜样模范的作用。三是丰富军训内容和生活，
充分展现新时代大学生朝气蓬勃的风采。
最后，他祝全体教官军训期间工作顺利，身体健康。
承训部队
教官们
表示，
一定会尽最大努力带领
201
9
级新生们圆满完成军训任务。
作者：学生处

夏娟娟
编辑：
赵珣
编审：
汪少龙

",,18,https://www.suet.edu.cn/info/1026/2570.htm
我校教师参加“服务企业万里行”活动, 发布时间: 2019-08-28,"
为深入开展
“推动科技创新 促进动能转换——服务企业万里行”品牌活动，
近日
，由
济南市
槐荫区科协牵头，济南市科协科学传播协会、
我校
钮平章教授
和
李冰教授
深入企业
到山东科弘微波能有限公司进行实地调研
，
了解企业发展状况和
遇到
的技术问题，为企业科技创新出谋划策。
山东科弘微波能有限公司总经理张成海向钮平章教授、李冰教授介绍了公司的基本情况和存在的问题。科弘是集科、工、贸为一体，专业从事开发、生产、销售微波能应用设备的高新技术企业
。
目前公司在微波加热关键技术，微波均匀性控制上很容易出现加热不均匀现象
，
迫切需要像钮平章教授、李冰教
授
这样的专家，来解决企业生产经营过程中出现的系列问题，希望各位专家
今后
多来指导。
钮
平章
教授表示
，针对
微波加热不均匀问题
，回去后科研
团队
将
进行深入研究，后期进一步就此问题出具相关解决方案。专家
们还
参观了生产车间，实地探讨相关技术领域问题。
作者：机械工程学院


刘冉冉
编辑：
赵珣
编审：
汪少龙

",,18,https://www.suet.edu.cn/info/1026/2569.htm
我校隆重举行2019级新生安全教育大会, 发布时间: 2019-09-03,"
为进一步增强全体新生的法制观念与安全意识，我校于
9月3日举行了2019级新生安全教育大会。出席大会的有济南市公安局章丘分局双山第二派出所副所长徐海港、济南市公安局章丘分局双山第二派出所警长孟祥芳、我校副校长李梅松、保卫处处长徐永帅、各二级学院辅导员及全体新生。大会由学生处副处长王万里主持。
会上，徐海港副所长结合大学城高发案例，分别从校园安全教育、校园网络贷款、预防诈骗等方面进行了讲解，仔细分析了校内盗窃、人身伤害、网络诈骗、敲诈勒索案件的诱因及应对措施，用一个个具体、鲜活的事例，以案释法，以法论事，深入浅出地给我们做了生动的报告。孟祥芳警长从如何学习校园安全知识角度，重点讲解了校园安全预防措施，并指导师生关注学习双山二所公众号
“守护青春”，通过线上线下形式教育新生争做言行文明、品德高尚、遵纪守法的大学生。
最后，李梅松副校长作大会总结讲话和工作部署。他强调结合学校平安校园建设要求，各二级学院以此次安全教育大会为契机，扎实推进新生安全教育第一课，陆续开展安全教育系列活动。要求学生在平时学习生活中，提高警惕，加强自我防范，做到时刻将安全意识放在首位，学会保护自己。
由中宣部、教育部、中央广播电视总台联合主办推出的特别节目《开学第一课》是新学期非常有意义的第一课，今天我们召开的新生安全教育大会是一堂恰逢其时的
“安全第一课”，为全体新生平安学习和生活创造了良好环境，为我校平安校园建设注入了“新活力”。
作者：保卫处

赵争

编辑：赵珣

编审：孟宪勇


",,18,https://www.suet.edu.cn/info/1026/2568.htm
北京科技职业学院于鑫祥副校长一行来我校考察调研, 发布时间: 2019-09-04,"
9月4日上午，北京科技职业学院于鑫祥副校长一行4人来我校考察调研。学校党委书记胡小林、校长吴梦军等领导热情接待了于鑫祥副校长一行。双方在卓越楼五楼第一会议室进行了座谈交流。
首先，双方领导共同观看了山东工程职业技术大学宣传片，随后吴梦军校长详细介绍了学校基本情况。于鑫祥副校长对我校先进的教学实验实训设备和办学经验，以及校企融合，产、学、研一体化的人才培养模式给予了充分肯定。胡小林书记指出，北京科技职业学院和我校在办学定位、办学思路、办学特色上都十分相似，两校都始终坚持全面贯彻党的教育方针，以党建促发展，努力培养担当民族复兴大任的时代新人，培养德智体美劳全面发展的社会主义建设者和接班人，未来双方可以求同存异，互相吸取经验教训，促进双方共同发展。
于鑫祥副校长对我校领导的热情接待表示衷心的感谢，并希望两校进一步加强深层次交流，共同探索新时代民办教育发展的新路径，为民办教育事业做出新的贡献。
作者：党政办公室

王允芹

编辑：赵珣

编审：汪少龙
",,18,https://www.suet.edu.cn/info/1026/2567.htm
中华职教社党组成员、副总干事杨农一行来我校考察调研, 发布时间: 2019-09-05,"
9月5日上午，中华职教社党组成员、副总干事杨农等一行3人来我校考察调研。学校党委书记胡小林、校长吴梦军等领导热情接待了杨农副总干事一行。
来宾们在校领导的陪同下参观了土木工程训练中心、汽车工程训练中心、机械工程训练中心、鼎利学院、甲骨文
IT云教育中心等实验实训场所。杨农副总干事是第二次来我校参观考察，对我校的巨大变化表示惊叹，
并
对我校升格为本科
层次职业教育试点院校
，更名为山东工程职业技术大学表示祝贺。
随后，双方在卓越楼五楼第一会议室进行座谈交流。杨农副总干事
表示，
中华职教社已经走过了百年历史，是党和政府团结、联系职业教育界和民办教育界有关人士的桥梁和纽带，山东工程职业技术大学
多年来深耕职业教育领域，
坚持
“工程性，融合型”的特色办学思路，走出了一条以工科为主，工、管、艺、经多学科专业协调发展，注重内涵建设的发展道路。如今学校办学层次实现了质的跨越，需要更多
地
兼顾人文教育的发展。他结合中共中央办公厅、国务院办公厅印发的《关于实施中华优秀传统文化传承发展工程的意见》，建议我校以中华优秀传统文化为载体，为学生省思人生价值、提高批判思维和创造力营造有利环境。
最后，杨农副总干事对我校的热情接待表示感谢，并希望今后进一步加强交流与协作。
作者：党政办公室

王允芹

编辑：赵珣

编审：汪少龙
",,18,https://www.suet.edu.cn/info/1026/2566.htm
我校隆重举行2019级新生军训总结大会暨开学典礼, 发布时间: 2019-09-06,"
9月
6
日上午，我
校
201
9级
军训总结大会
暨开学典礼
在校体育场隆重举行。
校长
吴梦军，党委书记胡小林，

中国人民解放军
32101部队副政委张振中，副
校长
张有志、
林玉贵、张诚、李章泉、
王守光、李梅松
以及
各学院
院长出席本次军训总结大会
。大会由党委书记胡小林主持。
上午
9时，
在庄严的
国歌声
中
，五星红旗冉冉升起，
201
9级
新生军训总结表彰大会正式拉开帷幕。
校长
吴梦军走下主席台检阅新生军训方队。
2019级新生
新生
斗志昂扬、目光坚定，充分展示出
10多天的军训成果和山东工程学子的风采。阅兵式结束后，各
方队开始进行
分列式表演，一支支英姿飒爽、军容严整的军训队伍迈着整齐划一的步伐，高喊嘹亮的口号，依次走过主席台接受检阅。紧接着，
军训汇报表演
开始。
首先是新生方队挥舞着彩旗为大家带来的整齐划一的旗语操表演；在部队教官的指导下
，
擒敌拳的表演气势磅礴，尽展新一代
山东工程学子
的阳刚之气；
健美操
表演展青春风采，将表演气氛推向高潮
。

副校长李梅松宣读《山东工程职业技术大学关于表彰
2019级新生国防教育训练先进连队、优秀标兵和内务优秀宿舍的决定》
。先进连队代表、优秀标兵代表和优秀宿舍代表依次上台领奖。
中国人民解放军
32101部队副政委张振中讲话，他对我
校
201
9
级新生在军训中的表现表示肯定，对各方队的军训总结表演深表满意，并对他们提出殷切的希望。
教师代表李娜
、
老生代表钟明山同学
、
新生代表郭贝雨同学
依次
发言
后，校长
吴梦军向承训部队赠送锦旗
。吴校长在讲话中，
向
精心组织、安排和指导本次军训工作的
承训部队表示感谢
，向出色完成军训任务的同学们表示诚挚的慰问，同时向获得嘉奖的连队和个人表示真诚的祝贺。
同时，
吴校长
对
201
9
级新生提出几点希望：第一，希望
他们
志存高远，肩负起新时代的使命
；
第二，希望
他们
严于律己，全面发展成长成才
；
第三，希望
他们
脚踏实地，努力夯实专业基础
。吴校长指出，青春是用来奋斗的，青春是用来绽放的，希望同学们珍惜宝贵的大学时光，用创新创造去延续明天的辉煌，用奋斗拼搏为实现中华民族伟大复兴的中国梦贡献力量。
再过几天就是第
35个教师节，吴校长代表学校向不辞辛苦、辛勤耕耘的老师们致以节日的问候。最后，祝愿同学们在“山东工程”这个大家庭中学习进步，生活愉快，梦想成真。
至此，
我校
201
9
级新生军训工作圆满结束
。军训作为新生入学的第一课，必将帮助
2019级新生顺利开启大学生活新的精彩篇章。
作者：文化宣传处

赵珣

编辑：赵珣

编审：汪少龙
",,18,https://www.suet.edu.cn/info/1026/2564.htm
努力把“全国试点”办成“全国示范”我校举行新学期全体教职工大会, 发布时间: 2019-09-06,"
“按照‘对标、优化、整合、提升’的工作思路，扎实有序推进本科层次职业教育试点工作，努力把‘全国试点’办成‘全国示范’。”9月5日下午，我校在诚基楼学术报告厅举行新学期全体教职工大会，校长吴梦军作重要讲话，向全体教职工发出建设高水平职业技术大学总动员令。大会由党委书记胡小林主持。副校长张有志、林玉贵、张诚、李章泉、王守光，总会计师吴清莲，校长助理钮平章，校长助理兼工会主席刘国栋在主席台就座。
下午
2时，大会开始。首先由副校长张有志宣读《山东工程职业技术大学关于表彰2018年度优秀教职工的决定》，92名优秀教职工分批依次上台领奖，校领导为他们颁发荣誉证书。
在热烈的掌声中，吴梦军校长发表重要讲话。她首先简要总结了学校上半年工作情况，对学校在教育教学、科学研究、技术服务、管理水平、基础设施、党的建设等方面取得的成绩予以充分肯定。吴校长同时指出，在看到成绩的同时，我们更应该清醒地认识到差距和不足。本校的人才培养体系、本科思维意识、教学改革、科技研发、课程设计、校企合作、社会服务、实习实训、硬件条件、制度建设、管理水平、后勤保障、师生满意度等方面离高水平职业技术大学还有一定差距。我们要以
“壮士断腕”的气魄进行改革，解放思想，大胆创新，拿出切实措施加以解决。要避免走老路、弯路，缩短过渡期，真正实现事业发展上的“弯道超车”。
吴校长指出，新学期将紧紧围绕试点工作这一核心任务，坚持以教学工作为中心，不断加强内涵建设，全面提升教学质量和育人水平。具体说来，要扎实做好以下六方面工作：一是深刻认识新时代职业教育发展的新方位、新坐标；二是全面深化教学改革，提升人才培养质量；三是全面做好科研及成果转化、社会服务等工作；四是坚持
“人才强校”战略，建成适合学校长期发展的师资队伍；五是强化党建引领，持续做好大学生思想政治工作；六是强化服务意识，完善办学条件，全面提升师生满意度。
吴校长强调，作为试点院校，我们应把握大好机遇，走在前列，全力打造职教改革样板，力争
3-4年时间，向第一梯队迈进，争创中国特色高水平高职学校和骨干专业（群），并且要有雄心壮志迈进更高层次，争取专业学位研究生培养资格，成为名副其实的职业技术大学。下一步，学校将研究制定《关于实施职业本科教育建设的意见》，从顶层设计上加强对试点工作的把控和指导。评估督导处和教务处要牵头制定评价指标体系，在专业及课程建设、理论研究、教学资源、实训体系、师资队伍、技能培训等方面出台相关政策和措施，进一步明确时间、任务、目标、投入、验收等。
吴校长强调，站在新起点，怀揣新梦想，开启新征程。学校的发展壮大必须依靠全体师生员工的共同努力。
“大河有水小河满”，我们是一个大家庭，是命运共同体，只有学校发展越来越好，大家的获得感和幸福指数才能逐步提升。搞好职业本科试点工作，我们既要满怀信心、登高望远，又要脚踏实地、勤奋工作。在学校党委、行政的坚强领导下，紧紧围绕奋斗目标，进一步增强忧患意识、机遇意识和攻坚意识，以永不懈怠的精神状态、一往无前的奋斗姿态，不驰于空想，不骛于虚声，一步一个脚印，踏踏实实干好工作，以改革创新精神推进高水平职业技术大学建设，努力把“全国试点”办成“全国示范”。
党委书记胡小林作总结讲话。他指出，对于高职高专教育，我们积累了很多经验，这些都为做好职业本科教育打下了良好基础。在今后的试点工作中，全体教职工要以高度的责任感和紧迫感，倍加珍惜来之不易的发展机遇，严格落实
“对标、优化、整合、提升”八字方针，重点围绕“提升”二字做文章，更新观念，克服工作惰性和思维惯性，用新的工作标准要求自己，提升教学、管理水平。要牢固树立“以学生为本，以教师为主体”的办学理念，大力加强课程建设，用培养工程师的标准开展理论、实践教学，增强学生发展后劲。要充分发挥我校体制机制灵活的优势，要敢于打破常规，有一些颠覆性的思路和做法，为国家职业教育体制机制改革探索新思路、新模式、新方法。新学期，新气象，全体教职工应围绕创建高水平职业技术大学这一宏伟目标，同舟共济，锐意进取，树立“命运共同体”意识，以主人翁的姿态，投入到工作中去，实现自己的人生价值，共创“山东工程”新的辉煌。
作者：文化宣传处

汪少龙

编辑：赵珣

编审：
孟宪勇

",,18,https://www.suet.edu.cn/info/1026/2565.htm
"""庆祝新中国七十华诞，弘扬新时代尊师风尚”——我校召开庆祝第35个教师节座谈会", 发布时间: 2019-09-11,"
为庆祝第
35个教师节，进一步凝心聚力全面开启建设特色鲜明的职业技术大学新征程，9月10日下午14时，我校在卓越楼第一会议室召开了庆祝第35个教师节座谈会。出席会议的领导有党委书记胡小林，校长吴梦军，副校长林玉贵、张诚、李梅松等。部分处室负责人、教师代表、辅导员代表、行政部门代表参加了此次座谈会。会议由党委书记胡小林主持。
座谈会上，吴校长首先致辞，她代表学校党政班子领导向全体教职员工表示节日的祝贺！吴校长指出，学校更名为山东工程职业技术大学，成为全国首批本科层次职业教育试点院校，我们在庆祝节日，回顾成绩的同时，应进一步认清形势，树立危机感、责任感和使命感，应以更加昂扬的精神状态，积极投身到学校各项工作中去。
“庆祝新中国七十华诞，弘扬新时代尊师风尚”是今年教师节的主题，吴校长围绕节日主题指出全体教职工要全面落实立德树人任务，身正学高、行为世范，关爱学生成长，真正做到传道授业解惑。她希望全体教师能够志存高远、脚踏实地、齐心协力、为学校更好更快发展做出新的贡献。吴校长的讲话，让教职工们感到温暖和自豪，是给教职工们最好的节日祝福；而吴校长的希望和建议，则给予了教职工更大的鼓舞和干劲！
随后是教职工代表发言，分别由新聘教师代表司文召、老教师代表韩蕾、辅导员代表李鹏飞、行政人员代表刘烁发言。他们从自己的工作经验和教学经历出发，诉说着从教以来的感悟和喜悦。接下来，校领导与参会教职工们展开座谈交流，与会人员纷纷表示，新学期、新起点、新征程，作为山东工程这个大家庭的一员，每一位教职工都应弘扬高尚师德、潜心教书育人，为学校发展做出新的贡献。
最后，胡书记在总结讲话中要求大家要认真学习《教育学》、《心理学》、《教学论》等理论知识，并灵活运用到实际教育教学工作中；不断改进教学方法和授课技巧，在利用信息化教学手段的同时，注重传统授课方式培养学生的思维、思辨能力，挖掘学生发展潜力；不断加强课程建设，构建新的职业本科人才培养体系，全面提高育人质量。胡书记强调，老师们茁壮成长，学校的明天才会越来越好，希望大家共同努力，共建美好校园。
大会在祥和的气氛中圆满结束，广大教职工深受鼓舞，为学校教育事业开创崭新局面奠定了坚实基础！

作者：党政办公室

王允芹

编辑：赵珣

编审：魏本江

",,19,https://www.suet.edu.cn/info/1026/2563.htm
学校召开新聘任干部集体谈话会, 发布时间: 2019-09-12,"
9月11日下午，我校召开新聘任干部集体谈话会。会议由党委书记胡小林主持。学校党政领导、新聘干部出席了本次会议。会上，人事处处长张娜宣读了《山东工程职业技术大学管理干部任职的通知》，组织统战部部长张彦卿宣读了《中共山东工程职业技术大学委员会关于韩启斌等同志党内职务任职的通知》，校长吴梦军作了重要讲话。
吴梦军校长指出，此次干部聘任，是学校强化组织建设，促进学校各项事业发展的重要举措。在干部聘任过程中，学校党政领导广泛征求各方面意见建议，广大干部职工顾全大局，学校严格干部选拔任用程序，按照适岗性原则推进干部聘用工作，一批政治素质过硬、作风务实、责任意识强、师生满意率和组织推荐率高的干部走上了新的领导岗位，为学校各项事业发展注入了新动力，激发了新活力。希望新聘任的干部勇于担当、恪尽职守、各尽其才、各施其能，为推进学校高水平职业本科建设贡献智慧和力量。
胡小林书记强调，职位即职责，新聘任干部要做讲政治、有担当、有纪律、有修养的好干部。讲政治就是要按照学懂弄通做实总要求，认真学习贯彻落实习近平新时代中国特色社会主义思想，要进一步树牢
“四个意识”，坚定“四个自信”，坚决做到“两个维护”，并将此作为看问题、办事情、做决策的根本标准；要始终做到对党、对学校忠诚，不折不扣落实党的教育方针政策，不折不扣执行学校党委和行政的部署要求；要全面完整准确运用好民主集中制这一党的根本组织制度和领导制度，切实提高管理水平。有担当、有纪律、有修养，就是要在其位谋其事，充分发挥主观能动性，创造性地推动工作；要强化责任担当、真抓实干、扑下身子、扑到一线，深入细致抓教学、抓科研、抓管理；要敬畏岗位、敬畏权力、敬畏组织，强化规矩意识，把纪律挺在前面，清正廉洁，锤炼作风，率先垂范，知行合一；要创新管理方法、体现管理艺术，推进学校各工作领域科学管理、民主管理。
新岗位展现新气象，新使命激发新作为。让我们守正初心、上下同心、携手并进、共同努力，用良好的工作业绩提升归属感、获得感、成就感、幸福感，把山东工程这个我们心中共同的家园建设得更加美好。
作者：人事处

刘大萌

编辑：赵珣

编审：魏本江

",,19,https://www.suet.edu.cn/info/1026/2559.htm
我校召开迎接新中国成立70周年安全稳定工作会议, 发布时间: 2019-09-12,"
9月11日
下午，我校召开
了
迎接新中国成立
70周年安全稳定工作会议，安排部署全力做好新中国成立70周年学校维稳工作，推进新学期安全稳定工作持续向好，以优异的成绩迎接新中国成立70周年。会议在
卓越楼
五楼
第一
会议室举行，学校
党委书记胡小林、副校长李梅松、相关处室
主要负责人
、二级学院
分管学生工作的副
院长、学管科长参加
会议，会议由
李梅松
副校长主持。
会上，安全保卫处处长
徐永帅
传达了山东省学校安全稳定工作会议
精神，会议要求，
当前这段时期，要时刻绷紧安全这根弦，守住安全事故的
“高压线。各地各学校要强化使命担当，克难奋进，扎实工作，切实做到“六个坚决防止”，严格落实“六个第一时间”要求，实现“三个确保”的工作目标
。
随后，李梅松
安排部署了
“山东工程职业技术大学迎接新中国成立70周年安全稳定工作实施方案”。方案要求
，
安全稳定工作要坚持
“党政同责、一岗双责、管业务必须管安全”的原则；立即启动
进行一次全面的校园安全大检查，深入排查，消除安全隐患
；
确保学校系列活动安全顺利进行，确保一系列重要节点、敏感时期平稳渡过，确保学校各项工作持续安全稳定。
最后，
胡小林
强调要确保
“新中国成立70周年”大庆期间学
校
的安全稳定，加强校内安全
管控
，全面提高广大师生员工识别、应对、防范安全风险的能力，不断增强做好学
校
安全稳定工作的责任感
、
使命感
，
各部门
、
各单位要
密切配合形成合力，营造和谐、安全、稳定的政治环境，以优异成绩迎接新中国成立
70周年。
作者：保卫处

杨振宇

编辑：赵珣

编审：魏本江
",,19,https://www.suet.edu.cn/info/1026/2560.htm
喜讯：我校教师在全市教育大会上获多项荣誉, 发布时间: 2019-09-12,"
在第三十五个教师节到来之际，
2019年全市教育系统先进集体和先进个人表彰大会于9月10日召开。我校教师韩启斌获“济南市优秀教育工作者”荣誉称号，马玉英荣获“济南市优秀教师”荣誉称号，滕翔睿获得“济南市优秀班主任”荣誉称号。
省委常委、市委书记王忠林出席会议并讲话，市委副书记、市长孙述涛主持会议，市人大常委会主任殷鲁谦，市政协主席雷杰，市委副书记苏树伟等出席会议，并为济南教育系统先进集体、先进个人及
“最美教师”代表颁奖。
韩启斌同志在平凡的工作岗位上始终如一，严谨求实，勤奋刻苦，兢兢业业，全面的完成各项工作任务；作为一名教育工作者，他时时处处以党员的标准严格要求自己，在政治理论学习、办公室管理工作、服务学生工作、遵纪守法等各方面都较好的发挥着共产党员的先锋模范作用，以饱满的工作热情、扎实的工作作风、优异的工作成绩，赢得了学校领导、师生员工的普遍好评。
2011年荣获济南市教育系统“优秀共产党员”称号，先后荣获校级“优秀教职工”、“优秀共产党员”、“优秀领导干部”、“优秀党务工作者”等荣誉称号。
马玉英同志入职以来忠诚党的教育事业，始终以一个优秀教师的标准严格要求自己，在工作中，始终坚持以教学为中心，以科研为先导，教学与科研结合，促进自身业务水平的提升。先后荣获山东省高等学校科学技术三等奖、济南市青年技术创新能手、优秀指导教师荣誉称号、
“最美教师”、校级“十大师德标兵”、校级教学技能比赛一等奖和二等奖、校级优秀个人、校级技能比赛优秀指导老师。
滕翔睿同志一直认真地探索着如何做好辅导员工作，多次被评为校级
“优秀教职工”、“优秀共产党员”等荣誉称号。在工作实践中，他体会到，当好一名辅导员并不是一件容易的事情，但也不是做不到的事情。他不断探索班级管理的方法和途径，慢慢地形成了自己的工作风格，形成了自己德育工作的特色，所带的班级曾荣获优秀班集体等。
作者：组织统战部

张彦卿

编辑：赵珣

编审：汪少龙
",,19,https://www.suet.edu.cn/info/1026/2561.htm
章丘副区长蒋奇一行来我校考察调研, 发布时间: 2019-09-17,"
9
月
17
日
上午
，
章丘副区长蒋奇一行
4
人
来
我校考察
调研
。学校
副校长张诚
等领导热情接待了
蒋奇副区长
一行。
来宾们在校领导的陪同下参观了
机械工程训练中心、鼎利学院
等实验实训
场所
。
蒋奇对我校教、学、产、研一体化的实验实训基地以及
“四真四化”教学模式给予充分肯定。
随后，双方在卓越楼五楼第一会议室进行座谈交流，会议由副校长张诚主持。蒋奇
表示
，新时代背景下
“工业强国”、“中国智造”、“中国创造”等战略发展急需大量的高素质技术技能型人才，学校与企业之间深度合作、科技创新、产教融合是新形势下解决上述问题的重要抓手，也顺应了时代发展脉搏。章丘区的工业产业基础良好，希望与山东工程一起寻找合作点，整合、利用好院校科技创新软硬件资源，促进校地校企科技创新合作。
张诚
指出
，高校的发展离不开地方政府的支持和鼓励，我校将一如既往地服务章丘区域经济发展。作为全国首批本科层次职业教育试点院校，我校将不断创新校企合作模式，
积极推进新工科建设，
通过技术研发、技术革新引领企业发展，
提高
人才培养质量、重构人才知识体系、创新教学方式与技术、实现校企深度融合。
作者：党政办公室

王允芹

编辑：赵珣

编审：汪少龙
",,19,https://www.suet.edu.cn/info/1026/2558.htm
我校召开“不忘初心、牢记使命”主题教育工作会议, 发布时间: 2019-09-19,"
为进一步
深入贯彻落实习近平总书记关于
“不忘初心、牢记使命”主题教育的重要讲话和重要指示批示精神，
根据
市委教育工委、市教育局党组《关于开展
“不忘初心、牢记使命”主题教育的实施方案》
的
要求，
9月18日下午，我校
在卓越楼
五楼
党员活动室
召开
了
“不忘初心、牢记使命”主题教育工作会议，
安排部署主题教育工作
。
我校
党委书记胡小林同志出席会议并作动员部署，
市委教育工委第
四
巡回指导组组长于春祥同志
出席会议并讲话
，会议由
副校长林玉贵主持。此外，参加
会议的
还
有校党政领导班子成员、各党总支、支部书记、学校处级以上领导干部和全体党员。
根据党的十九大部署，党中央决定以县处级以上领导干部为重点，在全党开展
“不忘初心、牢记使命”主题教育。今年5月，中央先后印发关于在全党开展主题教育的意见，召开了主题教育工作会议。9月7日，“不忘初心、牢记使命”主题教育第一批总结暨第二批部署会议在京召开，对第二批主题教育作出明确要求。9月
16
日，我校党委常委会议研究确定了学校开展主题教育的实施方案。此前，学校党建专题会多次研究主题教育有关工作，各基层单位也结合实际积极行动。市委教育工委对实施方案的制定以及开展主题教育的各项准备工作给予了悉心指导。这些都为学校正式启动
“不忘初心、牢记使命”主题教育做了必要准备。
胡小林在讲话中指出，不忘初心、牢记使命，是加强党的建设的永恒课题，也是全体党员、干部的终身课题。全体党员干部要深入学习领会习近平总书记重要讲话精神，增强对习近平新时代中国特色社会主义思想的政治认同、思想认同、理论认同，切实把思想和行动统一到党中央决策部署，省委、市委工作要求和市委教育工委工作部署上来，为依法履行人民教师职责，更好服务我校职业本科建设提供坚强政治保证。
胡小林表示，要准确把握开展主题教育的目标要求，进一步理清思路、明确方向，注重解决实际问题。全体党员干部要深刻理解、全面把握
“守初心、担使命，找差距、抓落实”的总要求，将其贯穿主题教育全过程。我校各级党组织要紧紧围绕中央和省、市、市委教育工委、市教育局的要求，结合我校工作实际，着力解决我校基层党组织建设、教师队伍建设、意识形态工作、学生社团工作中存在的突出问题。
胡小林对扎实落实主题教育各项重点措施进行了部署。他指出，要扎实推动学习教育、调查研究、检视问题、整改落实有机融合、贯穿始终，确保各项任务安排落到实处。
第一，抓好学习教育。要聚焦初心使命，扎实开展自学、集中研讨学、推动广泛学、抓好教育培训，学思践悟、入脑入心、笃行致用，领悟初心使命，增强党的意识，坚定理想信念，自觉对表对标、及时校准偏差，努力做到理论学习有深度，思想认识有高度，落实工作有力度，服务群众有温度。第二，抓好调查研究。要突出问题导向，积极改进调研方式，听真话、察实情、谋实招，对调研中发现的涉及学校发展和师生员工切身利益的重大问题，要提出处理意见，及时分析研究，形成具体建议，报办公室，为领导今后工作作决策参考。校领导班子成员要在学习调研的基础上讲好专题党课。第三，抓好检视问题。要以刀刃向内的自我革命精神，广泛听取意见，深入开展
“七查七看”。要认真研究收集到的意见建议、查摆出的问题不足，聚焦精神不振、能力不足、作风不实等突出问题进行检视和反思，对症下药，切实把问题解决好。
第四，抓好整改落实。党政领导班子和全体党员干部要强化责任担当，坚决推动问题整改落地。
要结合市委确定的
10个专项整治项目，针对我校实际，制定专项整治项目。从严抓专项整治，列出清单、建立台账，实行动态管理、销号管理，
项目化推进
。要建章立制，
严肃查处，并定期通报
。召开专题民主生活会，运用学习调研成果，针对检视反思的问题，联系整改落实情况，认真开展批评和自我批评，达到红脸出汗、排毒治病的效果
。
胡小林强调，这次主题教育时间紧、任务重、要求高。党委和校各级党组织要摆上重要议事日程，加强组织领导，坚持以上率下，强化宣传引导，做好结合文章。针对我校当前面对的重点工作，高水平专业群建设、品牌专业群建设、民办高校基础能力建设项目、科技成果转化、
“1+X”证书试点等，在主题教育中
深入
研究探讨，
并
加以解决。要结合各单位
的
工作特点找问题，不能
“天上飘”，要“扎下根”，防止出现学习教育与工作“两张皮”现象，切实把主题教育成效体现到推动学校高质量发展上，真正做到“两手抓、两促进”。在我校职业本科教育的开局之年，以主题教育的实际成效，为实现学校新的发展目标凝心聚力，以优异成绩庆祝新中国成立70周年。
按照中央部署和省委、市委、市委教育工委、市教育局要求，市委教育工委、市教育局党组第四巡回指导组对学校主题教育进行全程指导。第四巡回指导组于春祥
组长
对
学校
下一步落实主题教育各项任务提出二
点
意见：一是
准确把握主题教育基本要求。
深入学习贯彻习近平新时代中国特色社会主义思想
，
要在学懂弄通做实
上下功夫，认真贯彻落实
“守初心、担使命，找差距、抓落实”的总要求。二是
紧密联系实际，推进主题教育。
学校党委要高度重视、认真履行主体责任，确保主题教育高质量开展。学校领导班子和领导干部要坚持更高标准、更严要求，充分发挥示范带头作用。高校的主题教育直接面向基层组织、师生党员开展，要坚决防止脱离实际、脱离群众，坚决防止
“两张皮”。坚持高起点高标准，统筹推进四项重点措施。要把学习研讨、调查研究、检视问题、整改落实四项重点措施贯穿始终，学做结合，查改贯通，推动主题教育高起点开展，高标准推进，取得扎扎实实的成效。
林玉贵在主持会议时要求，全体党员干部一定要认真学习、深刻领会本次工作会议精神，不折不扣落实到位。要以高度的责任感、紧迫感和使命感，准确把握主题教育的根本任务、总要求和具体目标，从
认识深、行动快、互动勤、要求严、工作实、信念牢等六
方面出发，扎实推进主题教育的工作安排，以更大的担当、更大的作为、更实的举措，真正把主题教育开展融入到学校建设职业本科教育的生动实践中。
作者：
夏娟娟

编辑：赵珣

编审：汪少龙

",,19,https://www.suet.edu.cn/info/1026/2557.htm
“本科层次职业教育研究与实践”开题会议在我校举行, 发布时间: 2019-09-20,"
9月20日上午，由我校校长吴梦军教授主持，山东外国语职业技术大学、山东外事职业大学和我校共同承担的山东省职业教育教学改革研究委托项目
——“
本科层次职业教育研究与实践
”
开题论证会议，在我校卓越楼第一会议室举行。原山东省教育厅副厅长巡视员宋承祥教授、山东农业大学原校长助理王汉忠教授、山东省教育科学研究院院长申培轩教授、山东青年政治学院党委书记鹿林教授等组成的专家组，以及三校课题组成员共计二十余人参加开题会议。
会议伊始，
学校副校长李章泉教授介绍参会专家与课题组成员。学校党委书记
胡小林代表学校致辞，对莅临会议的开题专家表示诚挚谢意，对合作院校的课题组成员的到来表示热烈欢迎，对课题研究成果表示期待，并介绍了山东工程职业技术大学升本后的发展概况。之后专家组组长宋承祥教授主持开题论证会。
课题主持人吴梦军教授代表课题组向与会专家详细汇报了课题的研究设计和研究计划。她从选题依据、研究目标、研究内容、研究的思路方法和研究技术路线、研究阶段、进度安排和预期成果等方面作了全面的阐释说明。
吴梦军教授指出
，
本课题是一项具有重要实践内容的应用性研究，目的是为全国的本科层次职业高校建设与人才培养，探索一种区别于以往高等教育的办学范式和形成一批理论研究成果。该课题力争在高职教育办学模式方面有所突破，争取对已有理论研究成果提供新的视角，对实践过程提供可借鉴的程式。课题成果期望对建立本科层次职业教育办学规范、专业标准、质量评价体系等提供参考案例。
与会专家高度评价了课题组所做的前期准备工作，大家一致认为开题工作准备充分，材料完整；课题研究指导思想和原则有利于课题研究的开展；课题研究路径设计思路清楚，对定性本科层次高职特征提出了一种新探索；课题研究坚持实践的观点，围绕各种方案的实践开展，进行了制度设计和伴随研究计划，能够为实践有效进行和总结提升提供保证；课题成果设计既有理论研究成果，又有人才培养方案、专业标准、课程标准、管理标准等实践成果，理论创新和实践创新兼备，是一个合理可行的方案。同意按照开题方案开展研究工作。专家还从不同角度对该课题的研究思路和具体研究方法提出了许多建设性意见和建议，课题组将根据专家论证意见进一步修改完善研究方案，尽快展开研究工作。
作者：刘欣

编辑：赵珣

编审：汪少龙
",,19,https://www.suet.edu.cn/info/1026/2554.htm
山东省“知名教授讲授团”组建座谈会在我校召开, 发布时间: 2019-09-20,"
为充分发挥离退休老专家、老教授的智力资源优势、教育智库优势，为高校人才培养更好服务，山东省老教授协会决定组建
“知名教授讲授团”。9月19日上午，山东省“知名教授讲授团”组建座谈会在我校召开。出席会议的有老教授协会副会长兼秘书长毛有高，副会长李永清、方宏建、魏金陵、胡昇秀、周桂珍等11名成员，我校党委书记胡小林、校长吴梦军及11所省内民办高校代表参加了此次座谈会。会议由副会长胡昇秀主持。
首先，校长吴梦军致欢迎词。吴校长对与会专家、领导的到来表示欢迎，并围绕
“对标、优化、整合、提升”的职业本科教育试点工作思路详细介绍了我校试点工作开展情况，以及学校下一步发展规划。她
表示
，学校将根据现有专业基础、办学特色、区域经济发展需要等，进一步深化产教融合、校企合作，不断提升专业建设水平，健全徳技并修、工学结合的育人机制，提高人才培养质量。
随后，副会长毛有高介绍了老教授协会
的
创办宗旨、职责范围、近年来发展建设情况。他表示组建
“知名教授讲授团”，对于加强高校思想政治教育，落实立德树人根本任务具有重要意义，下一步协会将充分发挥桥梁纽带作用，采用知名教授大讲堂、思政教师师资培训等多样化方式，与高校开展合作，积极做好服务工作。
副秘书长张友谊在会上传达学习了中办、国办《关于深化新时代学校思想政治理论课改革创新的若干意见》精神。副会长李永清详细介绍了组建
“知名教授讲授团”的初衷和意义，并介绍了第一批讲授团成员基本情况。
随后，与会人员围绕会议主题进行座谈交流。各高校代表依次发言，具体介绍了本校思想政治工作开展情况
。
他们表示
，
知名教授进高校对于丰富思政课优质教学资源，促进思政课教师能力水平提升、培育马克思主义理论人才队伍，牢牢把握意识形态工作的前沿阵地具有积极的推动作用，学校将大力支持、配合老教授协会工作。
最后，副会长毛有高作总结讲话，他指出立德树人是高校的根本任务，用新时代中国特色社会主义思想铸魂育人
,引领四个自信,厚植爱国主义情怀,是新时代高校育人的重要使命，需要大家共同努力。他对这次会议的召开给予充分肯定，表示老教授协会将继续为服务高校作出应有的贡献。

作者：党政办公室

王允芹

编辑：赵珣

编审：汪少龙

",,19,https://www.suet.edu.cn/info/1026/2555.htm
我校举行现代艺术学院成立大会暨授牌仪式, 发布时间: 2019-09-20,"
9
月
19日下午，山东工程职业技术大学现代艺术学院成立大会暨授牌仪式在诚基楼学术报告厅举行，党委书记胡小林，校长吴梦军，副校长张有志、林玉贵、张诚、李章泉，现代艺术学院执行院长宿立优以及学校师生代表出席大会。会议由党委书记胡小林主持。
首先，副校长张有志教授宣读《山东工程职业技术大学关于成立现代艺术学院的通知》。
校长吴梦军向新成立的现代艺术学院表示祝贺，她指出
，
成立
现代艺术
学院是适应时代需要，审时度势之举，是学校结合国家大力发展文化产业政策，立足职业本科教育新起点，谋求长远发展，开创新局面的重大举措，也是学校内涵发展的需要。她希望现代艺术学院加强班子建设，增强担当意识；加紧内部整合、调整，带好班子，带好教师队伍；工作中要大胆创新，积极探索产教融合、校企合作人才培养模式的新思路、新路径、新模式，尽快搭建文化产业人才培养、文化创意成果转化和小微文化企业培育平台，
形成自己的办学特色，把改革创新写在现代艺术学院的旗帜上。
授牌仪式上，校长
吴梦军
为现代艺术学院执行院长颁发院牌，并合影留念。
现代艺术学院执行院长宿立优
在
发言
中表示
，
一定会勤勉务实
，
恪尽职守，以十分的热情、百倍的信心和万分的努力投入到学院的发展建设中，始终坚持高起点谋划、高标准推进，力争把现代艺术学院建设成为优秀的艺术人才培养基地。
胡小林在总结讲话中指出，我们要高度重视艺术专业发展和艺术教育，不仅要将现代艺术学院建成文化产业人才培养的摇篮，更要建成我校人文素养精神培育的高地，将审美教育和人文情怀持续滋养于校园文化的有机教育体系中。
作者：人事处

张静静

编辑：赵珣

编审：汪少龙

",,19,https://www.suet.edu.cn/info/1026/2556.htm
我校学子在齐鲁大学生机器人大赛中荣获佳绩, 发布时间: 2019-09-24,"
9月21日-22日，
由山东省科协、山东省教育厅、共青团山东省委、山东省发改委、山东省经信委、山东省人力资源和社会保障厅主办，济南大学、济南市科协和济南机械工程学会承办的
2019年第十一届山东省大学生科技节——“星辉杯”山东省智能制造大赛暨齐鲁大学生机器人大赛在济南大学举行
。
本次大赛学校不分类别、学历不分层次，所有参赛学校、学生同台竞赛。
我校上报的参赛项目中，共
获得自动化机械类一等奖
1项、三等奖1项， 数控车仿真类、solidworks建模类获三等奖。
比赛于今年
4月份启动，分预赛和决赛两个阶段。在承办单位和各高校的精心组织下，广泛发动，着重突出了比赛的互动性和广泛参与性，共选送了2167项优秀作品报名参赛。经过项目预选、初赛和决赛等层层选拔，共有山东大学、山东理工大学、山东交通学院等80余家参赛单位选拔的720项作品参加今天决赛的现场角逐。
“星辉杯”山东省大学生智能制造大赛暨齐鲁大学生机器人大赛
是
山东省大学生科技节的重要赛事之一，目的在于引导和培养学生的创新设计意识、综合设计能力与团队协作精神
。
作者：
机械工程训练中心

南庆霞

编辑：赵珣

编审：汪少龙
",,20,https://www.suet.edu.cn/info/1026/2551.htm
我校三项目在全国3D大赛中荣获特等奖, 发布时间: 2019-09-24,"
9月19-21日，由中国图学学会、国家制造业信息化培训中心、光华设计发展基金会等单位共同主办,教育部、科技部、工信部、中国科协等指导的第12届全国三维数字化创新设计大赛山东赛区决赛在齐鲁工业大学举行，
我校机械工程学院
参赛的三维数字设计虚拟仿真项目
玫瑰去刺机，
仓储货物智能分拣小车和多用途智能老年代步车
等三个项目荣获特等奖，并将代表山东赛区参加12月举办的全国总决赛
。
本次大赛自
3月份启动，机械
工程
学院通过比赛，在
12件作品中选拔出了6件作品参加省赛，最终3件作品全部入围进入全国3D大赛山东赛区决赛的现场评审阶段。6个月的时间，同学们在各位领导及老师的指导下，将大赛作品与为企业研发的产品相结合，通过了初步概念设计，到二维图纸绘制，再用三维数字化设计来仿真验证产品方案的可靠性，大大缩短了产品的研发周期，通过不懈努力，最终在全国三维数字化创新设计大赛中荣获佳绩
。
机械工程学院
自
2016年起已
连续
四年
代表山东省高校参加全国
总
决赛
并
拿到
5
个二等奖
，
1个三等奖
。
作者：
机械工程训练中心


南庆霞

编辑：赵珣

编审：汪少龙

",,20,https://www.suet.edu.cn/info/1026/2552.htm
我校八千名师生向祖国告白，我爱你中国！, 发布时间: 2019-09-27,"
9月26日晚，“青春为祖国歌唱”山东工程职业技术大学庆祝新中国成立70周年暨2019年迎新生文艺晚会在学校运动场隆重举行。学校副校长林玉贵、李梅松，学校各行政处室及
各
学院领导应邀出席晚会，现场八千
余
师生观看了晚会。

此次晚会以
“青春为祖国歌唱”为主题，庆祝祖国70年华诞，共计
16
个节目。晚会以全场大合唱《我和我的祖国》暖场，全场八千余人共同挥舞着小国旗，如同一片红色的海洋，场面十分震撼。
李梅松首先代表学校致辞，对
2019级全体新生的到来表示热烈欢迎，对新生们在今后大学的学习生活提出殷切希望，向全校师生致以国庆的问候和祝福。他说，今年是新中国70华诞。70年风雨同舟
，
70年砥砺奋进，我们的祖国进入了辉煌的新时代，刷新着一次次中国速度，创造着一个个中国奇迹。伴随着国家的强大，
山东
工
程
人不忘初心
，
奋勇拼搏，不断加强内涵建设
，
全面提升育人质量，实现了一次次办学历程上
的
新跨越。今年
5月，我校正式更名为山东工程职业技术大学，成为全国首批职业本科教育试点院校，开启了学校事业发展的新篇章。希望同学们始终保持拼搏进取的良好心态，刻苦学习
，
勇于创新，不断提高综合素质和能力，始终铭记
“志存高远，追求卓越”的校训精神，争取早日成为祖国的栋梁之才。
晚会开始以
开场舞《撸起袖子加油干》
拉开帷幕，歌伴舞《我和我的祖国》
、
《祖国是一首抒情诗》，优美的舞蹈动人的旋律，深情演绎了我校师生对祖国的热爱；朗诵《青春中国》表演者慷慨激昂
，
感情丰富，博得现场掌声雷动
；
歌伴舞《少年中国说》，热血激昂的歌声配以少年们铿锵有力的呐喊，与百年前的梁启超隔空对话，表现出了我校学
子
发愤图强的精神风貌；歌曲《多情的土地》、舞蹈《芳华》、健美操表演、爵士舞表演、武术表演等一个个精彩的节目将晚会推向高潮。晚会采用演唱会同款四组线阵音箱，同时在新媒体短视频平台进行直播
。
整台晚会既有优美婀娜的舞蹈，
又
有
刚劲有力
的武术表演，还有激情四射的歌声，加上绚烂的烟火以及炫丽的灯光秀，呈现出一场立体视觉盛宴。
本场晚会，我校师生们用自己特有的方式，在全国上下
共庆新中国
七十
华诞
之际，感恩祖国，歌颂祖国，赞美祖国，表达对祖国的美好祝愿，充分体现了我校师生青春昂扬、奋发
向上
的精神风貌。

作者：团委

皮娜

编辑：赵珣

编审：汪少龙

",,20,https://www.suet.edu.cn/info/1026/2550.htm
我校大学生艺术团受邀参加山东省庆祝中华人民共和国成立70周年文艺演出, 发布时间: 2019-09-28,"
9月27日，由中共山东省委宣传部、中共山东省委省直机关工作委员会、山东省文化和旅游厅、山东广播电视台、中共济南市委主办，山东广电传媒集团承办的“五星红旗迎风飘扬”山东省庆祝中华人民共和国成立70周年文艺演出在山东省会大剧院举行，我校大学生艺术团受邀参加演出。
下午
5点，我校副校长李梅松、党政办公室主任韩启斌、团委书记王斌、艺术团指导教师蔡雷停一行到达山东省会大剧院。晚上7点30分，演出正式开始，我校艺术团的同学们共参演了本次演出的《今天是你的生日》、《红旗飘飘》、《沂蒙山永远的爹娘》、《谁不说俺家乡好》、《没有共产党就没有新中国》、《时代号子》等6个节目。
一个月以来，我校艺术团参演学生加班加点，每个动作力求精益求精，并受到了省委宣传部领导、电视台领导、晚会导演组的一致认可与好评，并向我校颁发了
“山东省庆祝中华人民共和国成立70周年文艺演出优秀表演组织奖”，我校副校长李梅松现场上台领奖。
我校艺术团程鹏、牟冠福同学现场接受了山东电视台采访，并表示，作为当代大学生要传承和弘扬老一辈革命先烈的精神，为祖国更加繁荣昌盛作出应有的贡献。
作者：团委

蔡雷停

编辑：赵珣

编审：汪少龙
",,20,https://www.suet.edu.cn/info/1026/2546.htm
我校理事长吴立春先生受邀观礼国庆70周年大阅兵, 发布时间: 2019-09-28,"
10月1日上午，首都各界将举行庆祝中华人民共和国成立70周年大会，天安门广场将举行盛大阅兵式。届时世界各国领导人
、
海外华侨
、
港澳同胞应邀参观大阅兵。我校理事长吴立春先生受邀观
礼
国庆
70周年大阅兵。
吴立春先生毕业于清华大学经济管理学院，硕士研究生，高级工程师。吴立春
先生
事业成功不忘回报社会，与山东大学达成强强联合办学协议
，从此
投身高等教育事业。二十九年栉风沐雨，二十九年砥砺前行，在他的正确领导下，学校
2018年升格为本科层次职业院校，2019年5月正式更名为山东工程职业技术大学，成为全国首批职业本科教育试点院校之一，实现了发展历史上的新跨越。
2019年，
是
新中国
70华诞，也是山东工程职业技术大学本科层次职业教育的开局之年。学校将始终如一地贯彻落实立德树人根本任务，努力培养担当民族复兴大任的时代新人，培养德智体美劳全面发展的社会主义建设者和接班人。
作者：党政办公室
韩启斌
编辑：赵珣

编审：汪少龙
",,20,https://www.suet.edu.cn/info/1026/2547.htm
我校召开机关党总支调整选举大会, 发布时间: 2019-09-28,"
9月28日下午,我校机关党总支调整选举大会在卓越楼第二会议室召开
，
全体党员参加会议。会议由王玉珠主持。
大会在庄严的国歌声中拉开帷幕。张娜同志代表上一届委员会作工作报告。报告从思想政治建设、领导班子建设、党支部建设、制度建设等方面对党总支工作进行了全面回顾和总结，指出了当前面临的形势和机遇。结合我校工作实际，明确提出了今后的发展目标和工作思路。报告强调
，
以高质量党建推进高质量发展
，
坚持以政治建设为统领，围绕
立德树人这一根本任务
，提高服务水平
，
加强制度建设和干部队伍建设，凝
心
聚力，攻坚克难，积极稳妥地推进各项工作，使我校发展更上新台阶。
大会通过了《机关党总支调整委员的选举办法》以及总监票人、监票人、计票人人选之后，采取无记名投票的方式差额选举产生了机关党总支调整后委员会。张娜、王玉珠、张元、杨俊杰、王斌当选为党总支委员。
在完成各项议程后，大会在雄壮的《国际歌》声中闭幕。
会后，中共山东工程职业技术大学机关总支部委员会召开第一次全体会议。按照选举程序，张娜同志为党总支书记，王玉珠同志为党总支副书记。会议明确了党总支委员分工。
作者：王玉珠

编辑：赵珣

编审：汪少龙


",,20,https://www.suet.edu.cn/info/1026/2548.htm
捐资助学送温暖，善心义举暖人心, 发布时间: 2019-09-28,"
近日，济南市章丘区特殊教育学校的一封感谢信送到山东工程职业技术大学思政教学部领导手中，我校思政部青年教师宋洁三次为济南市章丘区特殊教育学校捐赠书籍、油画棒、书柜等学习用品，捐赠价值达
4000元以上。这样的善心义举感动了特殊教育学校的师生，他们对宋洁老师的义举表示衷心的感谢！
宋洁老师毕业于苏州科技大学哲学专业，获得哲学硕士学位。
2015年8月她进入山东工程职业技术大学思政教研室工作，担任思政专业教师至今。据了解，宋洁老师曾经因为现实事例的影响一直想为特殊教育做贡献，而真正的行动始于一次“阴错阳差”，自己多买了书柜，便想为特殊教育学校建立一个小的图书角。之后便断断续续买书籍，在新学期开学之际为特殊教育学校的孩子们送出。“送人玫瑰，手有余香”，宋老师说，“这是一个开始”，今后她也将继续坚持下去，为特殊孩子献上自己的绵薄之力，为他们送去温暖。
“靠近我，温暖你”，宋洁老师的善举感动了特殊教育学校的师生们，也时刻感染着我校师生。捐资助学让爱心和善心得以积聚和传递，让中华民族的传统美德与时俱进，发扬光大。
作者：赵珣

编辑：赵珣

编审：汪少龙


",,20,https://www.suet.edu.cn/info/1026/2549.htm
我校举办“不忘初心、牢记使命”主题教育读书班, 发布时间: 2019-09-29,"
为深入学习贯彻党的十九大精神和习近平新时代中国特色社会主义思想，将主题教育
“读原著、学原文、悟原理”的要求落到实处。我校于9月24日至28日举办了“不忘初心、牢记使命”主题教育读书班，
副校长林玉贵、李梅松
，校长助理、工会主席刘国栋
及
党委各
部门主要负责人参加
了学习
。
此次读书班
以加强理论学习为前提，以
“守初心、担使命，找差距、抓落实”为基础，静心凝神、沉着思考，把学习的过程当作
思想统一、行动看齐、力量凝聚、教育事业推进的过程，
找准精神坐标，打牢思想基础，增强学习贯彻新思想的思想自觉、政治自觉和行动自觉。
强
调
要落实以下五个同步，
学习与分析同步、分析与对标同步、对标与调研同步、调研与整改同步、整改与落实同步。党政领导班子
要系统深入
地
学习习近平新时代中国特色社会主义思想，更好地用党的创新理论武装头脑、指导实践，加快推动
职业本科教育的发展。
为确保主题教育取得实效，引领凝聚全校党员干部和师生员工积极投身
到
职业本科大学建设
中
，我校将继续以习近平新时代中国特色社会主义思想为指导，坚定不移
地
办好职业本科大学，牢牢抓住职业教育改革
发展
机遇，使学校又好又快发展。
各基层党组织、入党积极分子也都陆续开展了读书班
学习
活动。
作者：靖雪

编辑：赵珣

编审：魏本江
",,20,https://www.suet.edu.cn/info/1026/2544.htm
我校理事长吴立春先生应邀参加国庆70年华诞系列活动之二, 发布时间: 2019-09-29,"
9月28日，吴立春理事长抵达北京，应邀参加国庆70周年系列活动。
首先，吴立春理事长在北京展览馆参观了
“伟大历程 辉煌成就—庆祝中华人民共和国成立70周年大型成就展”，展览通过对建国以来相关领域取得的150个“新中国第一”的展示，生动再现了新中国70年“时光隧道”的辉煌风貌。
28日晚
,
全国政协办公厅、中共中央统战部、国务院侨办、国务院港澳办、国务院台办和中国侨联在人民大会堂联合举行国庆招待会，庆祝中华人民共和国成立
70周年。招待会由中共中央政治局委员、中央外事工作委员会办公室主任杨洁篪主持，中共中央政治局常委、全国政协主席汪洋致辞。学校理事长吴立春先生应邀出席。
吴立春理事长作为中国海外交流协会常务理事、中国侨商投资企业协会常务副会长、山东省侨商会会长始终与祖国同呼吸、共命运，
把事业的重心落到济南，不断扩大与济南的资金、技术、人才交流合作，共享新旧动能转换国家战略的历史机遇
，为新中国培育
“有理想、有道德、有文化、有纪律”的高素质技术技能型人才。
作者：党政办公室

王允芹

编辑：赵珣

编审：魏本江

",,20,https://www.suet.edu.cn/info/1026/2545.htm
我校钮平章教授应邀出席“推动科技创新 促进动能转换——服务企业万里行”品牌活动, 发布时间: 2019-10-03,"
为深入开展“不忘初心、牢记使命”主题教育，省市科协开展了“推动科技创新 促进动能转换——服务企业万里行”品牌活动，日前，由槐荫区科协主办、济南科学传播协会、山东德迈国际信息产业园承办的“企业机电产品创新设计”培训活动在山东德迈国际信息产业园举办。我校钮平章教授应邀
出席活动并为参加本次活动的一线科技人员、科技管理人员作了以《机电产品创新设计》为主题的专题报告。
报告中，钮平章教授围绕机电创新设计、机械设计技术、机电一体化技术、快速成型技术、三维数字设计与虚拟仿真技术及机电创新设计案例为切入点，结合我校为企业研发的《油田抽油杆防偏磨技术》、《数控防汛钢丝网编织机》等对外技术服务项目，为企业的管理者、科研人员进行了全面讲解。在座谈交流中，钮平章教授解答了科研人员的相关问题，并对企业的创新发展提出了建设性意见。
本次活动现场座无虚席，与会者热情高涨，反响热烈，极大调动了科技工作者的创新热情和创造活力。报告后，与会的科技人员、科级管理人员均对我校开展的科技服务工作给予高度评价。
作者：机械工程训练中心   南庆霞   编辑：赵珣   编审：魏本江

",,21,https://www.suet.edu.cn/info/1026/2542.htm
吴校长寄语, 发布时间: 2019-10-10,"
拼搏青春

出彩人生
亲爱的同学们，欢迎来到山东工程职业技术大学，开启人生新的征程！
每年开学季，看到校园里一张张充满青春活力的崭新面孔，我好像也年轻了许多，同时也感觉到肩上沉甸甸的责任。你们选择了山东工程职业技术大学，几年下来你们会后悔吗？我希望最终的答案是不！希望你们尽快进入新的角色，制定新的规划，描绘新的蓝图，与学校的愿景与努力相向而行，让自己的大学生涯多姿多彩，充实而快乐。
也许，高考成绩下来后，与班上的所谓学霸相比，你感到有点沮丧；也许，你报考山东工程职业技术大学有几分出于无奈，甚至是父母的决定。但是我说，同学们，从你走进大学的第一天起，过去的一页已经翻过，你已不再是昨天的你，你所面对的是一个充满无限希望和可能的未来。
“雄关漫漫真如铁，而今迈步从头越。”今天就是一个崭新的起点，未来之路就在你的脚下。人生是一场持续的追梦之旅，试问十年、二十年后，谁笑到最后，还不一定呢！
近年来，国家对职业教育的重视前所未有，先后出台了系列政策，习近平总书记就加快发展职业教育作出重要指示，要求各级党委和政府要把加快发展现代职业教育摆在更加突出的位置，更好支持和促进职业教育发展。习近平总书记强调，职业教育是国民教育体系和人力资源开发的重要组成部分，是广大青年打开通往成功成才大门的重要途径，肩负着培养多样化人才、传承技术技能、促进就业创业的重要职责，必须高度重视，加快发展，让每个人都有人生出彩机会。特别是随着
2019年1月《国家职业教育改革实施方案》的出台，明确指出“职业教育与普通教育是两种不同教育类型，具有同等重要地位”，我国职业教育迎来了“高光时刻”，职业教育在教育工作全局、在经济社会发展大局中的定位被提升到前所未有的高度。
为了进一步完善职业教育顶层设计，系统构建从中职、专科、职业教育本科到专业学位研究生的培养体系，推动职业教育高质量发展，培养更多高层次技术技能人才，为实现
“两个一百年”奋斗目标和中华民族伟大复兴的中国梦提供坚实人才保障，从2019年开始，我国启动本科层次职业教育试点。山东工程职业技术大学作为全国首批15所职业本科试点院校之一，精心筹划，抢抓政策红利期与发展机遇期，开启“二次创业”新征程，豪情满怀地向着职业教育广阔的蓝海，再次扬帆启航！
同学们，大学是人生重要节点，你们又重新站在了同一个起跑线上，为即将独立进入社会做最重要的准备和历练。如何度过宝贵的大学时光？在这里我提出几点希望。
一、
珍惜时光，全面提高综合素质。大学阶段是人生最可宝贵的阶段，三、四年时间说长也长，说短也短。同学们一定要倍加珍惜大学时光，规划好自己的大学生活，严格自律，多学知识，多长见识，多储备职业技能，多锻炼职场生存与发展能力，全方位地提升自己的综合素质，包括思想素质、文化素质、专业素质和身体素质等，为走上社会后，拼出自己的一片天，积累本领，积蓄能量。让父母和师长深切感受到你们的不断成熟和进步。如果浑浑噩噩地打发日子，大学时光一晃而过，入宝山而空手归，将来一定后悔莫及。
二、
养成良好的行为习惯。电影《铁娘子》中有段台词说得很精彩：当心你的思想，因为它们会成为言辞；当心你的言辞，因为他们会成为行为；当心你的行为，因为他们会成为习惯；当心你的习惯，因为他们会成为性格；当心你的性格，因为他们会成为命运。在大学阶段，同学们一定要从小事做起，培养良好的行为习惯，以责人之心责己，以恕己之心恕人。勿以恶小而为之，勿以善小而不为。只有这样，才可能获得命运之神的青睐，才可能拥有美好的未来。
三、
树立正确的
“三观”。世界观、人生观和价值观，是人们思想的总开关，决定着一个人的人生目标和人生道路，决定着一个人的思想境界、行为准则和道德情操。一个人只有树立了正确的“三观”，才能够在社会上立足，才能够正确处理人与自我、人与他人、人与社会的关系；一个人只有树立了正确的“三观”，才能够获得友情、获得帮助、获得事业的成功，才能够走出一条阳关大道，拥有无悔的青春和精彩的人生。
四、
培养自立自强的精神。大学时代与中学时代最大的不同，就是你必须努力减少对于家庭与老师的依赖，学会独立自主地学习与生活。如果说，中学时代是成长期，大学时代则是成型期，一个人的世界观、人生观、价值观，主要是在大学时代逐步成型。只有具有自强自立精神的大学生，才能拥有坚强的意志，能够正确地认识自我及现实的差距，能正确地对待挫折，明确追求目标，脚踏实地，靠着高度的自觉性、坚定性来一步步获得成功。
同学们，青春是用来拼搏的，梦想是用来实现的。千万不要用你当下的现状，去预测你未来的可能。你今天的态度，才是你明天的高度。路在脚下，拼搏从今天开始，明天的你一定会拥有出彩的人生。
最后，祝同学们人人拥有一个精彩的大学生活，快乐学习每一天，健康生活每一天
!

校长
吴梦军
",,21,https://www.suet.edu.cn/info/1026/2540.htm
我校组织“不忘初心、牢记使命”主题教育中心组专题学习, 发布时间: 2019-10-10,"
为进一步推动学习贯彻习近平新时代中国特色社会主义思想
的
深
入开展
，
10月8日
下午
，我校组织
“不忘初心、牢记使命”主题教育中心组专题学习。
校党委副书记、
校长吴梦军主持学习
并讲话，校级领导及党委委员参加了学习。
首先，
副
校长
林玉贵
带领大家学习
了
《习近平关于
“不忘初心、牢记使命”论述摘编》
和
习近平总书记《推进党的建设新的伟大工程要一以贯之》重要文章，并结合我校工作实际开展了集中研讨。接下来对我校主题教育的下一步工作提出五点要求，一要提高政治站位，要进一步学习贯彻习近平新时代中国特色社会主义思想，学深悟透、真学真信、融会贯通，深刻认识开展主题教育工作的重大意义；二要把握大局方向，准确把握
“十二字”总要求，聚焦“五句话”具体目标，落实好“四个贯穿始终”的重要措施，以问题为导向，找实找准突出问题；三要聚焦重点工作，力戒形式主义、官僚主义，切实整改落实，真正解决问题；四要注重加强宣传引导，挖掘宣传先进典型，营造良好学习氛围；五要抓住领导干部这个“关键少数”，加强组织领导，以高度的政治责任感不折不扣地落实好党中央的各项重大决策部署。
此次中心组学习是我校领导班子进一步深化主题教育学习的重要举措，有利于推动
全校
学习贯彻习近平新时代
中国
特色社会主义思想，坚定
全体教
职
工
教书育人的初心使命
，
增强
干事创业的
拼搏
精神，为学校
的
发展
做出新的更大的贡献
。

作者：组织统战部

靖雪

编辑：赵珣

编审：魏本江
",,21,https://www.suet.edu.cn/info/1026/2541.htm
我校成功入选教育部第二批1+X证书制度试点院校名单, 发布时间: 2019-10-15,"
根据教育部职业技术教育中心研究所印发《关于第二批
1+X证书制度试点院校名单的公告》（教职所〔2019〕257号）文件，我校成功获批全国第二批1+X证书试点院校。此次我校承担智能财税、传感网应用开发、工业机器人操作与运维共三项证书制度试点任务。
我校高度重视此次
1+X证书制度试点申报工作，积极贯彻全国教育大会精神，认真落实《国家职业教育改革实施方案》要求，把“校企合作、工学交替、课证融通、育训并举”作为提高教育教学质量和学生就业能力的切入点，通过1+X证书制度试点，深化人才培养模式和培养质量评价模式改革。
学校将以
1+X证书制度试点院校建设为契机，按照职业技能等级标准要求，结合实际，组建教学团队，进一步完善参与试点的会计、财务管理、电子信息工程技术、物联网工程、工业机器人技术、智能制造工程专业人才培养方案，明确试点工作的重点建设内容、实施步骤、责任主体和保障措施等，建立可量化的考核指标，进一步加快推进首批1+X证书制度试点工作。
作者：招生与就业指导中心

部宗娜

编辑：赵珣

编审：汪少龙

",,21,https://www.suet.edu.cn/info/1026/2539.htm
我校运动健儿在山东省第二届场地高尔夫球赛中荣膺桂冠, 发布时间: 2019-10-16,"
10月14至15日，中国体育彩票山东省第九届全民健身运动会“北海”杯第二届场地高尔夫球系列赛（决赛）在潍坊市滨海区举行，来自我校、山东大学、山东管理学院、曲阜师范大学等27支队伍200余名运动员、教练员参与了此次比赛。
在基础教学部王连增主任的统筹安排下，经过短期紧张训练，
我校
最终选拔出六名优秀运动员，由基础部教学科长孙娜娜、教师韩睿智率我校场地高尔夫球代表队出征参赛。在比赛过程中我校队员沉着冷静，领队和教练为学生认真分析比赛局势，经过三轮比赛，最终获取得了团体赛第一名、个人赛第五名的优异成绩。
作者：基础教学部

韩睿智

编辑：赵珣

编审：汪少龙
",,21,https://www.suet.edu.cn/info/1026/2538.htm
我校隆重举行第十四届秋季田径运动会, 发布时间: 2019-10-17,"
10月
17
日上午，
以
“筑梦新时代

奋斗正青春
”为主题的
我
校第
十
四
届秋季田径运动会在校运动场隆重开幕，
校长
吴梦军，副
校长张有志、
林玉贵、
张诚、
李章泉、王守光，
校长
助理钮平章，各院
（部）
院长
（主任）
出席开幕式
并在主席台就坐
，开幕式由副
校
长张有志主持。
上午
8时30分，运动场上彩旗飞扬，
在庄严
的《运动员进行曲》
中
，在鲜红国旗、校旗和会旗的指引下，由百余名大学生组成的会旗队、标语队、鲜花气球队、彩旗队及
各学院的
运动员代表队身着统一的服装，迈着
铿锵有力的
步伐依次走过主席台，接受主席台领导的检阅。教职工代表队和裁判员代表队也依次入场，入场式表演展示了
我校
师生
团结向上、奋力拼搏的
精神面貌，现场气氛热烈，掌声、欢呼声不绝于耳。
入场式结束后，伴随庄严的国歌声，五星红旗冉冉升起迎风飘扬。副
校长
林玉贵致开幕词，
他首先
代表学校党政领导班子对本次运动会的召开表示热烈的祝贺
!向为此次运动会筹备工作付出辛勤劳动的
师生
、向积极参与本次运动会的全体运动员、教练员、裁判员致以衷心的感谢
!
他说，
每年的秋
季
运
动
会早已成为全校师生挥洒激情人生、感悟拼搏意义、分享运动快乐的精彩舞台。希望大家在
“公开、公平、公正”的比赛环境中，赛出风格、赛出佳绩、赛出友谊，充分展现我们顽强拼搏、勇于挑战的必胜信念，大力弘扬“更高、更快、更强”的奥林匹克精神，以奋斗者的姿态，抢抓机遇、团结拼搏，主动树一流、积极争一流、努力创一流，共同建设好发展好我们的山东工程职业技术大学。
在激动人心的气氛中，
校长
吴梦军宣布：
“山东
工程职业技术大学
第十
四
届秋季田径运动会正式开幕！
”运动员代表
王亚萍
和裁判员代表
于传文
分别在开幕式上宣誓。
本届运动会恰逢新中国成立七十周年，工商管理学院
的
健美操表演、建筑工程学院
的
太极拳表演和
信息工程学院的舞蹈
表演
，
精彩不断、亮点纷呈，表达了对祖国
更加
美好
前景
的期盼，献上了对祖国最诚挚的祝福
，
成为了开幕式上一道绚丽的风景线
，
为运动会增添了无限活力和魅力。
本届运动会为期两天，衷心祝愿全体师生在运动会上，赛出风格、赛出水平，预祝本届运动会圆满成功！
作者：赵珣

编辑：赵珣

编审：魏本江
",,21,https://www.suet.edu.cn/info/1026/2536.htm
中华职教社党组成员、《教育与职业》杂志社社长刘华一行来校考察调研, 发布时间: 2019-10-17,"
10月16日下午，中华职教社党组成员、《教育与职业》杂志社社长刘华，山东省中华职教社专职秘书长孙大川一行来校考察调研。学校校长吴梦军、副校长王守光等领导热情接待了刘华社长一行。
来宾们在校领导的陪同下参观了汽车工程训练中心、机械工程训练中心、鼎利学院、甲骨文
IT云教育中心等实验实训场所。刘华社长对我校先进的实验实训设备表示高度赞赏，并对我校“工学结合”、“产学研”一体化的人才培养模式给予了充分肯定。
我校是中华职教社会员单位，先后荣获
“2017年山东省创新创业学院”、“山东省黄炎培职业教育奖创新创业大赛优秀组织奖”等称号，校长吴梦军荣获“第四届黄炎培职业教育杰出校长奖”。在调研过程中，吴梦军校长就职业教育体制机制改革、创新人才培养模式等问题与刘社长进行交流。吴校长表示，作为全国首批本科层次职业教育试点院校，我校使命光荣、责任重大，要全力以赴做好试点工作，积极探索职教改革的新思路、新模式、新路径。学校要进一步强化顶层设计，优化专业结构，加强实训体系建设，深化产教融合校企合作的育人模式，提升科技成果转化能力，做好社会培训等工作，争取为全国职业教育改革创造可复制、可借鉴、可推广的经验做法，推动职业教育向更高层次、更高水平发展，办好人民满意的职业教育。
最后，刘华社长对我校的热情接待表示感谢，并希望今后进一步加强交流与协作。
作者：党政办公室

王允芹

编辑：赵珣

编审：汪少龙
",,21,https://www.suet.edu.cn/info/1026/2537.htm
我校第十四届秋季田径运动会圆满闭幕, 发布时间: 2019-10-18,"
10月
18
日下午，我
校
第十
四
届秋季田径运动会闭幕式在体育场举行。
校长
吴梦军，副
校长
林玉贵
、张诚、李章泉
、王守光及各学院
（部）
院长
（主任）
出席闭幕式，闭幕式由副
校
长张有志主持。
在闭幕式上，总裁判长许治宣布山东
工程职业技术大学
第十
四
届秋季田径运动会比赛成绩，副
校
长
张诚
宣布第十
四
届秋季田径运动会获奖名单。本次运动会一共有
1000余名同学和100余名教职工参加50个项目的激烈角逐，有3名运动员刷新了学校田径运动会的纪录，有工商管理学院等6个部门获优秀团体奖，现代艺术学院等3个部门获得团体体育道德风尚奖，2019级智能制造本科1班等23个班级获得优秀纪律奖，林欣等8名同学获得个人体育道德风尚奖，陈继龙等8名同学获得个人最佳拼搏奖，刘娜等10名
教
师获得优秀裁判员奖。
校长
吴梦军致闭幕词，
她说，
2019年是我校职业本科教育试点的开局之年，全体师生在校党委、行政的坚强领导下不忘初心、牢记使命，抢抓机遇、迎难而上，以“抓铁有痕、踏石留印”的奋斗姿态，吹响了向高水平职业技术大学进军的号角。目前，学校正积极响应国家关于职业教育改革的号召，聚焦高等职业教育发展趋势，先行先试、锐意进取，不断加强内涵建设，积极探索职业本科教育的新思路、新模式、新路径，为创建特色鲜明的高水平职业技术大学而努力奋斗。
最后，她向取得佳绩的运动员、先进集体表示热烈的祝贺！向筹备这次盛会的全体工作人员表示衷心的感谢！向全体教练员、裁判员表示诚挚的问候！
本次运动会为期两天，全体师生充分发扬自信从容、顽强拼搏、永不放弃的精神，赛出风格、赛出水平，取得了体育成果和精神文明成果的双丰收。
作者：赵珣

编辑：赵珣

编审：魏本江
",,21,https://www.suet.edu.cn/info/1026/2535.htm
我校校长吴梦军一行赴深圳华为总部、 深圳职业技术学院考察调研, 发布时间: 2019-10-19,"
10
月13日至15日我校校长吴梦军，副校长王守光，教务处、合作开发处处长牛翔一行3人赴深圳华为总部、深圳职业技术学院考察调研。
10
月13日、14日，我校领导在华为企业BG人才生态发展部ICT学院拓展总监陈磊等负责人的陪同下参观了华为坂田总部A区、J区展厅，华为智慧园区IOC运营中心等场所。随后，双方围绕校企合作、产教融合等进行座谈交流。吴校长表示，通过这次考察交流，我校对信息技术产业的最新技术标准、岗位需求、用人数量都更加明晰，有利于我校进一步优化与信息技术企业互嵌共生、互动共长的课程体系，提高人才培养质量。
10
月15日，为深入了解华为与高校校企合作的经验做法，吴梦军校长一行赴深圳职业技术学院考察。深职院党委副书记、纪委书记王慧等相关负责人陪同吴校长等实地考察了该校的校史馆、电信学院、传播工程学院等场所。随后，双方围绕“华为公司产教融合经验和做法”、“校企合作经验”等方面进行了座谈交流。吴校长表示，深职院不断探索校企合作新模式，对专业课程体系进行大刀阔斧的改革，使之紧密对接企业岗位需求，取得非常好的育人成绩。未来，希望双方加强联系，共同探讨校企合作、产教融合的新思路，促进双方共同发展。
通过本次考察调研，吴校长一行了解了信息技术产业发展的新形势，只有校企强强联合，人才供给侧才能精准对接行业需求侧。我校将进一步了解校企双方内在核心需求，创新合作模式，构建共生共长、相互融通的校企命运共同体。
作者：党政办公室  王允芹   编辑：赵珣   编审：魏本江
",,21,https://www.suet.edu.cn/info/1026/2534.htm
石家庄财经职业学院副校长刘朝英一行来我校考察调研, 发布时间: 2019-10-24,"
10
月
24
日
上午
，
石家庄财经职业学院副校长刘朝英
率考察组一行
1
0
人
来
我校考察
调研
。
学校
副校长李梅松、党政办公室主任韩启斌
等领导热情接待了
刘朝英副校长
一行。来宾们在校领导的陪同下参观了
土木工程训练中心、交通工程训练中心、机械工程训练中心、鼎利学院、工商物流实训中心、甲骨文
IT云教育中心、E时代创客中心
等实验实训中心。
参观结束后，
刘朝英副校长
对我校先进的实验实训设备和产教深度融合、校企协同育人的教学理念给予高度赞赏。
随后，双方在卓越楼五楼第一会议室进行座谈交流
,
会议由李梅松副校长主持
。首先，刘朝英副校长和李梅松副校长分别介绍了各自学校的基本情况。然后，李梅松副校长就学校申本有关工作作经验介绍。最后，
双方人员就
职业教育发展、升本工作、专业设置、教学诊断与改进、
管理水平提升
等方面进行了
对口
深入交流。
双方一致认为
，
要想办好
高质量职业
教育，必须
全面
贯彻落实全国教育大会及一系列职业教育改革文件精神，
积极转变发展理念，增强改革动力，真正把办学思路转到服务地方经济社会发展上来，转到产教融合校企合作上来，全面提高学校服务区域经济社会发展和创新驱动发展的能力。今后，两校将进一步
加强交流与协作，共同
开创职业教育事业发展新局面
。
作者：
党政办公室

王允芹

编辑：赵珣

编审：汪少龙
",,22,https://www.suet.edu.cn/info/1026/2532.htm
我校受邀参加第三届中日民办大学校长论坛, 发布时间: 2019-10-25,"
10
月19日，由上海教育国际交流协会和日本私立大学协会联合主办的第三届中日民办大学校长论坛在日本大阪私学会馆成功举行。开幕式由日本高等教育评价机构评价事业部部长陆钟旻主持，日本国众议院议员伊佐进一、中国驻大阪总领事馆教育参赞吴劲松等嘉宾出席会议，包括我校在内的国内27所民办大学和日本25所私立大学的校长们齐聚一堂，共议中日民办大学的机遇、挑战与使命，共建中日教育合作新未来。
我校副校长李梅松应本次论坛组委会邀请，作了“先行先试 探索创新 全面创建高水平职业技术大学”的专题报告，从我校历史沿革、办学传统、办学特色、首批职业本科试点工作等方面介绍了我校基本办学情况，产教深度融合、校企协同育人的人才培养模式，以及积极承担本科层次职业教育改革试点的使命担当。
李梅松副校长随同考察团还访问了日本大手前大学、京都外国语大学、樱美林大学和早稻田大学。在考察过程中，他就民办教育理念、治理结构、大学文化、办学特色、人才培养、国际交流合作等领域同国内、日本有关高校校长进行了深入交流和沟通，双方表示将积极响应中国“一带一路”的号召，相互借鉴优质教育资源，传播教育文化，为中日两国高校间的合作与交流搭建有利平台。
我校作为全国首批本科层次职业教育试点院校，通过本次论坛向日本高校传达了中国职业教育改革的决心，也展示了我校在新形势新要求下争创高水平职业技术大学的良好风貌。未来，我校将继续加强国际交流与合作，积极探索新思路、新模式，不断提升我校的知名度、影响力和竞争力。
作者：党政办公室

王允芹

编辑：赵珣

编审：魏本江

",,22,https://www.suet.edu.cn/info/1026/2531.htm
第二次单招新生来我校报到, 发布时间: 2019-10-27,"
10
月26日，我校在卓越楼东侧小广场迎来了第二次单招新生的报到。这次来学校报到的为B类和C类学生。其中B类学生为退役军人,C类学生为下岗失业人员、农民工、农民、在岗职工等。
上午9时学校副校长王守光莅临报到现场指导工作并看望了来校报到的新生。
为更加方便新生报到，各学院在卓越楼东广场分设迎新点，安排专人负责迎新，并设置“绿色通道”，就招生政策、资助政策等相关问题进行解疑答惑，同时，组织迎新志愿者在报到现场第一时间解答他们的问题，帮助他们迅速了解校园环境，完成报到手续。
在迎新现场，记者采访了一名有着多年军旅生涯的信息工程学院的新生，他响应国家政策参加了此次单招考试，并且顺利考取我校数字媒体应用技术专业。问起从军人到学生角色转变的感受时，他说：“从高中毕业后我就进入军队，多年的军旅生涯磨练了自己，如今脱下军装换上校服，重新走进校园学习，是想在思想和能力上提升自己。”最后，他也感谢学校为他提供了这次返校学习的机会，自己一定会克服困难、努力学习，取得好成绩。
据了解，由于本次报到的第二次单招新生多为在职人员，工作地点遍布省内各地市，为更加方便新生入学后的学习，学校采取单独编班、单独授课，单独制定培养教学方案的教学管理方式，并在学业考核、管理等方面做了精心细致的安排，专业课更加倾向实践与应用。
作者：赵珣

编辑：赵珣

编审：魏本江 汪少龙
",,22,https://www.suet.edu.cn/info/1026/2530.htm
我校举行课题评审会, 发布时间: 2019-10-28,"
为提高学校课题的申报质量，助推学科发展
，
10月28日上午，
我校
2020年度山东省社科规划课题申报推荐工作在卓越楼五楼第二会议室举行。由山东师范大学毕华林教授、周均平教授组成专家评审小组。
评审会上
，评审专家分别听取来自学校各个部门
17位课题负责人的汇报，
评委们从
PPT制作、选题前沿性、科学性、可行性等多维度进行课题点评及指导
。
评审专家秉持
“公开、公平、公正”的原则，对每项课题进行了综合评定，最终遴选出8项课题予以推荐。
作者：科技处

肖圣颖


编辑：赵珣


编审：
汪少龙
",,22,https://www.suet.edu.cn/info/1026/2527.htm
我校团委开展“不忘初心、牢记使命”主题团日系列活动, 发布时间: 2019-10-28,"
近日来，我校团委从素质拓展、理论培训、实践教学三个方面开展了
“不忘初心
·牢记使命
”主题团日系列活动，提高我校团学干部的整体素养，增强了我校团学干部的服务意识，丰富了我校团学活动的形式内容，加强了我校第二课堂的思想引领。
10月18日，在大学生活动中心，我校团委书记王斌对团学骨干进行了团学骨干创新思维与素质拓展训练，提高学生干部的组织凝聚力，开拓学生干部思维，增强学生干部集体荣誉感与服务意识。活动后，参训学生干部分别发表了培训心得。
10月24日，在卓越楼党员活动室，150余名团学干部重温入团誓词，共唱共青团歌，34名团学干部代表依次上台发言，充分展示了我校当代青年大学生奋勇拼搏、积极进取的精神风貌。
10月25日，我校50名学生代表受邀参观学习济南市侨联举办的“侨心向祖国，建功新时代”济南新桥创新创业暨“双招双引”成果展。通过参观学习，提升了我校学生干部对“不忘初心、牢记使命”的认知，增强了民族自豪感。
本轮主题活动开展后，广大团学干部纷纷表示要铭记
“服务社会，服务学校，服务师生”的职责，将活动上学到的知识运用到生活中去，将身边的团员凝聚在一起，为学校的管理和团学工作做出贡献。
作者：团委

蔡雷停

编辑：赵珣

编审：汪少龙
",,22,https://www.suet.edu.cn/info/1026/2528.htm
乐陵市副市长牟正君一行来我校考察, 发布时间: 2019-10-28,"
10月2
6
日，
山东省乐陵市副市长牟正君
一行来
我校考察
，
我校
副校长王守光
及相关部门负责人热情接待考察团一行。
考察团
先后参观
了
我校
机械工程学院实训中心、鼎利学院
实训
中心、大学生创新创业孵化中心，
由
讲解员
就
各中心
的建设、功能布局、设备设施
、创业成果
等方面进行了详细的介绍
。
牟正君
对我校先进、专业的实训设备
和实训流程
表示赞赏
，她表示，将实训流程与企业很好地嵌合在一起，既可以学练结合，又可以服务社会，大大拓展了学生的实践能力、创新能力、创业能力。
牟正君
与校领导进行了座谈交流。
交流
会上，
王守光介绍了
我校发展历程与办学特色。随后，就目前职业教育发展的现状与趋势、
产教融合校企合作、大学生创新创业
等方面，双方进行了深入的交流与介绍
。
牟正君
对
乐陵
市职业教育发展经验的分享也为我校
今
后的专业建设提供了宝贵的可借鉴经验。
作者：合作开发处

王龙华

编辑：赵珣

编审：汪少龙
",,22,https://www.suet.edu.cn/info/1026/2529.htm
我校科技处举办专利讲座, 发布时间: 2019-10-29,"
为鼓励我校教师申请专利，提升专利申请的成功率，
10月24日下午，我校科技处在卓越楼五楼党员活动室举办专利知识讲座，邀请北京汇信合知识产权代理有限公司徐伟才、吴清玲讲解专利基本概念与专利申请、技术交底书撰写及专利挖掘相关知识，学校200余名师生参加了讲座。
本次讲座以专利法为基础，结合具体案例，引导师生开拓思维，主动挖掘日常生活及课程实验中的创新点，形成专利技术方案。讲座人系统地讲解了发明、实用新型、外观等专利申请技巧及注意事项，鼓励师生主动发掘、积极申请各类专利。
本次讲座增强了我校师生对专利申请及知识产权保护的认识，激发了师生参与专利开发与申报的热情。
作者：科技处

肖圣颖

编辑：赵珣

编审：汪少龙
",,22,https://www.suet.edu.cn/info/1026/2525.htm
我校吴梦军校长参加第十二届鲁台职业教育交流与合作研讨会, 发布时间: 2019-10-29,"
10月
22
日至
2
7
日，
我校校长吴梦军随山东省教育厅邢顺峰总督学一行
赴台湾
参加第十二届鲁台职业教育交流与合作研讨会。本届研讨会由省教育厅、省台办和台湾海峡两岸教育交流促进协会等联合主办。与会两岸职业教育专家围绕
“产教融合

校企合作
”主题开展研讨，分享成果与经验，探索两岸校企合作的途径与机制。
期间，吴梦军校长跟随考察团先后访问了明道大学、环球科技大学、元培医事科技大学、中国科技大学等
8所学校，实地考察了学校办学情况，并分别在上述学校参加座谈会，与各院校负责人就两岸职业教育发展情况、如何深化产教融合校企合作、学术交流合作等进行了深入交流。
在本次考察活动中，吴梦军校长代表山东工程职业技术大学与
明道大学、环球科技大学
签订了合作备忘录，藉由联合、结盟的伙伴方式，加强双方沟通与合作，促进互动交流。
通过
此次
考察交流
，
进一步促进
了我校与台湾
职业院校的交流与合作，
有利于我校汲取经验，整合资源，早日争创高水平职业技术大学。
作者：党政办公室

王允芹

编辑：赵珣

编审：汪少龙

",,22,https://www.suet.edu.cn/info/1026/2526.htm
我校召开2019年学生资助工作专题会议, 发布时间: 2019-10-31,"
10月30日下午，我校2019年学生资助工作专题会议暨全体辅导员培训会在卓越楼
五楼
党员活动室召开。学生工作处处长王万里、学生资助管理中心主任孙明娟以及各学院学管科长、全体辅导员、部分评议小组学生代表，共计
150余人参加了会议。
会上
，学生工作处处长王万里肯定了我校在资助管理工作中取得的成绩，明确
指
出
，
全校资助工作者要充分认识到严肃奖助学金评审和发放工作纪律的重要意义
，
认真学习并严格执行奖助学金评审相关文件和规定，确保做到
“五个严禁”
:
1
.严禁暗箱操作，优厚亲友
；
2
.严禁截留挪用，抵扣收费
；
3
.严禁简化程序，轮流坐庄
；
4
.严禁“雁过拔毛”，以权谋私
；
5
.严禁违规公示，侵犯隐私。
学生资助管理中心主任孙明娟提出
，
应在思想上高度重视学生资助工作，建立健全各学院资助工作机构，充分了解高校各项资助政策，不断创新思路，发挥精准资助和资助育人的功能。

作者：
学生处

孙明娟
编辑：
赵珣


编审：
汪少龙
",,22,https://www.suet.edu.cn/info/1026/2522.htm
多米尼加共和国经贸投资促进会执行副主席、投资控股集团总裁王鹏飞来校考察调研, 发布时间: 2019-10-31,"
10
月
31
日
上午
，多米尼加共和国经贸投资促进会执行副主席、投资控股集团总裁王鹏飞
受三庆实业集团总裁、山东工程职业技术大学理事长吴立春邀请考察学校，并到集团总部洽谈。
学校
副校长王守光
等领导热情接待了王鹏飞
先生并陪同
参观了
土木工程训练中心、机械工程训练中心、鼎利学院
等实验实训中心
。王鹏飞先生并对
我校先进的实验实训设备和产教深度融合、校企协同育人的教学理念给予高度赞赏
。
尤其是在土木工程训练中心，他对我校真实的建筑施工教学现场产生浓厚兴趣，接连询问
“普通地质情况下，钢筋要打到多深？钢筋粗细如何选择？框架结构楼板是用什么来连接建成的？”等问题，建筑工程学院李传红副院长对上述问题进行了解答。
随后，
王鹏飞
总裁与吴立春理事长在三庆实业集团总部进行座谈交流，双方达成战略合作意向，积极探索多领域深度合作。
王鹏飞先生是世界多元文化教育基金会主席、美国陶行知学院院长、美国洛拉斯学院驻中国代表
，
吴立春理事长
是
中华海外联谊会常务理事、中国侨商投资企业协会常务副会长、山东省侨商联合会会长，两位企业家具有深厚的家国情怀，始终与祖国同呼吸、共命运，不断加大在国内的投资力度，抢抓新旧动能转换国家战略历史机遇，为国民经济实现高质量发展、为实现中华民族伟大复兴贡献力量。
作者：党政办公室

王允芹

编辑：赵珣

编审：汪少龙
",,23,https://www.suet.edu.cn/info/1026/2524.htm
我校召开“不忘初心、牢记使命”主题教育调研成果交流会, 发布时间: 2019-11-02,"
11
月1日上午，我校“不忘初心、牢记使命”主题教育校领导班子调研成果交流会在卓越楼五楼第一会议室举行，济南市委教育工委、市教育局主题教育第四指导小组组长、处级调研员于春祥到会指导。我校校级党员领导干部参加会议。会议由副校长林玉贵主持。
会上，副校长林玉贵汇报了我校校级党员领导干部开展主题教育专题调研的基本情况。
随后，各位领导班子成员重点围绕习近平总书记强调的“四个扎实”要求、国家职业教育发展大局和学校职业本科管理提升等问题，聚焦学校日常管理与我校转型升级和现代化建设的差距与不足，从学校党建、宣传、教育教学、学生管理、校企合作、产教融合、科研、后勤保障等几个方面交流发言。
最后，济南市委教育工委、市教育局主题教育第四巡回指导组组长于春祥总结发言，首先对我校主题教育调研给予了充分肯定，同时对我校主题教育下一步开展工作提出四点意见：一是发扬自我革新精神，深入查找围绕初心和使命的各种问题；二是把握科学化，坚持党的集中统一领导；三是突出重点，立体推进；四是以好的作风推进主题教育，把践行初心使命和完成当前重点工作基本结合起来，统筹推进。
调研成果交流会后，与会校领导就落实好市委教育工委指导组具体要求，抓好调研问题整改，促进调研成果转化进行了研究讨论，就主题教育下一阶段重点工作作了强调和部署，确保我校“不忘初心、牢记使命”主题教育始终组织有序、推进有力，落实有效。
作者：组织统战部  夏娟娟   编辑：赵珣   编审：魏本江
",,23,https://www.suet.edu.cn/info/1026/2521.htm
山东工程职业技术大学第一届教学督导委员会成立, 发布时间: 2019-11-07,"
11月7日上午，我校在卓越楼第一会议室召开了山东工程职业技术大学第一届教学督导委员会第一次会议。参加会议的有校级教学督导委员会委员、教学督导办公室主任、校级教学督导专家组组长，学院（部）督导分委员会主任和督导专家组组长。会议由李章泉副校长主持，吴梦军校长出席会议
并讲话
。
会上宣读了《关于成立山东工程职业技术大学第一届教学督导委员会的通知》，宣布了教学督导委员会人员名单和校级教学督导专家组、学院（部）教学督导分委员会和教学督导专家组名单。
吴梦军校长为山东工程职业技术大学第一届校级教学督导专家颁发了聘书并发表讲话
，
对第一届教学督导委员会成立表示祝贺，同时强调了教学督导工作在学校教学质量管理体系中的重要作用，表达了对教学督导委员会的殷切希望。
她
对第一届教学督导委员会的委员和专家提出要求
：
一是积极工作，为学校教学工作出谋划策；二是坚持原则，认真肩负起教学督导的责任；三是创新工作，推动学校教育教学工作高质量发展。
会议还讨论了《山东工程职业技术大学评估督导工作规范》，听取了督导委员和各位专家的意见，为以后学校评估督导规范化工作奠定基础。
第一届教学督导委员会的成立，标志着我校教学质量监控体系日益成熟，
将
进一步加强学校教学管理，更好发挥教学督导在督教、督学、督管等方面的作用。
作者：评估督导处

张晓敏

编辑：赵珣

编审：汪少龙
",,23,https://www.suet.edu.cn/info/1026/2519.htm
党委组织统战部召开党务工作培训会议, 发布时间: 2019-11-07,"
11月6日，党委组织统战部在卓越楼党员活动室对党总支书记、党支部书记、组织委员进行了党务工作培训。党委组织统战部部长张彦卿主持培训工作。
前期，我校各级党组织进行了机构调整，根据我校基层党组织的实际工作情况及校党委对党员发展和基层党建工作的要求，张彦卿从四个层面阐述了如何进一步做好基层党务工作：一是带领党务干部逐条学习了《中国共产党发展党员工作细则》，进一步明确了新形势下发展和管理党员工作的基本准则，对贯彻好党中央提出的
“控制总量、优化结构、提高质量、发挥作用”十六字总要求，建设一支信念坚定、素质优良、规模适度、结构合理、纪律严明、作用突出的党员队伍提出了要求；二是解读了党员发展流程，
使
新上任的支部书记、组织委员对党员的发展程序做到了心中有数；三是规范了党员发展材料，对发展对象材料、入党志愿书、预备党员转正材料的填写要求进行了说明和示范；四是就党组织关系转接、党费收缴等工作进行了交流和探讨
，
并对各总支发展党员做材料过程中遇到的各类问题进行了剖析，要求党务干部要认真学习文件，规范党员发展流程和材料，切实抓好党员发展和管理工作。
培训结束后，组织统战部给各党总支、支部下发了党建工作记录本，党务干部们就党员发展材料和基层党建工作开展中遇到的问题进行了深入的交流。
作者：
组织统战部

张彦卿

编辑：
赵珣

编审：汪少龙
",,23,https://www.suet.edu.cn/info/1026/2520.htm
我校第十三期入党积极分子培训班开班典礼举行, 发布时间: 2019-11-08,"
11月
7
日下午
，
我校在诚基楼报告厅举行了第十三期入党积极分子培训班开班典礼。副校长林玉贵，党委委员、副校长李梅松，党委委员、组织部部长张彦卿及各二级学院（部）党总支、党支部书记，
2019
年入党积极分子参加了此次开班典礼，党委委员、党校副校长孟宪勇同志主持开班典礼。
开班典礼在恢弘嘹亮的《国际歌》声中拉开帷幕。
本期培训班，按照上级党组织及校党委部署要求，党校集中培训和各总支基础培训有机结合，党校将
“不忘初心、牢记使命”主题教育纳入党课培训，组织同志们学习党的十九大会议精神
的
同时，重点学习
“四史”中国近现代史、国家发展史、近现代史、中共党史，各党总支着重培训中国共产党性质和指导思想、党的最高理想和现阶段的任务、共产党员的条件和发展党员的程序以及如何以实际行动争取早日入党等基础内容，分别安排分组讨论、演讲比赛、观看纪录片、践行社会主义核心价值观实践活动以及形式多样的文体活动。
李梅松在开班致辞中对参加本期培训班学员表示欢迎，对同学们的发展和成长寄予深切希望。李梅松表示，参加党校入党积极分子培训，不仅是一次难得的学习机会，也是个人政治生活中的一件大事，更是在人生道路紧要关口迈出的关键一步，希望大家学有所思，学有所得，学有所成。同时，李梅松也对大家提出了三点希望：一是希望同志们要学习党的基本知识，增强对党的了解，坚定永跟党走的坚强信念；二是希望同志们要掌握科学的理论，树立正确的世界观、人生观和价值观，坚定正确的政治信仰；三是希望同志们树立正确的学习目的，端正学习态度，保持良好学风，提高学习的实效性。孟宪勇宣布了教学计划、班委，对学员提出了具体要求。
作者：思政课教学部

张祥伟

编辑：赵珣

编审：汪少龙
",,23,https://www.suet.edu.cn/info/1026/2516.htm
我校副校长林玉贵为党员讲“不忘初心、牢记使命”专题党课, 发布时间: 2019-11-08,"
按照学校党委
“不忘初心、牢记使命”主题教育领导小组的工作安排，11月7日下午，学校副校长林玉贵在诚基楼学术报告厅为党员讲授了题为“不忘初心、牢记使命”专题党课。他紧紧围绕推进“不忘初心、牢记使命”主题教育精神要求，从学习贯彻党的十九大精神出发，结合党史、中国发展历史以及我校发展职业本科教育的实际，从国家和学校、宏观和微观层面与同志们交流学习体会。
此次主题教育专题党课由党委委员、
副校长李梅松主持，学校领导、各党总支全体党员、第十三期入党积极分子参加党课学习。
林玉贵指出，学习领会和贯彻党的十九大精神，我们新时代党员应坚守马克思主义理想信仰不动摇、坚持党领导一切的忠心不动摇、坚持全心全意为人民服务的初心不动摇、坚持实现中华民族伟大复兴的雄心不动摇、坚持走中国特色社会主义道路不动摇，同时，作为职业本科教育的探索者，我们应坚持搞好职业本科教育的担当不动摇，深刻阐明了新时代我们党员应如何坚守党的初心，面对学校职业本科教育改革这一新的形势，我们党员教师应如何坚守教育初心。
李梅松在主持中指出，广大党员教师要认真学习林玉贵副校长的党课精神和要求，以饱满的政治热情和良好的工作作风，有力有序有效推进主题教育深入开展，全面提升政治建设、思想建设、作风建设水平，不忘初心再出发，牢记使命勇担当，坚守岗位，提高政治站位，解放思想，精准发力，
着力解决师生关心关注的难题，确保主题教育解决实质问题，努力开创学校建设职业本科教育的新局面。
这次专题党课，是落实
“不忘初心、牢记使命”主题教育要求的重要环节，这不仅仅是一次党课辅导会，更是一次党性教育会、作风提升会，更加坚定了我们不忘初心、牢记使命的政治自觉和行动自觉，为更加深入地开展主题教育活动奠定了思想基础。
作者：
组织统战部

夏娟娟


编辑：赵珣

编审：魏本江
",,23,https://www.suet.edu.cn/info/1026/2517.htm
我校宁玲玲控制技术专家工作室获批山东省名师工作室, 发布时间: 2019-11-08,"
近日，省教育厅公布了第二批高等职业教育名师工作室名单，我
校
机械工程学院宁玲玲控制技术专家工作室获批山东省名师工作室。
控制技术专家工作室成立于
2016年，工作室负责人及首席专家宁玲玲副教授
是
山东省高职院校教学名师
，
主要成员有王斌如、徐克林、刘延霞、王丛丛、陈楠。
工作室主要承担技术攻关、人才培养、成果转化等任务，以
“现代学徒制”教育理念
，
培养年轻教师及优秀学生。工作室充分发挥教学名师在技术研发、创新改革等各方面的带头作用，先后立项教科研课题
7项,解决盐芯自动化生产新等技术难题8项，为
学校
“产学研赛”教学模式的开展奠定了坚实的基础。
团队主要研究方向是电气控制、可编程控制技术、液压控制、传感测控技术
。
自成立以来，指导学生参加全国大学生机械设计创新大赛、山东省机电产品创新竞赛、齐鲁机器人大赛等多项赛事，并取得优异成绩。
作者：机械工程学院

王明分

编辑：赵珣

编审：汪少龙
",,23,https://www.suet.edu.cn/info/1026/2518.htm
济南市公安局网警支队来校检查指导网络安全工作, 发布时间: 2019-11-11,"
11月8日上午，由济南市公安局网警支队武学锋副支队长带队，章丘分局网警大队大队长张勇东、以及网络安全技术专家一行7人来我校检查指导网络安全工作。副校长张诚、
资产处
处长丁福强和
校
网络与信息化管理中心全体人员参
加
汇报会，会议由丁福强主持。
张诚代表学校对检查组一行
来访表示欢迎，
丁福强就学校近年来网络安全工作进行了汇报。
检查组一行实地察看了学校网络中心机房，现场进行安全测试，询问相关制度落实情况，并核实有关台帐。网络安全技术专家对我校网络环境和安全做了细致的评估和检测，在反馈会上总结归纳了我校网络安全上存在的现实问题，要加强运维审计、数据库安全审计、漏铜扫描、入侵防御系统、堡垒机、日志审计等的建设
，
并提出了整改意见。
武学锋
发言时表示，
学校网络安全是学校网络工作的重中之重
，学校应
加强网站、信息系统等的防护、网络边界防护、师生信息保护，加强实名制上网管理。
张诚
强调
，
学校网络与信息化管理中心要
严格按照要求做好网络安全工作，进一步加强网络安全巡检和管理，补齐短板，确保学校网络系统安全、高效运行。

作者：网络与信息化管理中心

孙东正

王娜

编辑：赵珣

编审：汪少龙

",,23,https://www.suet.edu.cn/info/1026/2515.htm
校长吴梦军一行深入企业调研看望实习学生, 发布时间: 2019-11-12,"
11月7日
，校长吴梦军，副校长王守光，教务处、合作开发处处长牛翔
，
机械工程学院副院长乔峰一行
4人前往青岛澳柯玛集团、青岛海信集团走访调研，看望机械工程学院实习学生。
本次走访调研的目的，一是看望实习学生，二是了解企业在人才培养中课程设置、学习培养等方面的要求，积极开辟多元化的实习与就业渠道，与企业共探产教融合模式。在走访过程中，学校领导与企业相关负责人进行深入交流，了解用人单位对实习学生的评价，收集用人单位对我校人才培养模式的意见和建议，探讨产教融合、校企合作发展方向及合作模式。
期间，
校长吴梦军
一行在企业负责人的陪同下，深入一线岗位、员工宿舍、餐厅，了解学生的工作环境、劳动强度、技能锻炼、薪资待遇和公司对学生实习、就业过程的管理和安排等相关事宜。同时与我校机械工程学院实习、就业学生，各单位负责人、实习驻地管理教师进行座谈，听取学生实习、就业以来的思想变化情况。
同时
深入车间询问同学们在实习、就业期间的生活和工作情况，勉励同学们珍惜学校和企业为大家创造的良好实习、就业机会，勇于挑战自我，全方位提高自身技能。
吴梦军校长一行的到访让
跟岗实习的
同
学们
深受
鼓舞，同学们纷纷表示，定将珍惜此次跟岗实习机会
，
在实践中学到更多知识，
掌握更多技能，
用优异的工作业绩为学校增光添彩
。

作者：机械工程学院

乔峰

编辑：赵珣

编审：汪少龙
",,23,https://www.suet.edu.cn/info/1026/2510.htm
校长吴梦军一行赴潍坊工程职业学院、德州科技职业学院考察调研, 发布时间: 2019-11-12,"
1
1月7日
—
9日
，
校长吴梦军，副校长王守光，教务处、合作开发处处长牛翔一行
3人赴潍坊工程职业学院、德州科技职业学院考察调研。
11月7日，校长吴梦军一行在潍坊工程职业学院党委书记肖明胜及相关负责人的陪同下参观了潍坊工程职业学院实验实训场所。随后，双方围绕专业建设、人才培养、实训条件建设等进行座谈交流。吴
梦军
校长表示，两校同是以工科见长的院校，在专业设置、人才培养等方面有很多共同点，希望两校今后密切交流，
加
强合作。
11月9日，校长吴梦军一行赴德州科技职业学院青岛产业园考察调研。双方领导围绕“影视专业产教融合经验和做法”、“校企合作经验”等进行了座谈交流。吴
梦军
校长表示，希望双方加强联系，共同探讨校企合作、产教融合的新思路，促进双方共同发展。
通过本次考察调研，加强了我校与同在齐鲁、深耕职教的兄弟院校的联系
。
我校将继续深化产教融合、校企合作，与时俱进推动人才培养模式的创新，全面提高教育教学质量和办学水平
，
为区域经济发展提供更多、更优秀的人力资源和智力支撑
。
作者：党政办公室

王允芹

编辑：赵珣

编审：汪少龙
",,24,https://www.suet.edu.cn/info/1026/2512.htm
吴梦军校长一行出席青岛东方影都影视教育中心启动仪式暨校长论坛, 发布时间: 2019-11-12,"
11月8日，我校校长吴梦军教授作为特邀嘉宾，参加了东方影都影视教育中心启动仪式暨“校企融合、培养影视专业人才”校长论坛。副校长王守光,教务处、对外合作处处长牛翔、现代艺术学院院长宿立优陪同前往。参会的人员还有青岛市、青岛西海岸新区、青岛市教育局的相关领导和中国石油大学、山东科技大学等三十余所院校代表及二十余位资深行业内人士。
东方影都融创影视产业园总裁孙恒勤在介绍基本情况时表示，产业园是中国首个为全球电影制片人提供制作服务的影视产业园，占地
166万平方米，共40个摄影棚，包括1万平方米的摄影棚、室内外合一的水下摄影棚、影视服装道具加工厂及影视后期制作工厂等配套设施，是国内少有的拥有强大配套设施环境的“社区化”影视基地，在影视产业链条的各个环节均发挥着重要的作用。人才的培育是整个行业的“重中之重”，东方影都影视教育中心的启动将为整个行业注入源源不断的人才支流。
会后，双方领导进行了单独沟通。双方一致同意，在已签署的战略合作框架协议的基础上，就校企合作共建专业、建立影视基地等事宜做进一步沟通；在人才培养、实习实训方面加深合作。
作者：现代艺术学院

宿立优

编辑：赵珣

编审：汪少龙
",,24,https://www.suet.edu.cn/info/1026/2513.htm
警民共筑铜墙铁壁，电信诈骗无处藏身 ——章丘区分局双山第二派出所与我校工商管理学院举行防诈骗知识竞赛, 发布时间: 2019-11-12,"
11月11日晚，由
济南市公安局章丘区分局双山第二派出所主办，山东工程职业技术大学工商管理学院承办的
以
“警民共筑铜墙铁壁，电信诈骗无处藏身”为主题的防电信诈骗知识竞赛活动，在学校
诚基楼
学术报告厅举行。
本次活动由工商管理学院执行院长刘杰主持，到场的各位领导和嘉宾有：济南市公安局章丘区分局双山第二派出所所长高伟、双山第二派出所防诈骗小分队队长术洪卫，我校副校长李梅松、学生处处长王万里、保卫处处长徐永帅、宣传处副处长王玉珠，以及各学院（部）的嘉宾们。济南时报、章丘电视台的记者对比赛活动进行了采访。
赛前，章丘区分局双山第二派出所所长高伟讲话。他说，学校作为章丘区第一个开展防诈骗工作的单位，通过民警进班讲座、微信防诈公众号、案例示警等多种方式开展防诈骗宣传教育活动，对提高学生的防诈骗意识和能力具有重要意义。学校副校长李梅松在讲话中指出，在派出所与各学院（部）的共同努力下，我们通过开展防诈骗教育工作，在学生人数增加的情况下，发案率降低了
45％。李校长表示，今后我校将继续与双山二所加强联系，落实有关防诈骗工作的指示精神，更加扎实地开展好防诈骗工作。随后，李校长宣布比赛开始。
该活动历时一个月，经过了初赛、复赛激烈角逐，
8个优胜队进入今晚的决赛。决赛由小队必答题，抢答题和风险题三个环节构成，采取“八进四，四进二，二进一”的竞赛规则。活动现场气氛热烈，各参赛同学谨慎答题，稳中求胜，力争上游。经过一个小时的激烈竞争，最终有四支队伍脱颖而出。其中，19电商本科一班二队以100分的骄人成绩获得一等奖，19电商本科一班一队获得二等奖，19财管本科一班一队和19电商本科二班一队获得三等奖。在热烈的掌声中，各位领导和嘉宾为获奖队颁奖。
本次活动的顺利开展，充分展示了我校对防诈骗工作的高度重视，进一步增强了学生的防范意识和防范能力。
作者：
工商管理学院

郭小凡

编辑
：赵珣

编审：魏本江
",,24,https://www.suet.edu.cn/info/1026/2514.htm
我校召开2019年省级精品资源共享课申报点评会, 发布时间: 2019-11-14,"
根据《山东省教育厅山东省财政厅关于实施山东省职业教育质量提升计划的意见》（鲁教职字〔
2017〕6号）、《山东省教育厅关于做好职业教育精品资源共享课申报验收及校企一体化合作办学示范院校和企业认定工作的通知》的要求
，
11月14日下午，
我校
在卓越楼第二会议室召开
2019年省级精品资源共享课申报点评会。评审会评委、各课程负责人、教务处相关人员参加了会议。会议由教务处副处长池光胜主持。
会上，
池光胜对山东省职业教育精品资源共享课申报工作进行了解读
和
说明
。随
后各课程负责人
进行
汇报
，
评委
分别予以
点评
，指导
各课程负责人完善申请材料。
据了解，
我校
共有
《智能制造技术应用
—3D打印技术应用》、《
BIM技术应用
》、《面向对象程序设计》、《智能制造技术应用
—数字设计技术应用》、《电机与电气控制》、《导游实务》、《思想道德修养与法律基础》、《高等数学》八门课将参加2019山东省精品资源共享课申报。
作者：教务处

段倩

编辑：赵珣

编审：汪少龙
",,24,https://www.suet.edu.cn/info/1026/2507.htm
我校领导班子召开对照党章党规找差距专题会议, 发布时间: 2019-11-14,"
11月14日上午，我校党员领导班子召开“不忘初心、牢记使命”主题教育对照党章党规找差距专题会议，以正视问题的自觉和刀刃向内的勇气，逐一对照，全面查找问题，切实增强党的意识、党员意识、纪律意识，不断提升政治境界、思想境界、道德境界，扎实推动主题教育不断走深走实。市委教育工委、市教育局党组第四巡回指导组组长于春祥、成员赵旭杰到会指导，副校长林玉贵主持会议。
会上，与会同志集体学习了《中国共产党章程》、《关于新形势下党内政治生活的若干准则》、《中国共产党纪律处分条例》的有关内容。随后，校党员领导班子成员逐一发言，紧扣党章党规和
“18个是否”，逐条逐项进行对照检查，既实实在在回答有没有问题，又对存在问题进行对照检查和深入剖析。每位同志发言后，其他同志本着对组织、对事业、对同志负责的态度，对其咬耳扯袖、提醒警醒，收到预期效果。
会议指出，要坚持学深悟透，把学习党章党规作为重大任务、终身课题，与深入学习领会习近平新时代中国特色社会主义思想结合起来，与学习宣传贯彻党的十九届四中全会精神这个当前全党面临的重要政治任务和重大战略任务结合起来，在学习党章党规中持续砥砺初心使命。要坚持查改贯通，全面对标对表，持续深入检视问题，以彻底的自我革命精神和刀刃向内的勇气查摆解决问题。要坚持从严整改，以
“改”为关键，以“实”为重点，将对照党章党规查找出的问题纳入主题教育整改落实要点，逐条逐项列出整改清单，坚持边学习边对照边检视边整改，真刀真枪解决问题，让问题件件有整改、事事有落实，确保主题教育取得扎实成效。
会议强调，检视问题不是一阵子的事，而是一辈子的事，找差距的最终落脚点是整改落实。要通过找差距、抓整改进一步坚定初心、勇担使命，坚持做好结合文章，做到两手抓、两促进。
会上，于春祥组长代表市委教育工委、市教育局党组对我校领导班子在对照党章党规找差距、据实查找问题上给予了充分肯定，并就下一步如何做好主题教育整改落实工作及召开民主生活会给出了指导性意见。
作者：
组织统战部

夏娟娟

编辑：
赵珣

编审：
汪少龙
",,24,https://www.suet.edu.cn/info/1026/2508.htm
我校举办2019年度宣传通讯员培训班, 发布时间: 2019-11-14,"
为进一步加强
我校
宣传队伍建设，提高教师、学生通讯员的政治业务素质和写作水平，文化宣传处举办
201
9
年度宣传
员
通讯员培训班。本次培训为期三天，分别从写作知识、
“新闻不应该怎么写
——常见错误案例
”、新媒体平台运营交流及“漫谈新闻摄影技巧”等方面进行详细讲解。
11月
14
日下午，培训班首次讲座在卓越楼五楼党员活动室举行，由文化宣传处
处长
魏本江主讲，
各
学院（部）教师通讯员，大学生通讯社、广播站、新媒体中心社团的学生，
各
学院
（部）
负责微信
公众号
平台
运营
的老师
及
学生聆听了讲座。
魏
本江
从
“对通讯员的要求”以及“消息的写法”两个方面进行讲解。他就如何提高通讯员的政治业务素质，对通讯员提出了五点要求：要敏锐地发现问题；要忠实地报道新闻事件；要做到立场坚定、旗帜鲜明；要有不怕吃苦、不怕困难的无私奉献精神；要处理好立意与选材的关系。同时，针对消息的写法，
他
从消息的定义、消息与通讯的区别、消息的要素、消息的结构四个方面进行讲解。并结合
两
篇范文对消息的标题、导语、主体、背景、结语进行分析。讲座中，引用了我国老一辈新闻工作者写作的生动实例对所讲的问题进行了深入浅出的讲解，大家受益匪浅。
最后，
他
希望广大通讯员要不断学习，不断进行写作实践，努力提高自己的写作水平，做一名优秀的通讯员。
后续讲座将由文化宣传处
副处长
汪少龙
，新媒体科副科长
王煜浩
和
徐博老师分别讲解新闻写作中存在的问题、新媒体运营及摄影摄像知识，希望相关教师和学生珍惜此次学习机会，认真听课，努力提高自己的写作水平。
作者：文化宣传处

赵珣

编辑：赵珣

编审：汪少龙
",,24,https://www.suet.edu.cn/info/1026/2509.htm
我校受邀参加2019中国民办教育发展峰会, 发布时间: 2019-11-15,"
1
1
月
1
4
日，
由中华职业教育社、人民政协报教育周刊、广西中华职业教育社和广东中华职业教育社联合主办的
2019中国民办教育发展峰会在柳州举
行
。开幕式由中华职业教育社党组书记、总干事方乃纯主持
。
全国政协副主席、中华职业教育社副理事长辜胜阻出席会议并作主旨讲话
。第十一、十二届全国人大常委会委员，
中华职业教育社
原副理事长
,
中国民办教育协会会长王佐书等领导出席会议，来自全国各地的
200多位民办教育人士与会
，共商发展大计，共话美好未来。
我校副校长李梅松应本次
峰会组委会
邀请，
作
了
“先行先试

探索创新

全面创建高水平职业技术大学
”的专题报告
，从
我校的办学定位、办学成绩、职业本科改革试点工作措施等
方面介绍了我校
基本办学情况，产教深度融合、校企协同育人的人才培养模式，以及积极承担本科层次职业教育改革试点的使命担当。
峰会期间，李梅松副校长还就民办教育的发展动力、教育教学质量提升等议题，同中国民办教育协会会长王佐书，中华职教社民办教育委员会副主任、浙江大学教授吴华
进行
了深入交流和沟通。
我校作为全国首批本科层次职业教育试点院校，通过本次峰会展示了我校在新形势新要求下争创高水平职业技术大学的良好风貌。未来，我校将
全力以赴做好试点工作
，积极探索
新思路、新模式、新路径
，不断提升我校的知名度、影响力和竞争力。
作者：党政办公室

王允芹

编辑：赵珣

编审：汪少龙
",,24,https://www.suet.edu.cn/info/1026/2506.htm
我校受邀参加数字化学习加速产教融合高峰论坛, 发布时间: 2019-11-18,"
2019年11月13日，第十一届中国企业在线学习大会（CEFE）在北京国际会议中心成功召开。我校副校长王守光，教务处、合作开发处处长牛翔应邀参加了大会的数字化学习加速产教融合高峰论坛。
与会嘉宾围绕
“产教融合与职业教育改革创新”、“高校数字化产教融合的兴起”、“产教融合--在线教育的机会与挑战”、“新经济人才下京东产教融合模式分享”、“数字时代校企合作的融入到融合”、“用科技的力量为产教融合注入新动能”、“基于线上线下虚实结合的5G产教融合解决方案”等主题进行演讲。
随后，举行了
“中国在线学习产教融合发展联盟”成立仪式，经主办方授牌，我校正式成为会员单位。
论坛期间，我校副校长王守光就
“产教融合道路上的挑战和应对策略”、“产教融合未来的发展方向”、“怎样更好地实现产教融合”等议题与相关领导进行了深入沟通和交流。他讲到，产教融合校企合作是职业教育的灵魂，是职业教育实现高质量发展的必经之路。面对产教融合道路上的挑战，要正确分析高校、企业和政府三者关系，打破传统的组织边界和功能划分，形成命运共同体。企业与高校应密切合作，政府应全力支持高校与企业之间的合作，为高校产教融合找到突破路径。未来，产教融合的形式将更加多元化、灵活化，形成“大平台+”战略思维。
作者：党政办公室

王允芹

编辑：赵珣

编审：
魏本江
",,24,https://www.suet.edu.cn/info/1026/2502.htm
山东省房地产商会第一届运动会在我校顺利举行, 发布时间: 2019-11-18,"
11月16日，以“ 体育交流增友谊，奋力拼搏展风采”为主题的山东省房地产商会第一届运动会在我校运动场圆满落下帷幕。本届运动会由山东省房地产商会、大众网主办，三庆实业集团承办，山东工程职业技术大学协办。
上午
9时，运动场上彩旗飞扬，在庄严的《运动员进行曲》中，由六百余名省房地产商会各会员单位成员组成的竞技方队，迈着铿锵有力的步伐依次走过主席台，接受主席台领导的检阅。入场式结束后，山东省房地产商会秘书长张少辉主持开幕式。山东省土地发展集团董事会秘书、鲁坤产业园区发展集团董事长张清仙和山东省互联网传媒集团大众网房产家居事业部主任王艳丽分别作开幕式致辞。
山东工程职业技术大学工会副主席丁福强表示，体育是社会发展和人类进步的重要标志，是综合国力和社会文明程度的重要体现。发展体育事业不仅是实现中国梦的重要内容，还将为中华民族伟大复兴提供凝心聚气的强大精神力量。他希望通过本届运动会，充分展示山东省房地产商会蓬勃向上的精神风貌，并进一步推动体育运动的开展，丰富各单位职工文体生活，促进山东省房地产行业健康有序发展。
山东工程职业技术大学裁判员岳纪文和山东三箭房地产开发有限公司市场开发部张倩倩，分别代表全体裁判员和运动员进行宣誓，他们表示，将秉持
“团结协作、公平竞争、顽强拼搏”的体育精神，赛出风格，赛出水平。
随后，银丰地产集团董事长李斌，宣布山东省房地产商会第一届运动会开幕。山东省土地发展集团董事会秘书、鲁坤产业园区发展集团董事长张清仙，银丰地产集团董事长李斌，万达地产集团济南城市公司总经理杨扬共同鸣枪开赛，山东省房地产商会第一届运动会正式拉开帷幕。
本届运动会的比赛项目包括男女子
100米、男女子4*100米、疯狂毛毛虫、动感五环、企鹅漫步、力拔山河、楚汉争霸、绑腿跑。经过紧张激烈的角逐，三庆集团代表队、万达地产代表队、银丰地产集团代表队、鲁坤产业园区代表队、三箭集团代表队、济高控股代表队、华润置地代表队、融创置业代表队、保利置业代表队、核电地产代表队、中海地产代表队、大卫国际代表队、天鸿控股代表队、祥泰控股代表队、建邦地产代表队、荣盛代表队、旭辉银盛泰代表队、齐鲁置业代表队、海信置业代表队、中垠地产代表队、幸福连城代表队、金科地产代表队、四建地产代表队、合稼置业代表队、路劲地产代表队、中再生代表队、鲁商发展代表队等均取得优异成绩。
颁奖仪式结束后，万达地产集团济南城市公司总经理杨扬致闭幕词。在商会全体工作人员、山东工程职业技术大学师生及各单位代表队的热情参与和共同努力下，山东省房地产商会第一届运动会，成功完成了各项预定
比赛项目
，圆满落下帷幕。
我校作为本次运动会的协办单位，选派基础部体育教研室教师担任了本次运动会的裁判员，同时在大赛期间涌现了一批学生志愿者。他们专业准确的执裁与贴心周到的服务得到了赛事主办方以及运动员的高度肯定。
据悉，我校基础部体育教研室教师多次应邀参加
2019年泉城（济南）马拉松等赛事的裁判执裁工作，我校青年志愿者亦多次参加“文明章丘 青年先行”、“圆梦西北”等志愿服务活动，受到社会的广泛赞誉与认可。外事执裁工作和青年志愿活动不仅展现了我校师生不忘初心、牢记使命的责任与担当，还有效推动了我校的品牌文化建设。未来，我校将继续以承办各种赛事为契机，加强学校与政府、企业、兄弟院校的联系，提升我校的社会服务能力和影响力。
作者：党政办公室

王允芹

编辑：赵珣

编审：
魏本江
",,24,https://www.suet.edu.cn/info/1026/2503.htm
机械工程学院执行院长宁玲玲的教案收入我校校史馆, 发布时间: 2019-11-18,"
11月14日下午，机械工程学院在卓越楼四楼
举行了
“机械工程学院首届优秀作业笔记展”，其中，有一摞特别的作业，引起了大家的注意，仔细一看，这原来是一本本的备课本，在每一本的封皮上，都认认真真地写着学期、科目、姓名。
这就是机械工程学院执行院长宁玲玲的手写备课本，
翻开教案的第一页，你会震撼、会惊叹、会感慨，
27本手写
教案
，十
几
年如一
日
的坚持，
自始至终
的认真
。教案里所有知识点都清
晰全面
，每个示意图和电路图等都精心布置，每处总结批注都以不同颜色的笔迹显示，从教案的首页翻到末页，察觉不到丝毫的懈怠，即便同一门课的教案也在每年不厌其烦地更新。
宁玲玲从教以来先后荣获
“省教学名师”、“济南专业技术拔尖人才”和“
山东省优秀科技工作者
”等荣誉称号；
获得山东省高等学校优秀科研成果一等奖；指导学生参加各类技能和创新大赛获省级以上奖项
20余项，多次获优秀指导教师称号；发表省级国家级论文7篇；承担的技术开发或技术服务
10
余项
；
获批国家实用新型专利
6项。
2019年11月
宁玲玲控制技术专家工作室获批山东省名师工作室，该工作室先后立项教科研课题
7项，解决盐芯自动化生产新等技术难题8项，为学校“产学研赛”教学模式的开展奠定了坚实的基础。
宁
玲玲
能够取得如今的成就
，离不开她不为人知的努力、满腔的教育热情以及兢兢业业的工作态度。副校长
张有志在参阅的过程中对宁玲玲的教案表示了极高的赞许，并希望所有教师以宁玲玲为榜样，不断提升自己。
活动后，
学校领导一致认为宁玲玲的
教案具有
重要的教育价值、学术价值
和
校史资料价值，
让
校史馆
收入
永久珍藏
。
作者：机械工程学院

王建强

编辑：赵珣

编审：汪少龙
",,25,https://www.suet.edu.cn/info/1026/2505.htm
安徽巨华科教集团CEO付应东率考察组一行来我校考察调研, 发布时间: 2019-11-20,"
1
1
月
2
0
日
上午
，
安徽巨华科教集团
CEO付应东率领安徽扬子职业技术学院
考察组一行
来
我校考察
调研
。
我校副校长李梅松，党政办公室主任韩启斌，评估督导处处长初福民，教务处、合作开发处处长牛翔，科技处处长葛伟，人事处处长张娜，
党政办公室副主任张元
等部门负责人参加座谈会，并陪同调研。
首先，双方在卓越楼五楼第一会议室进行座谈交流
,
会议由李梅松副校长主持。双方领导分别介绍了学校的基本情况。随后，李梅松副校长就学校申本有关工作作经验介绍，并分享了
2019年中国民办教育发展峰会的会议精神
。他说，职业院校
“升本”意义重大，要切实履行高校服务区域经济社会发展的重任，通过产教融合、校企合作实现职业教育的高质量发展。座谈中，双方人员就
职业教育发展、升本工作、专业设置、教学诊断与改进、
管理水平提升
等方面进行了深入交流。
随后，
来宾们在校领导的陪同下参观了
土木工程训练中心、汽车工程训练中心、机械工程训练中心、鼎利学院、甲骨文
IT云教育中心、E时代创客中心
等实验实训中心。
参观结束后，
付应东总经理
对我校先进的实验实训设备和产教深度融合、校企协同育人的教学理念给予高度赞赏
，希望
两校今后进一步
加强交流与协作，共同
开创职业教育事业发展新局面
。
作者：党政办公室

王允芹

编辑：赵珣

编审：汪少龙
",,25,https://www.suet.edu.cn/info/1026/2501.htm
评估督导处开展期中教学检查工作, 发布时间: 2019-11-21,"
近日，根据学校期中教学检查总体工作安排要求，评估督导处开展了试卷核查和教师教学文件的检查工作。
此次检查共对全校
10个教学院（部），28名教师教学文件（包括教学进度计划、教案、学生作业、批改成绩记录、上课考勤），27个行政班级27门课程试卷（含部分补考试卷）进行抽查。校级督导员充分发挥个人专业优势，合理分工，对照相关教学标准，逐项逐份，仔细认真地审查了所有材料，并对审查中发现的好的典型材料以及存在的问题等进行了分析总结，提出了具体的意见建议。
通过这次检查
发现
，我校广大教师能够认真执行学校的教学管理规定和教学标准要求，教学文件整体质量较好。教学督导员希望
老
师
们
进一步加强教学投入，对存在的问题进一步加强整改，使各项教学文件更加规范。
作者：评估督导处

张晓敏

编辑：赵珣

编审：汪少龙


",,25,https://www.suet.edu.cn/info/1026/2498.htm
教育部国际司出国留学工作处高级研究员苗丹国一行来我校调研, 发布时间: 2019-11-21,"
11月20日，教育部国际司出国留学工作
处
高级研究员苗丹国一行四人来我校调研，校长吴梦军、副校长王守光、继续教育学院院长史守如
陪同调研并在卓越楼第一会议室进行座谈
，双方就我校国际交流工作深入探讨并达成共识。
座谈会前
，苗丹国在副校长王守光的陪同下，参观了我校交通工程训练中心、机械工程训练中心、鼎利学院实训中心等，苗丹国一行对我校先进的实验实训设备和产教深度融合、校企协同育人的教学理念给予高度赞赏，希望
双方
今后进一步加强交流与协作。
座谈会上，校长吴梦军对苗丹国一行专程从北京来我校调研指导表示感谢，并就我校历史沿革、办学成就以及升本后国际化发展的规划向苗丹国一行
作了
详细介绍。
苗丹国介绍了我国中外合作办学的基本情况，对我国目前出国留学政策进行了解读，并对出国留学和回国工作现状进行了分析
，
对我校国际交流工作提出了中肯的指导建议
。
会谈中，苗丹国对我校明年准备举办
“2020年中加国际教育高端论坛（山东分会场）”提供了建议，并表示将全力支持。
作者：招生与就业指导中心

马仕军

编辑：赵珣

编审：汪少龙


",,25,https://www.suet.edu.cn/info/1026/2499.htm
我校举办首届学生作业展, 发布时间: 2019-11-21,"
11月14日
-15日
，山东工程职业技术大学
成功举办
了首届学生作业
、
课堂笔记展览。
此次
展览以各学院为单位进行组织，基础教学部、思政课教学部、心理健康教育教研室做好协助工作，教务处、评估督导处、学校学生教学信息中心进行检查打分评比。副校长张有志莅临现场，对各个学院在展览中展现出的良好风貌给予了充分肯定。
此次展览
以推先树优、典型带动为主题，以展示教学特色
,激发同学们的学习兴趣为目的，
各个学院都进行了完备的组织与布置，充分展现各学院特色与风采。
现代艺术学院
组织的展览
思路广泛
、别出心裁，以实践的形式展现专业风采，受到领导老师和同学们的一致好评；
工商
管理
学院
的展览现场布置整洁、组织有序，参展的课堂笔记和作业都是含金量十足；
信息工程学院
通过此次展览体现出了新颖的
思路办学理念及教育模式
。
作者：教务处

李明月

编辑：赵珣

编审：汪少龙
",,25,https://www.suet.edu.cn/info/1026/2500.htm
我校当选中国民办教育协会职业教育专业委员会副理事长单位, 发布时间: 2019-11-22,"
11月16日-18日，由中国民办教育协会主办、山东外事职业大学承办的“中国民办教育协会职业教育专业委员会成立大会”暨“精准推动职业教育创新论坛”在威海顺利召开。中国民办教育协会职业教育专业委员会蔺琪理事长主持会议。首批全国职业本科试点的15所院校，及特邀职业院校、协会、教育集团等25家单位70余名代表参会。
16日上午，中国民办教育协会会长王佐书在会上宣读中国民办教育协会职业教育专业委员会成立文件并颁发聘书。我校当选中国民办教育协会职业教育专业委员会副理事长单位，校长吴梦军担任副理事长。
王佐书会长在讲话中重申
，
中国民办教育协会职业教育专业委员会的职责是为各民办学校做好服务，也是为人民服务。做好服务的基础是团结，众人拾柴火焰高，各大民办院校应团结起来、密切合作，职业教育专业委员会要积极协助各大院校发展，为其发展中遇到的难题出谋划策，做好服务者这一角色，办好民办教育。
在
16日下午的“精准推动职业教育创新论坛”上，威海职业学院党委书记吴永刚作了主旨报告。17—18日，王佐书会长为前来参会的民办职业院校的董事长、理事长、校长、教务处长、教研室主任等作了题为“精准创新职业教育”的主题培训。
吴梦军校长表示，
我校作为职教专委会副理事长单位深感责任重大、使命光荣。今后，我校将始终坚持以习近平新时代中国特色社会主义思想为指导，踏踏实实做好职业本科试点工作，为促进经济社会发展和提高国家竞争力提供优质人才资源支撑。
作者：党政办公室

王允芹

编辑：赵珣

编审：汪少龙

",,25,https://www.suet.edu.cn/info/1026/2495.htm
我校召开在线教学平台使用培训会 , 发布时间: 2019-11-22,"
为加快学校信息化教学建设，提高教师教学信息化水平，
11月21日下午，学校在卓越楼党员活动室召开了在线教学平台使用培训会，学校教学管理人员、全体无课教师参加了培训会，会议由教务处副处长池光胜主持。
此次培训包括两大在线教学平台的应用。首先，由教育部在线教育研究中心课程顾问
、
学堂在线雨课堂培训山东负责人许腾老师对在线教学平台雨课堂进行了介绍，让老师了解在不同场景如何使用雨课堂平台开展教学，展示了如何在平台上发布测验、发布作业、建设试题库和资源库、完成课堂互动、成绩的统计与分析等操作
。
同时，让
参加
培训
的
教师以学生的角色体验课堂教学的互动环节，在平台上参与讨论、回答问题，并针对教师在平台上提出的问题进行解答。接着由我校基础教学部赵世磊老师为大家分享了在线教学课程云班课的使用经验，展示了如何使用云班课平台进行课堂签到、发布问题、布置作业、成绩统计与分析等功能。
作者：教务处

孙良静

编辑：赵珣

编审：汪少龙
",,25,https://www.suet.edu.cn/info/1026/2496.htm
我校开展无偿献血志愿活动, 发布时间: 2019-11-22,"
11月21日，我校在图书馆前校标广场开展“不忘初心 牢记使命”无偿献血志愿活动。
献血时间持续
8个小时，有932人参加了献血,单日献血量达226750毫升。
当日
上午
，济南市血液供保中心的
六
辆献血车驶入我
校
校园内
，我校献血志愿者们早已排起了长队。
9点献血活动开始，信息登记、血液类型检验、静脉采血、观察休息、领献血证，整个献血过程井然有序。很多同学反映已不是第一次献血所以一点都不紧张；更有同学表示，作为新时代的青年人，我们有责任、有义务为社会做出自己的贡献。
我校学生处处长王万里接受了济南电视台记者采访。他表示，一直以来
，我
校
高度重视无偿献血工作，每年学
校
都将无偿献血工作作为专项工作，纳入年度工作计划，统一部署组织。
学生处（团委）
负责学校无偿献血工作的组织与开展，全面负责无偿献血、爱心募捐、爱滋病防治等各项工作。
校
党委行政对无偿献血工作一直给予高度的重视和支持，学
校
充分认识到无偿献血工作在加强大学生思想道德教育、心理健康教育和职业道德教育等方面的积极作用，在人、财、物等方面予以大力支持和保证，有力地推进了此项工作的
开
展。无偿献血工作被纳入了学
校
精神文明建设的内容，成为学
校
精神文明建设工作中的一个亮点。近年来，
全校累计
近
8000
余人次成功进行了无偿献血，为省、市血站无偿献血近
200多万ML。
我
校
先后荣获山东省无偿献血先进单位、济南市无偿献血先进单位
”称号。
作者：团委

皮娜

编辑：赵珣

编审：汪少龙
",,25,https://www.suet.edu.cn/info/1026/2497.htm
台湾环球科技大学校长沈建华一行来我校参观考察, 发布时间: 2019-11-25,"
11月25日上午，台湾
环
球科技大学校长沈建华、幼儿保育系主任任彦怀、国际及两岸事务处副国际长简敏芳一行三人来我校参观考察
。我校
副校长王守光、教务处兼合作开发处处长牛翔、校办公室副主任张元、招生与就业指导中心副主任武云涛、科长马仕军代表我校热情接待了沈
建华
一行。
来宾们在校领导的陪同下参观了机械工程训练中心、鼎利学院、交通工程训练中心、建筑工程学院、工商管理学院等实验实训场所。
双方在卓越楼五楼第一会议室举行交流会，副校长王守光就我校的历史沿革、校园建设、专业特色、发展规划、教学资源与办学成就向来宾进行详细介绍，同时希望两校在师生互访、师资联合培养、合作办学等方面进行合作。沈建华就
环
球科技大学的基本情况、办学理念及国际交流情况做了简要介绍，希望与我校就开展教育文化交流、交换生联合培养等方面进行合作。
会后，双方互赠礼品并合影留念。
作者：合作开发处

牛翔

编辑：赵珣

编审：汪少龙
",,25,https://www.suet.edu.cn/info/1026/2493.htm
重庆市民办教育协会高职专委会考察团来我校调研, 发布时间: 2019-11-27,"
1
1
月
2
6
日
上午
，
重庆市民办教育协会高职专委会考察团在
副秘书长甘永诚的带领下来我校考察调研
，山东省民办教育协会
副秘书长
张威陪同。我校副校长李梅松
、
评估督导处处长初福民等部门负责人热情接待了甘秘书长一行。
首先，
来宾们在校领导的陪同下参观了
土木工程训练中心、交通工程训练中心、机械工程训练中心、鼎利学院、甲骨文
IT云教育中心、E时代创客中心
等实验实训中心。参观结束后，
甘永诚
对我校先进的实验实训设备和产教深度融合、校企协同育人的教学理念给予了高度赞赏。
随后，双方在卓越楼五楼第一会议室进行座谈交流
,
会议由李梅松副校长主持。
甘永诚
介绍了重庆市民办教育情况。李梅松副校长就学校申本及本科层次职业教育试点工作作经验介绍。双方人员就
“办学治校管理与办学特色”，“专业建设、实习实训、产学合作”，“服务地方产业发展的举措和成效”，“国际合作与交流的举措和成效”
等
方面
进行了
深入
交流。
此次考察团由重庆资源与环境保护职业学院、重庆海联职业技术学院、重庆传媒职业学院、重庆电讯职业学院、重庆能源职业学院、重庆科技职业学院、重庆工程学院、重庆交通职业学院、重庆机电职业技术大学、重庆房地产职业学院、重庆应用技术职业学院等
12所院校的校级领导、职能处室负责人共计20人组成。
作者：党政办公室

王允芹

编辑：赵珣

编审：汪少龙
",,26,https://www.suet.edu.cn/info/1026/2490.htm
德州科技职业学院院长孙京家率考察组一行来校考察调研, 发布时间: 2019-11-27,"
1
1
月
2
7
日
上午
，
德州科技职业学院院长孙京家率考察组一行来校考察调研
。
我校
校长吴梦军、
副校长李梅松，相关部门负责人热情接待了孙京家院长一行。
首先，
来宾们在校领导的陪同下参观了
土木工程训练中心、汽车工程训练中心、机械工程训练中心、鼎利学院、甲骨文
IT云教育中心、E时代创客中心
等实验实训中心。参观结束后，
孙京家院长对我校近几年的巨大变化和升本后全校师生团结向上、意气风发的精神面貌表示高度赞赏。
随后，双方在卓越楼五楼第一会议室进行座谈交流
,
会议由副校长李梅松主持。孙京家院长介绍了德州科技职业学院
“一校两区，三地办学”的办学格局和积极探索职业教育发展方向的战略蓝图。校长吴梦军就我校历史沿革、办学特色、办学成就、申本取得的经验做法等作了具体介绍。副校长李梅松详细介绍了我校申本工作具体实施办法及目前开展本科层次职业教育试点工作取得的一系列成效。
孙京家院长对我校的热情接待表示感谢，希望
两校今后进一步
加强交流与协作，
携手共进，
共同
开创职业教育事业发展新局面
。
作者：
党政办公室

王允芹

编辑：赵珣

编审：汪少龙
",,26,https://www.suet.edu.cn/info/1026/2491.htm
我校党政联席会传达学习党的十九届四中全会精神, 发布时间: 2019-11-27,"
11月26日下午，我校党政联席会在卓越楼第一会议室召开，会议专题传达学习了党的十九届四中全会精神。党委书记胡小林，党委副书记、校长吴梦军及全体校领导、联席会成员出席会议，会议由胡小林书记主持。
会议首先集中学习了新华社
10月31日播发的新闻通稿《中国共产党第十九届中央委员会第四次全体会议公报》。随后，胡小林书记就全校开展学习贯彻党的十九届四中全会精神工作进行了动员部署。他指出，党的
十九届
四
中
全
会是一次具有开创性、里程碑意义的重要会议，是我们党在新时代统揽伟大斗争、伟大工程、伟大事业、伟大梦想的重大战略安排，是对
“
五位一体
”
总体布局和
“
四个全面
”
战略布局的制度性升华，充分体现了我们党的历史自觉、战略眼光和政治担当
。目前全国上下掀起了一股学习党的
十九届
四
中
全
会
精神的热潮。山东省委高校工委也成立了宣讲团，由
100名专家、教授组成。根据安排，12月上旬，宣讲团成员、齐鲁师范学院马克思主义学院院长刘振光教授将来我校宣讲，各有关部门一定要做好组织、准备工作，确保宣讲取得圆满成功。
吴梦军校
长在会上强调，学校党委要把学习宣传贯彻党的十九届四中全会精神作为当前和今后一个时期的最重要的政治任务，深入学习好、宣传好、贯彻好党的十九届四中全会精神。要把学习贯彻全会精神与
“不忘初心、牢记使命”主题教育紧密结合起来，用十九届四中全会精神指导我校职业本科试点工作，深化产教融合，打造特色品牌，提高政治站位，强化责任担当，勇于探索，先行先试，奋力闯出一条本科层次职业教育的创新发展之路。
作者：文化宣传处

汪少龙

编辑：赵珣

编审：林玉贵
",,26,https://www.suet.edu.cn/info/1026/2492.htm
爱心助学  扶贫扶智——山东工程职业技术大学校长助学15岁不幸女孩, 发布时间: 2019-11-29,"
习近平总书记指出
,“扶贫必扶智。让贫困地区的孩子们接受良好教育,是扶贫开发的重要任务,也是阻断贫困代际传递的重要途径。” 11月28日下午“
希望山东

福彩有爱
——
留守儿童
‘
课本剧
’
支教
暨汇报演出
”在山东广播电视台音乐厅举行
。
活动现场，播出了四所被支教小学的学校及学生们的视频短片，视频记录了留守儿童与父母的真情告白；志愿者与孩子们排练课本剧的过程。接下来，孩子们带来了
《小蝌蚪找妈妈》
、
《为中华崛起而读书》
、
《一只窝囊的大老虎》
、
《妈妈
,我等你回家》
4幕由语文课本改编而来的戏剧。来自长清八一希望小学的孩子们带来的《妈妈，我等你回家》击中了观众的泪点，剧中妈妈的扮演者，毕业于这所小学，现在是长清孝里中学毕业的一名初中生。父亲过世，母亲改嫁，家中的顶梁柱爷爷查出癌症，仅第五天，也就是她参加中考的第一天，爷爷去世了，留下年迈的奶奶和弟弟妹妹，一连串的打击让这个只有15岁的小姑娘扛起了家庭所有的重担。刷盘子洗碗，只要能挣点钱就去干活，来养活弟弟妹妹，照顾生病的奶奶。在她的眼中，我们看到了坚毅和顽强，在她的话语中，我们听到了感恩和知恩图报。
“知识改变命运”是这个女孩在舞台上发自内心的呐喊，“上学，是我改变命运的唯一途径，我想等到弟弟妹妹长大一点的时候我就去上学”。主持人告诉女孩，“今天我们节目组要给你一个惊喜，我们邀请到了你心仪已久的大学校长”，此时吴梦军校长当即上台表示:为孩子圆梦
，
山东工程职业技术大学愿意为孩子免除学费、杂费等一切上学的费用，并且提供勤工助学的岗位，帮助孩子完成学业。此时，现场掌声经久不息。
据悉，多年来，学校在吴立春理事长和吴梦军校长的领导下，多次参加公益活动，向社会奉献爱心，响应国家号召，精准扶贫。学校建立了完善的
“奖、助、补、贷、偿”
资助政策，每年都会走访建档立卡的贫困学生家庭，送去资助金、米油面等资助物品，带去温暖。吴校长表示，今后还将继续参加社会公益活动
, 以实际行动帮助那些急需帮助的人,为发展我国的慈善事业,为弘扬中华民族的传统美德做出贡献。

作者：

文化宣传处

王玉珠

编辑：赵珣

编审：魏本江

",,26,https://www.suet.edu.cn/info/1026/2487.htm
我校钮平章教授出席2019年“服务企业万里行”品牌活动项目签约会, 发布时间: 2019-11-29,"
11月27日上午，2019年“推动科技创新 促进动能转换---服务企业万里行”品牌活动项目签约会在槐荫区图书馆举
行
，
我校
机械
工程
学院院长钮平章教授出席
并作
专题发言
。
会上
，
大家一同观看
了
服务企业万里行活动宣传片。槐荫区政协副主席、科协主席马厚强为今年新成立的四家企业科协授牌；山东省科协学会部副部长周刚为山东天岳晶体材料有限公司院士工作站授牌；济南市科协副主席胡辉为三家专家工作站授牌。随后，山东省农业科学植物保护研究所与山东亚龙生物科技有限公司，山东工程职业技术大学与山东科弘微波能有限公司分别完成产学研项目签约，达成战略合作意向。
我校
机械
工程
学院院长钮平章教授
作
专题发言
。
他指出
，
槐荫区科协
“服务企业万里行”品牌活动始终坚持以企业为中心的发展思想，助力创新驱动发展，推动企业科技成果落地转化及推广应用，为推动全区营商环境和新旧动能转换贡献力量。
钮
平章
教授最后表示，
很荣幸能参与到这项活动中来，与企业针对生产经营中出现的问题进行交流分析，与区科协、企业一起为服务企业科技创新出谋划策，促进企业高效精准
地
解决问题，实现创新发展。
作者：
机械工程训练中心

南庆霞

编辑：赵珣

编审：汪少龙
",,26,https://www.suet.edu.cn/info/1026/2488.htm
清华经管EMBA山东校友会走访山东工程职业技术大学, 发布时间: 2019-11-29,"
11月28日下午，清华大学经管学院EMBA教育中心副主任庄丽老师带领清华经管EMBA山东校友会一行5人走访
山东工程职业技术大学。副校长李梅松，党政办公室主任韩启斌、副主任张元全程陪同接待。
来宾们在校领导的陪同下，参观了土木工程训练中心、交通工程训练中心、机械工程训练中心和鼎利学院等实验实训场所。参观结束后，庄丽老师对我校积极对接行业企业标准，以培养高层次技术人才为目标，不断深化产教融合、校企合作的育人模式给予了高度评价。清华经管
EMBA山东校友会成员从我校可持续性发展角度提出建议性意见并表达殷切期望。
山东工程职业技术大学是由教育部批准的全日制本科层次职业技术大学，由清华经管
EMBA08级校友、三庆实业集团总裁吴立春先生创办。二十九年栉风沐雨，二十九载砥砺前行，在吴立春理事长和三庆实业集团的大力支持下，学校2018年升格为本科层次职业院校，2019年5月正式更名为山东工程职业技术大学，成为全国首批本科层次职业教育试点院校之一，实现了发展历史上的新跨越。
作者：党政办公室

王允芹

编辑：赵珣

编审：汪少龙
",,26,https://www.suet.edu.cn/info/1026/2489.htm
人人争做宪法的宣传者、执行者和捍卫者, 发布时间: 2019-12-04,"

《
中华人民共和国宪法
》

是中华人民共和国全国人民代表大会制定和颁布的国家根本大法。规定国家的根本制度和根本任务，公民的基本权利和义务，国家机构的组织原则和职权。宪法具有最高的法律效力，一切法律、法规都必须依据宪法，都不得同宪法相抵触。
全国各族人民、一切国家机关和武装力量、各政党和各社会团体、各企业事业组织，都必须以宪法为根本的活动准则，并且负有维护宪法尊严、保证宪法实施的职责。作为
高校教师和学生
更应及时认真学习贯彻好新宪法。只有学好宪法，才能理解宪法、宣传宪法、维护宪法、遵守宪法，争做新时代宪法的宣传者、执行者和捍卫者。
对教师的要求：
一是要学深吃透宪法。宪法是国家的根本大法，是母法。
高校教师
不仅要学好宪法，而且要理解
宪法的丰富内涵，
要注重理论联系实际，做到学以致用，要做新时代宪法的明白人
。
只有学好宪法，才能让宪法植根于心中，也只有学好宪法，才能
将如何学习
宪法
传递给学生，使宪法
实施成为我们的自觉行动。
二是要大力宣传宪法。作为教师尤其是党员教师，不仅要带头学习宪法，还要带头宣传贯彻
执行
宪法
，
在学习了宪法后，应不断提高自己的综合素质，不断增强依法执教的意识并把学法、知法、守法、用法的意识贯彻到自己的实际生活与教育教学工作中去
，
在今后一段时期内，都要把学习宣传宪法作为宣传工作的重点来安排。
三是要严格遵守宪法。
高校教师
要做新时代宪法的执行者，要时刻保持对宪法的敬畏之心
。此外，还应重视自身的师德修养，要严格要求自己，做到以德服人，以身立教，在平凡的工作中要安贫乐教，甘于奉献、甘为人梯，为学生树立起楷模的形象。严格执行师德师风规范要求，自觉遵守宪法。
四是要坚决捍卫宪法。宪法是新时代推进全面依法治国、推进国家治理体系和治理能力现代化的根本大法，
作为新时代高校教师
，要做新时代宪法的捍卫者
。在教学过程中
坚持做到关心尊重每一个学生，用教师的爱心去化解学生的
各类思想问题
，最大限度的激发学生学习的主观能动性和积极性，从而让他们全身心的投入到学习
宪法
中去
，使学生
在日常生活中养成遵守和维护宪法的习惯
。
对学生的要求
：
一是学生应当认真学习宪法，了解宪法的性质和基本内容。知道哪些行为是宪法提倡和鼓励的，哪些行为是宪法所禁止的，明白宪法不仅是一切国家机关、团体和组织的最高行为准则，也是全体公民的最高行为准则，增强宪法观念，在社会生活中自觉运用宪法的标准去规范自己的行为。
二是要在日常生活中养成遵守和维护宪法的习惯。良好的习惯的是在长期的学习和实践中形成的，高校学生要养成遵守和维护宪法的习惯，就要从日常生活中的小事做起并持之以恒，如不逃课、不缺课，严肃认真对待学习、刻苦学习，认真完成每一次作业，珍惜公民受教育的权利，自觉履行公民的义务等。
三是要以各种形式宣传宪法，并同违反宪法的行为作斗争，时时刻刻用实际行动捍卫宪法的尊严。要将所学的宪法知识，以各种形式向自己的同学、老师、亲朋好友等进行宣传。让周围人也知道宪法的重要性，了解宪法的要求，共同遵守宪法，为建设和谐、美好的家园做出贡献。

作者：赵珣

编辑：赵珣

编审：魏本江

",,26,https://www.suet.edu.cn/info/1026/2485.htm
我校思政课教学部开展校园法律咨询服务活动, 发布时间: 2019-12-04,"
2019
年
12
月
4
日是我国第
6
个国家宪法日暨第
19
个全国法制宣传日。为了进一步普及法律知识，提高学生法律素养，拓宽实践教学实现形式，增强教学效果，构建和谐美好的法治校园，
12
月
4
日中午，我校
思想政治理论课教学
部在学校北苑餐厅前开展了校园法律咨询服务活动。
活动现场，前来咨询的同学们与老师们面对面、一对一地交流，现场气氛十分活跃。同学们带着准备好的法律问题及感兴趣的法律案例前来咨询，咨询的问题大多是日常生活中常遇到的问题，如大学生兼职及实习期间的法律纠纷、同学间的债务纠纷、校园贷、网上购物纠纷、未成年人犯罪及校园暴力、大学生婚姻、个人隐私被泄露如何维权、香港修例等相关法律问题。针对同学们提出的各种法律问题，法学老师们利用自己的法律专业知识，结合我国现行的相关法律规定及现实中的经典法律案例，耐心地为同学们解疑答惑，提供了法律建议和意见。活动中，老师们不仅解决了存在学生心中的疑惑，还注重引导同学们从法律层面思考问题，培养法治思维，增强法律意识，提高法治思维能力
本次法律咨询服务活动取得了良好效果，有的同学留下了老师的联系方式，希望以后能随时向老师咨询遇到的法律问题，老师们均表示欢迎咨询。活动后，前来现场咨询的同学们纷纷表示此次活动收
获
匪浅，他们一致认为作为新时代的大学生应该严格要求自己，努力做到尊法、学法、守法、用法，而且应从身边小事做起，从遵守校规校纪做起，为法治校园建设贡献自己的青春力量。
作者：
思政课教学部

孔德花

编辑：赵珣

编审：汪少龙

",,26,https://www.suet.edu.cn/info/1026/2486.htm
“歌唱祖国 逐梦青春”庆祝中华人民共和国成立70周年暨“一二•九”运动84周年合唱比赛圆满落幕, 发布时间: 2019-12-05,"
12
月5日下午，由学校学工部、团委、党委宣传部主办的“歌唱祖国 逐梦青春
”庆祝中华人民共和国成立70周年暨“一二·九”运动84周年合唱比赛在我校诚基楼报告厅成功举行，官方微信同步全程直播。我校青年学子共同讴歌70年来祖国取得的伟大成就，唱响新时代中国特色社会主义主旋律，为全校师生奉献了一场精彩的视听盛宴。学校副校长李梅松等领导出席本次合唱比赛。
同时，为保证大赛公平公正，特邀请各二级学院的分管领导及党政办公室，党委宣传部，思政教学部，教务处的领导组成本次大赛的评审团。
比赛在嘹亮的团歌声中拉开帷幕，共有来自全校八个二级学院代表队参赛。必选曲目《我和我的祖国》，深情的演绎表达出了我校师生对于祖国的深厚感情。
信息工程学院的歌曲《我们都是追梦人》旋律高亢、催人奋进，唱出了新时代青年胸怀梦想、不懈奋斗的人生追求；工商管理学院《十五的月亮》感情真挚，旋律优美，带给大家极为享受的听觉盛宴；建筑工程学院以及鼎利学院的歌曲《祖国不会忘记》激荡人心的歌声中充满了民族自豪感和自信心；机械工程学院歌曲《没有共产党就没有新中国》优美的旋律表达了我校学子对于中国共产党的赞美以及坚持党的领导的初心和使命。
最终，建筑工程学院荣获一等奖；工商管理学院和现代艺术学院荣获二等奖；机械工程学院、交通工程学院、信息工程学院荣获三等奖。继续教育学院和鼎利荣获优秀组织奖。大赛在大学生艺术团带来的合唱《光荣与梦想》的歌声中圆满落幕。
纪念“一二·九”运动合唱比赛是我校思想政治教育品牌活动。本次比赛以“歌唱祖国 逐梦青春”为主题，用歌声赞美祖国，引导广大青年学生树立远大理想，热爱伟大祖国，担当时代责任，勇于砥砺奋斗，练就过硬本领，锤炼品德修为，把习近平总书记“有理想、有本领、有担当”的殷切嘱托转化为实现中华民族伟大复兴中国梦的强大动力。
作者：团委
皮娜   编辑：赵珣   编审：魏本江
",,26,https://www.suet.edu.cn/info/1026/2484.htm
我校举行防诈骗文艺汇演, 发布时间: 2019-12-06,"
12月5日下午，山东工程职业技术大学
防
诈骗文艺汇演在
卓越楼五楼
党员活动室举行，活动邀请
到
山东警察学院安全宣讲团演出。济南市公安局章丘分局双山第二派出所高伟所长、徐海港副所长，山东警察学院安全保卫处副处长邵明宇，山东工程职业技术大学安全保卫处处长徐永帅，学生处副处长邓妍以及
200名师生
观看了
此次
文艺汇演。
汇演通过小品、相声等形式
联系实际
直观地给学生们展示
了防诈骗案例
，例如：安全账户诈骗、冒充熟人、群发短信、退税中奖、
“仙人跳”、
监听他人手机、冒充法院人员等。
汇演结束后，徐永帅表示，
汇演
旨在让
学生们真切地认识到学习
“
防
诈骗
”等相关安全防范知识的重要性和必要性，希望
通过本次汇演
能提高学生的责任意识、法制意识和自身的防范意识，强化识骗防骗能力。
作者：安全保卫处

张健

编辑：赵珣

编审：汪少龙
",,27,https://www.suet.edu.cn/info/1026/2483.htm
我校大学生艺术团舞蹈《花样年华》获得“地产之声”山东省房地产商会第一届文艺汇演最佳才艺奖、最佳风采奖, 发布时间: 2019-12-09,"
12月7日上午，“地产之声”山东省房地产商会第一届文艺汇演在银丰地产集团多功能报告厅成功举办。我校大学生艺术团在党政办公室主任韩启斌、团委大学生艺术团团长蔡雷停、信息工程学院田娜老师的带领下，代表三庆实业集团参加文艺竞演海选。
本活动由山东省房地产商会、大众网联合主办，银丰地产集团承办
，
来自山东省房地产商会会员单位的百十余位青年才俊参加了此次文艺汇演。
我校大学生艺术团选送的舞蹈《花样年华》用优美的舞姿，展现了我校大学生以及新时代房地产人昂扬向上、砥砺前行的精神面貌，获得
“地产之声”山东省房地产商会第一届文艺汇演最佳才艺奖、最佳风采奖两项荣誉，并成功入选山东省房地产商会首届春晚。
作者：团委

蔡雷停

编辑：赵珣

编审：汪少龙
",,27,https://www.suet.edu.cn/info/1026/2481.htm
我校召开“十四五”教育事业发展规划编制会议, 发布时间: 2019-12-10,"
为进一步明确
学校
“十四五”教育事业发展规划纲要编制的思路及要求，有序推进教育事业规划的编制工作，12月10日上午
，我校
在卓越楼第二会议室召开
“十四五”教育事业发展规划编制思路及框架结构研讨会。学校
副
校长李章
泉，
科技处（发展规划处
）
全体人员
，
各学院（部）、各行政部门负责人出席会议。会议由
副校长李章泉
主持。

“十四五”(2021-2025年)期间是学校全面提升教育教学质量和办学水平，实施“ 本科层次
职业教育
”发展战略，建设“特色鲜明高水平职业技术大学”的关键时期。

李章泉
提出，
“十四五”教育事业发展规划的编制要以习近平新时代中国特色社会主义思想为指导，全面落实国务院
《国家职业教育改革实施方案》
、山东省《
关于办好新时代职业教育的十条意见
》和
教育部关于
开展
本科层次
职业教育试点工作的有关文件
精神
。编制工作以目标为导向、以问题为导向，
坚持
“
工程性、融合型
’”
的
职业办学方向不变，坚持改革创新的领先
意识
不变，坚持攻坚克难精益求精的工匠精神不变。
制定十四五规划是全校每个部门
、
每个学院（部）的事情，必须全面行动，必须集思广义，必须协调一致，必须互相支持，要做好这一点，就要明确一切工作，培养高水平技能人才为中心。所有工作围绕这个中心展开，为这个中心服务，
各部门、各院部
要各司其职，又要互相支持，共同把学校十四五都要做好
。









作者：科技处

肖圣颖


编辑：赵珣


编审：
汪少龙



",,27,https://www.suet.edu.cn/info/1026/2480.htm
山东交通学院·山东工程职业技术大学 贯通培养专业课转段测试顺利进行, 发布时间: 2019-12-12,"
12月9日，山东交通学院检查组及专业课教师一行八人来我校开展2020年贯通培养转段测试专业理论与专业技能考试。我校教务处处长牛翔、副处长池光胜、信息工程学院执行院长张文硕等领导予以接洽对接，保证本次考试的顺利进行。
我校
对山东交通学院相关人员的
来访
表示欢迎，对
2016级首次合作贯通转段工作进行总结，吸取经验教训，对2017级贯通培养班学生的教学实践过程进行调整，保证学生有充足的时间备考，同时安排相关专业课老师进行辅导答疑，为学生的备考提供有利条件。山东交通学院信息科学电气工程学院院长吴昌平对2016级成功转段的学生给予高度认可，并对信息工程学院前期工作准备表示感谢。
信息工程学院参加本次转段测试学生共
36人，专业理论课程考试于10:00开始，专业实践技能测试于下午1:30开始。学生严格按照考场规则参加考试，检查组及监考老师对考场秩序进行有效监督，考试过程顺利完成。
考试结束后，山东交通学院信息科学与电气工程学院院长吴昌平与电子信息工程专业负责人武华老师，与我校
2018级贯通培养班学生进行交流，希望所有贯通培养的学生能够踏踏实实的学好基础课程与专业知识，顺利完成转段，走进山东交通学院。武华老师向贯通培养班学生介绍了山东交通学院对转段学生的培养模式和发展规划，并希望所有学生能够在学习过程中加强英语素养的提升，为将来自己的学业发展打好基础。
作者：信息工程学院

马玉英

编辑：赵珣

编审：汪少龙
",,27,https://www.suet.edu.cn/info/1026/2476.htm
山东省宣讲团成员刘振光教授来我校作十九届四中全会精神宣讲报告, 发布时间: 2019-12-12,"
12月12日
下午
，山东省学习贯彻党的十九届四中全会精神宣讲团成员、齐鲁师范学院马克思主义学院院长刘振光教授
在诚基楼学术报告厅
为我校师生作党的十九届四中全会精神宣讲报告。学校全体教师、学生骨干
500余人
聆听
宣讲。报告会由副
校长
林玉贵主持。
刘振光教授在宣讲中，紧紧围绕习近平新时代中国特色社会主义思想和习近平总书记重要讲话精神，系统梳理了党的十九届四中全会精神，对中国特色社会主义制度
“优”在何处进行了深刻的阐释和深入的解读。《中共中央关于坚持和完善中国特色社会主义制度推进国家治理体系和治理能力现代化若干重大问题的决定》的产生过程，
是充分发扬民主、集中全党智慧、广泛凝聚共识的过程，
是科学决策、民主决策、依法决策的过程。《决定》紧紧围绕
坚持和完善中国特色社会主义制度、推进国家治理体系和治理能力现代化这三个主题，阐明了
这是实现
“两个一百年”奋斗目标的重大任务；是把新时代改革开放推向前进的根本要求；是应对风险挑战、赢得主动的有力保证。
刘振光教授从
对我国发展实践及其历史性成就的总结中，从西方资本主义制度的弊端分析中，
对党的领导力量、价值导向、战略谋划、执行力、举国体制、组织体系等十三个方面揭示了我们制度的
“显著优势”，
将中国特色社会主义制度优在何处进行了深刻阐述。
林玉贵在报告
会总结讲话中
指出，
党的十九届四中全会是我们党站在
“两个一百年”奋斗目标历史交汇点上召开的一次十分重要的会议，是在新中国成立 70 周年之际、我国处于中华民族伟大复兴关键时期召开的一次具有开创性、里程碑意义的会议；
是我们党在新时代统揽伟大斗争、伟大工程、伟大事业、伟大梦想的重大战略安排，是对
“五位一体”总体布局和“四个全面”战略布局的制度性升华。目前全国上下掀起了学习党的十九届四中全会精神的热潮。刘
振光
教授的
报告内容详实、逻辑严谨、见解独到、形象生动，他希望每一位师生能够不断增强学习贯彻党的十九届四中全会精神的思想自觉、政治自觉和行动自觉，让大会精神深入人心，凝聚起加快发展我校职业本科教育
的强大动力。
最后，他要求各级党组织要结合近期开展的
“不忘初心

牢记使命
”主题教育活动，联系实际，认真学习贯彻十九届四中全会精神。
作者：
文化宣传处

王玉珠

编辑：赵珣

编审：汪少龙

",,27,https://www.suet.edu.cn/info/1026/2477.htm
我校在山东省高校“公寓的故事”主题教育活动中获奖, 发布时间: 2019-12-12,"
12月
8日—
9
日
，山东省学校后勤协会高校公寓管理分会第三届全体会员大会暨
2019“公寓的故事”优秀作品表彰会在东营召开。我校参赛作品《微电影2》荣获“三等奖”，并获“优秀组织奖”荣誉称号。
根据山东省学校后勤协会《在全省高校开展
“公寓的故事”主题系列教育活动通知》的相关要求，我校公寓管理中心积极筹备，以发生在学生公寓的感人故事、日常生活中的正能量为主线，紧密结合我校公寓“家和”文化建设实际，有针对性地围绕“讲好公寓故事，引领学生成才”的目标，开展了多层次、广范围的宣传组织发动工作，以微视频、舞台表演等形式，举办了“一舍一品”特色寝室评选、文明宿舍评选等系列活动。
学生工作处处长王万里说，
通过本次活动的开展，搭建了学生
“讲好公寓故事，展示学子风采”的平台，加强了宿舍文化建设，提升了宿舍文化品味，强化了宿舍育人功能。
作者：
学生工作处

孟丽萍

编辑：赵珣

编审：汪少龙
",,27,https://www.suet.edu.cn/info/1026/2478.htm
我校召开个人所得税专项附加扣除说明会议, 发布时间: 2019-12-12,"
为贯彻落实个人所得税专项附加扣除政策，让广大教职员工及时享受个税改革红利，更加深入了解
“个人所得税”客户端的下载以及专项扣除数据填报等相关操作，12月11日上午，我校个人所得税专项附加扣除说明会在卓越楼第二会议室召开。
本次会议由人事处处长张娜主持，各部门相关人员出席会议。首先，
张娜
对六项专项附加扣除信息填报做了部署，特别对
2020年个税专项附加扣除确认、修改工作进行了强调。她指出，为贯彻落实《个人所得税专项附加扣除操作办法》等文件，让广大教职工及时享受个税优惠，希望各部门负责人详细记录、认真学习，及时通知并指导本部门符合专项附加扣除项目的人员进行个人所得税手机APP信息确认、修改与新增。
人事处夏婷老师围绕
“更新或下载个人所得税软件、注册个人账户、专项附加扣除填报注意事项、确认及修改专项附加扣除信息、新增专项附加扣除项目”五方面，系统地讲解了纳税人使用手机APP客户端填报个税信息的操作流程，并针对填报中遇到的具体问题进行了解答
，
满足了我校教职员工充分了解个税扣除等各项政策的要求
。
作者：人事处

朱彦同

编辑：赵珣

编审：汪少龙
",,27,https://www.suet.edu.cn/info/1026/2479.htm
我校举行2019-2020学年新团员入团仪式, 发布时间: 2019-12-13,"
12
月
12
日中午，我
校
201
9
-2
020
学年新团员入团仪式在综合楼五楼党员活动室举行。出席此次入团仪式的有
党委学工部部长
王万里
、
团委书记王斌、学生处副处长
邓妍
、
学生处教育科科长丁厚光以及
各
学院
团总支书记，
150余
名新团员
与团学干部代表
参加了此次入团仪式。
仪式由团委蔡雷停老师主持。
仪式在雄壮的团歌声中拉开序幕。首先由团学干部代表宣读中国共产主义青年团章程；接着是领导为新团员颁发团员证，并在新团员代表的带领下宣誓。鲜艳的团旗下，
150
余
名
团员举起右手庄严宣誓：
“我志愿加入中国共产主义青年团，坚决拥护中国共产党的领导，遵守党的章程，执行党的决议，履行团员义务，严守团的纪律，勤奋学习，积极工作，吃苦在前，享乐在后，为共产主义事业而奋斗。”青春誓言，高昂雄浑，表达了
团员
们对共青团组织的无限向往和为团组织增光添彩的豪迈激情。在热烈的掌声中，新团员代表发言，
他
表示要在各方面不断提高自身素质和修养，为团组织增添光彩。

仪式结束后，王
斌
对新入团的同学表示祝贺，
并带全场人员
重温习
近平
总
书记
“勤学，修德，明辨，笃实，爱国，励志，求真，力行”十六字箴言
，
要求同学
们从这一标志性的时刻开始
不忘跟党初心，牢记青春使命，奋发务实进取
，
更好地发挥先锋模范带头作用
。
作者：团委

皮娜

编辑：赵珣

编审：汪少龙

",,27,https://www.suet.edu.cn/info/1026/2473.htm
建筑工程学院两位副教授入选“山东土木建筑学会专家库”, 发布时间: 2019-12-13,"
为更好的推动我省土木建筑行业发展，充分发挥专家在促进行业科技创新、技术进步等方面的作用，经申请和推荐，我校建筑工程学院副教授李传红、韩蕾两位青年骨干教师入选山东土木建筑学会专家库。
山东土木建筑学会是以从事土木建筑专业的科技人员为主，由相关会员自愿组成并依法登记成立的学术性、公益性、非营利性法人社会团体，是山东省科学技术协会的组成部分，是发展我省土木建筑科技事业的重要社会力量。学会接受山东省住房城乡建设厅、山东省科协和山东省民政厅的业务领导和监督管理
。
据介绍，
入选专家库后，李传红、韩蕾
副教授
可在更大范围内参与山东土木建筑工程，接触行业前沿技术信息，为我校建筑类专业和人才建设做出更多贡献。

作者：建筑工程学院

李传红

编辑：赵珣

编审：汪少龙
",,27,https://www.suet.edu.cn/info/1026/2474.htm
“反诈全民行”活动走进山东工程职业技术大学, 发布时间: 2019-12-15,"
12月13日，济南市公安局章丘分局联合济南电视台生活频道“反诈全民行”

活动，在我校
卓越楼五楼党员活动室
举行。
我校安全志愿者组织的骨干代表
200余人参加此次活动。
活动分为讲座和现场互动两部分进行。
讲座上，
分局民警介绍了公安机关围绕打击和防范网络电信诈骗工作所采取的措施以及成效，并围绕校园的整体发案形势，对涉及高校的五类常见诈骗类型进行了普及宣传，希望通过我校安全志愿者的力量进一步扩大宣传的覆盖面，提升我校广大师生的安全防范意识和能力。随后，民警结合
“民警进万家”大走访活动，征求了志愿者代表对反诈骗工作的意见建议。
为创建
“平安校园”，
保护学生的
“钱袋子”不被侵犯，
我校还组织开展了
“反诈骗知识竞赛”、抖音“反诈骗短视频大赛”、公安民警进班级 “反诈骗安全教育”演讲、邀请兄弟院校安全宣讲团来校“防诈骗文艺汇演”等等系列反诈骗宣传教育活动。通过这一系列反诈骗宣传教育活动，提高了我校广大师生的自我防范意识，达到了“入耳、入脑、入心”的效果。
作者：安全保卫处

张健

编辑：赵珣

编审：汪少龙
",,28,https://www.suet.edu.cn/info/1026/2472.htm
我校启动智库、“山东工程大讲堂”建设工作, 发布时间: 2019-12-17,"
12月16日
下午
，我校
党政联席会审议通过了山东工程职业技术大学
智库
建设方案、
“山东工程大讲堂”建设
方案，标志着这
两项
开创性的
工作
正式启动
。
根据建设方案，
山东工程职业技术大学智库
将
建设成为直接服务于学校本科层次职业教育改革和发展，为学校理事会和党政领导班子提供政策性、前瞻性、参谋性职业教育政策研究和咨询的机构。针对国内最新职教政策和山东省经济和社会发展形势，对学校本科层次职业教育教学改革和发展提出前瞻性、导向性、预警性的政策建议。对学校中长期发展规划等重大规划进行咨询论证，并提供咨询建议。接受学校理事会和党政领导班子重大事项委托，开展有针对性的调查研究，为学校理事会和党政领导班子掌握情况、科学决策提供政策思路和建议方案。
“山东工程大讲堂”是学校开展本科层次职业教育试点工作和深入进行本科职业教育改革发展理论探索、实践创新的学习交流平台，济南地区职业教育市校融合、产教融合校企合作、校校合作的融通平台，山东省职业教育专题论坛的重要承载平台，国内外职业教育专家行业企业技术专家新观点、新理念、新经验、新技术的发展普及推广平台。大讲堂内容包括对国家和地方高等职业教育改革发展的政策解读，行业企业新产能新技术普及推广，职业教育先进成果经验介绍
等
。
“山东工程大讲堂”下设“山东工程论坛”，将以学术报告会、职业教育专题论坛以及职业教育热点问题沙龙等形式开展工作。
作者：高等职业教育研究院

马东岳

刘尚儒

编辑：赵珣

编审：汪少龙
",,28,https://www.suet.edu.cn/info/1026/2471.htm
我校武宗金同学参加山东省学生联合会第十二次代表大会, 发布时间: 2019-12-18,"
12月17日，山东省学生联合会第十二次代表大会在山东大厦山东会堂召开。
省委书记刘家义致信祝贺大会召开，省委副书记杨东奇出席会议并讲话。
我校
学生干部代表武宗金
作为正式代表，校团委
办公室主任蔡雷停
作为列席代表出席省学联第十二次代表大会。
刘家义在贺信中向大会召开表示热烈祝贺
，向全省各界青年和青年学生表示诚挚问候和良好祝愿，希望广大青年以习近平新时代中国特色社会主义思想为指引，树牢
“四个意识”、坚定“四个自信”、做到“两个维护”，坚定理想信念，不忘初心、牢记使命，练就过硬本领、锤炼品德修为，勇做走在时代前列的奋进者、开拓者、奉献者。
杨东奇在讲话中强调，
当前，全省上下正按照习近平总书记对山东工作的重要指示要求，全面实施八大发展战略，希望广大青年和青年学生珍惜韶华、把握机遇，勇挑重担、建功立业，刻苦学习、成长成才，带头践行社会主义核心价值观，勇敢肩负起时代赋予的重任。
12月1
8
日
上午
，山东省学生联合会第十二次代表大会
闭幕式在山东省人大人民会堂
会堂召开。
会上选举产生了省学联新一届委员团体单位，我校学生干部代表武宗金代表的山东工程职业技术大学学生会成功入选山东省学生联合会第十二届委员会委员团体。
作者：团委

蔡雷停

编辑：赵珣

编审：汪少龙

",,28,https://www.suet.edu.cn/info/1026/2470.htm
吴梦军同志荣获2019年度“致公党优秀党员”称号, 发布时间: 2019-12-19,"
近日，致公党山东省委六届四次全委会扩大会议暨
“不忘合作初心，继续携手前进”主题教育活动总结大会在济南召开。省政协副主席、致公党山东省委主委赵家军出席会议并代表致公党山东省第六届委员会常务委员会作2019年度工作报告。
致公党省委委员、致公党山东工程职业技术大学支部主委
、
山东工程职业技术大学校长吴梦军出席大会。会上对
“创先争优”先进集体、优秀党员及第一批示范支部进行了表彰
。
吴梦军同志荣获
2019年度中国致公党中央委员会颁发的“致公党优秀党员”称号。其撰写的《充分发挥界别作用
切实增强履职实效》荣获
“争先创优”理论研究优秀成果二等奖。我支部副主委牛翔同志荣获2019年度中国致公党山东省委颁发的“致公党优秀党员”称号。同时我支部荣获2019年度“创先争优”社会服务工作先进集体称号。
致公党山东工程职业技术大学支部自
20
13年成立以来，在主委吴梦军同志的正确领导下，从无到有，从小到大，开拓创新，砥砺前行。 “榜样的力量是无穷的！”
我们要向
主委吴梦军
等
同志
学习，查找
自身的差距与不足
，努力干好本职工作，为学校的发展做出新贡献
。
作者：孙东正

编辑：赵珣

编审：魏本江
",,28,https://www.suet.edu.cn/info/1026/2467.htm
我校召开校级教学改革研究项目结项、验收评审会, 发布时间: 2019-12-19,"
根据《山东工程职业技术大学质量工程项目管理办法》和学校本学期教学工作安排，
12月19日下午，
我校
在卓越楼第二会议室举行
2016年、2017年立项的教学研究改革项目结项、验收评审会。评审会评委、各课程负责人、教务处相关人员参加了会议。会议由教务处副处长池光胜主持。
池光胜对校级教学改革项目结项、验收工作进行了解读跟说明，然后由各课程负责人汇报、评委点评。会后各课程负责人将结合评委意见，完善申请材料。本次共
9
个项教学改革研究项目将进行评审。
作者：教务处

段倩

编辑：赵珣

编审：汪少龙
",,28,https://www.suet.edu.cn/info/1026/2468.htm
思政课教学部举行思政课教学改革研讨会, 发布时间: 2019-12-19,"
为落实教育部《新时代高校思想政治理论课教学工作基本要求》，做好做实习近平新时代中国特色社会主义思想
“三进”工作，推动思想政治理论课课堂教学同信息技术高度融合，创新思政课教学内容和教学方法，
12
月
19日
，
思政
课
教学部在卓越楼
304举
行
思政课教学改革研讨会。
会上，
思政课教学部
主任孟宪勇对思政课教学改革的重要性和意义作了强调，鼓励大家要撸起袖子加油干，大胆地进行思政课教学改革。随后副主任孙勇
分别从思想观念转变、方法模式多样化、科研与教学等方面进行指导，交流了自己对改革的思路和思考，并提出教学改革的更高要求。
与会教师根据课程特点，对思政课教学改革提出了自己的思考
，
并用研究的态度对现阶段存在的问题进行了分析，针对
信息化教学
推广、教学方法设计、教学综合考核、实践教学等方面均提出自己独到的见解
。
最后，孟宪勇
对各位老师热情诚挚的交流和提出的宝贵意见给予充分肯定，希望全体教师要不忘初心
，
牢记使命
，
遵循规律，改革创新，不断提高思政课教育教学质量，为我校培养
“思想品德优，理论基础实、专业能力强、综合素质高”的应用型人才发挥更好的作用。
作者：思政课教学部

王连友

编辑：赵珣

编审：汪少龙

",,28,https://www.suet.edu.cn/info/1026/2469.htm
中科罗伯特（北京）自动化技术有限公司总经理吴海涛一行来我校洽谈校企合作, 发布时间: 2019-12-20,"
12月19日上午，机械工程学
院与
中科罗伯特（北京）自动化技术有限公司在工训中心一楼
会议室召开校企合作
洽
谈会。
机械工程学院院长钮平章
、
执行院长宁玲玲、中科罗伯特（北京）自动化技术有限公司总经理吴海涛、副总经理张翔
，以及
我院
校企
合作
相关
科室
负责人出席座谈会。
钮平章
对企业来访表示欢迎
，
对企业提出的就
“智能制造工程”本科专业开展“卓越工程师”联合培养方案表示认可。他指出，学校恰逢开展全国首批职教本科的机遇，进一步深入开展校企协同育人
，
符合职业教育的属性，顺应学校发展的形势，更符合
国务院印发
的
《国家职业教育改革实施方案》
对职业院校的基本要求。他强调，
学院将不断通过走出去、请进来，广泛进行校企对接、产教融合，密切联系优质企业，紧密合作，优势互补，持续助力企业和区域经济发展。
宁玲玲
介绍了专业建设、
师资队伍、
校企合作
以及
实习就业等方面
的
情况
，
对企业提出的
“卓越工程师”培养方案表示欢迎。
她
希望以此次洽谈会为契机，互利共赢，推动
学校
与企业间更好的交流与合作。
吴海涛
详细介绍了
校企合作
“
卓越工程师
”
培养计划。他指出，校企合作产教融合是时代所需，
“卓越工程师”培养计划更是顺应时代发展，也是教育部主导的高校重点人才培养计划之一，有很大的合作和发展空间。
希望通过本次校企洽谈，校企双方进一步创新合作长效机制，
充分利用和发挥校企双方优势、
深化合作内涵，扩大合作
范围
，实现校企共赢。
作者：
机械工程学院

姬胜

编辑：赵珣

编审：汪少龙
",,28,https://www.suet.edu.cn/info/1026/2465.htm
我校5部作品在反诈短视频大赛中获奖, 发布时间: 2019-12-20,"
12月19日下午，济南市公安局章丘分局主办、大学园区管理服务中心等单位协办的“驻章高校大学生首届反电信网络诈骗短视频大赛”颁奖典礼在章丘区公安分局警官礼堂举行。省高校工委安保处、济南市公安局领导，章丘区委宣传部、政法委主要领导，区公安分局、大学园区管理服务中心主要负责人，各院校分管院长、保卫处长及450余名学生代表参加活动。
在这次大赛中，我校荣获
“优秀组织奖”，推送的作品30部，其中7部作品入围，《抖落诈骗，笑对生活》《将诈骗扼杀在摇篮里》《电信诈骗之法院传票》《通话诈骗》《智斗网络诈骗》5部作品突出展现如何应对电信网络诈骗犯罪，荣获“优秀作品奖”。
作者：保卫处

张健

编辑：赵珣

编审：汪少龙
",,28,https://www.suet.edu.cn/info/1026/2466.htm
山东省政协常委、机关党组成员、委员联络工作委员会主任高峰岗一行来访, 发布时间: 2019-12-25,"
12月24日上午，山东省政协常委、机关党组成员、委员联络工作委员会主任高峰岗，中国侨联常委、省政协常委、福丰年集团董事长刘爱丽一行来我校考察交流。三庆实业集团董事长、学校理事长吴立春先生，校长吴梦军、副校长王守光、党政办公室主任韩启斌等，热情接待了高峰岗
、
刘爱丽一行。
来宾们在校领导的陪同下参观了交通工程训练中心、机械工程训练中心、鼎利学院、
E时代创客中心等实验实训中心。高峰岗、刘爱丽对我校先进的实验实训设备和产教深度融合、校企协同育人的教学理念给予高度赞赏。
来宾们与校
领导
在卓越楼五楼第一会议室进行座谈交流。吴
梦军
校长介绍了学校基本情况及本科层次职业教育试点工作；李梦亮总裁介绍了香港海外教育留学服务中心的基本情况；高迪就
“如何推进鲁港两地交流，进一步增强香港青年对国家认同感和使命感”发言；Rose介绍了香港侨界义工团在港公益活动情况。吴梦军
校长
代表学校，李梦亮、金晖代表香港海外教育留学服务中心有限公司，高迪代表山东新侨公益中心签订了合作框架协议。三庆实业集团董事长、学校理事长吴立春先生讲话，他表示集团将一如既往地支持学校发展，并对下一步项目落地提出具体要求。
高峰岗作了总结发言
。他说，之前与
吴梦军校长
共同
参加了省政协关于职业教育的调研，
今天到校后充分感受到学校深耕职业教育领域，
以市场为导向，突出实践教学
的办学优势和特色
，真正培养适应区域经济发展的高素质技术技能人才。山东工程职业技术大学作为全国首批职业本科教育试点院校，责任巨大，希望学校抢抓历史机遇，持续推进内涵建设，积极探索职业教育改革的新思路、新模式，助力我省新旧动能转换和产业转型升级。
吴梦军校长表示，
本次签订合作框架协议，是我校升格为职业技术大学后在加大国际化办学力度方面的重要举措。下一步，学校将全面拓宽国际办学的视野和格局，多领域、多维度扩展合作内容和模式。
作者：
党政办公室

王允芹

编辑：赵珣

编审：汪少龙
",,28,https://www.suet.edu.cn/info/1026/2464.htm
我校荣获2019年度融媒传播和招生宣传工作多项奖项, 发布时间: 2019-12-30,"
12月28日至29日，2019高校融媒传播论坛暨“寻找山东最美大学校园”微视频大赛颁奖典礼和“齐鲁晚报·齐鲁壹点2020年新高考政策研讨会暨教育数据应用与传播研究中心专家聘任仪式”在山东新闻大厦五楼新闻大会堂举行，我校凭借2019年校园新闻宣传工作和招生宣传工作的突出成绩，被评为“2019年度融媒传播最具引导力高校”、“2019年度招生宣传最具公信力高校”、“2019年度招生宣传内容策划奖”、“2019年度山东高招会最受考生欢迎奖”。我校党委宣传部副部长王玉珠、招生与就业指导中心副主任武云涛参加颁奖典礼并上台领奖。
2019年我校党委宣传部（文化宣传处），在学校党委、行政的正确领导下，紧紧围绕着立德树人这一根本任务，通过校园网、校报、微信、微博、短视频平台、广播、校园环境文化建设等校内宣传媒介和社会新闻媒体，大力宣传学校全面提高教育教学质量的改革创新举措与经验，大力宣传师生践行社会主义核心价值观中的典型人物事迹，积极向社会传播校园正能量，为学校发展提供了强大的精神动力，为提高学校的社会知名度和影响力贡献了力量。
2020年我部将再接再厉，不断创新宣传新模式，通过完善宣传工作机制，创新宣传工作方式方法，不断提高新闻宣传质量和实效性，使宣传工作水平再上一个新台阶。
作者：宣传处

王煜浩

编辑：靖雪

编审：魏本江
",,29,https://www.suet.edu.cn/info/1026/2461.htm
我校校长吴梦军被聘为“齐鲁晚报·齐鲁壹点首批教育智库专家”, 发布时间: 2019-12-30,"
12月29日14时，“齐鲁晚报·齐鲁壹点2020年新高考政策研讨会暨教育数据应用与传播研究中心专家聘任仪式”在山东新闻大厦举行。活动现场为“齐鲁晚报·齐鲁壹点首批教育智库专家”以及“齐鲁晚报·齐鲁壹点教育智库核心专家”颁发聘书，我校校长吴梦军教授被聘为“齐鲁晚报·齐鲁壹点首批教育智库专家”。
我校作为全国首批本科层次职业教育试点院校，一直致力于本科层次职业高校的建设与人才培养质量的提升工作，积极推动民办职业教育向高质量发展。吴校长投身教育十几年来，获得了
“黄炎培职业教育杰出校长奖”、“全国职业教育先进个人”、“全国百强职校优秀校长”、“全国三八红旗手”、“致公党全国优秀党员”等荣誉称号。
齐鲁晚报
·齐鲁壹点此次成立教育数据应用与传播研究中心（简称“智库”），旨在新高考模式下，更好地服务高校和考生，我校也将以此为契机更好地为广大考生和家长服务。
作者：宣传处

王煜浩

编辑：靖雪

编审：魏本江
",,29,https://www.suet.edu.cn/info/1026/2462.htm
“百千万工程”公益活动走进山东工程职业技术大学 学生公寓项目, 发布时间: 2019-12-31,"
12月30日，山东省房地产商会“百千万工程”公益活动第九站走进山东工程职业技术大学学生公寓项目。据悉，本活动由山东省工商联指导，山东省房地产商会、大众网联合主办，三庆实业集团、山东工程职业技术大学承办。
活动现场，山东省房地产商会秘书长张少辉、山东中恒建设集团副总经理孙延林、山东工程职业技术大学校长助理兼工会主席刘国栋、山东工程职业技术大学党政办公室主任韩启斌共同为山东工程职业技术大学学生公寓项目城市建设者发放爱心棉衣，希望大家能在这个寒冷的冬天，感受到关爱和温暖！
自我校升格更名后，呈现出蓬勃发展的态势，目前，学校各类在校生
1万余人。为进一步改善办学条件，学校举办者三庆实业集团不断加大投资力度，在不断提升办学质量的前提下，为广大师生员工创造一个环境优美、温馨和谐、设施完善的学习、工作和生活环境。
作者：党政办公室

王允芹

编辑：靖雪

编审：汪少龙
",,29,https://www.suet.edu.cn/info/1026/2460.htm
我校隆重举行2020年元旦师生联欢会, 发布时间: 2020-01-01,"
1
2
月
31
日下午，山东
工程职业技术大学报告厅
欢声笑语，高潮不断，由学生处团委、党委宣传部
、工会
主
办的
“携手筑梦·温
暖前行
”
2020年元旦
师生联欢会在此隆重举行。
出席本次联欢会的有：
山东工程职业技术大学校长吴梦军，副校长林玉贵
、
张诚
、
王守光
、
李梅松，
学
校教职工和学生代表六百余人现场观看演出。
吴
校长
首先代表学
校
党政领导班子
致辞，对全体师生致以新年的祝福
！她充分
肯定了学校过去一年取得的成绩，她说，
2019年是我校的“本科元年”，是具有里程碑意义的一年。自2019
年
5月教育部批准我校更名为山东工程职业技术大学
，
成为全国首批职业本科教育试点院校
以来，学校按照
“对标、优化、整合、提升”
的八字方针，有条不紊、扎扎实实地开展试点工作，全面带动了学校教育教学、
教
科研
等各项管理
水平
的
提升，取得了一系列振奋人心的办学成绩。同时，吴校长
对
学校
发展提出了明确的目标
：
办好人民满意的职业教育。
并提出了
具体的要求
：凝心聚力、解放思想、攻坚克难、奋力拼搏，始终坚持党的政治引领，坚持立德树人根本任务，勇于担当，甘于奉献，
努力闯出一条可推行、可复制的职业教育改革发展之路。
吴校长
宣布
联欢
会正式开始。
本场
联欢
会
以
“携手筑梦·温暖前行”为主题
，
共计十
五
个节目，整体节奏紧凑，表演形式丰富多样，类型丰富，包含了现代舞、歌曲、
相声、健美操
在内的精彩节目。
联欢会
开始，
由校工会和机械工程学院的老师们带来的
充满活力、激情四射的开场舞《
踏板健美操
》
、《腰鼓舞》
点燃了现场的气氛。
歌曲《阿刁》，深情的演唱传达出了我校青年顽强拼搏、不懈奋斗的青春梦想。舞台剧《离天最近的地方》，倾情的演绎触动了现场的每一位观众，再现了我校青年志愿者们的奉献、友爱、互助、进步的志愿服务精神。
现代舞串烧《
SEXY GIRL
》《
FIFTEEN
》，展现出了我校学子的青春魅力，现场的掌声、欢呼声、尖叫声将晚会推向高潮。
歌伴舞《国家》、《不忘初心》以及舞蹈《我和我的祖国》，优美的舞蹈动人的旋律，三个节目的深情演绎表达了我校师生对祖国的热爱
和
不忘初心牢记使命的理想信念。
校工会和基础教学部教职工舞蹈队带来的健美操表演，
跳出了青春的舞步
,跳出了生命的色彩,跳出了专属于他们的靓丽风姿；
相声《说文解字》，让大家在幽默的气氛中体会到了我校浓厚的师生情谊；歌伴舞《我在山工大等你》展现了我校师生昂扬奋进的精神风貌，
寓意着学校事业蒸蒸日上，不断开拓奋进
!
演出结束后，学校
领导与演职人员合影留念。
本场晚会，我校师生们用自己特有的方式，展现青春风采，表达新年祝愿，寄予美好希望。充分体现了我校师生青春昂扬、奋发拼搏、憧憬未来的精神风貌。在习近平新时代中国特色社会主义思想的
指引
下，站在本科职业院校这个新的起点，相信我校师生定会不忘初心，牢记使命，以青春建功的实际行动，在实现中国梦的生动实践中放飞青春梦想，在为实现全面建成小康社会的不懈奋斗中书写人生华章。

作者
：团委

皮娜

编辑：靖雪

编审：魏本江
",,29,https://www.suet.edu.cn/info/1026/2458.htm
2019年度校园十大新闻, 发布时间: 2020-01-01,"
在元旦前夕，学校党委宣传部（文化宣传处）对我校
2019年发生的重大新闻事件进行评选，评出了十大新闻。这些事件从一个侧面展现了学校师生在党政领导班子的正确领导下所取得的发展成就。
2019年6月12日，山东工程职业技术大学隆重举行成立大会暨职业本科教育试点启动仪式。省委、省政府有关领导，济南市、章丘区有关领导，部分兄弟高校、合作企业、商会、友好单位代表，以及有关专家、社会知名人士、校友代表、师生代表等600余人欢聚一堂，共同见证这一历史性时刻。我校更名为山东工程职业技术大学，开启学校发展的新征程。
2019年9月28日，山东工程职业技术大学理事长吴立春应邀出席了由全国政协办公厅、中共中央统战部、国务院侨办、国务院港澳办、国务院台办、中国侨联在人民大会堂联合举行的国庆招待会。吴立春先生应邀参加国庆盛典，学校师生无比自豪，备受鼓舞，表示要积极探索职业本科教育规律，进一步提升教育教学质量，努力开创职业本科教育发展的新局面。
2019年2月，我校校长吴梦军教授当选为中华职业教育社第十二届理事会常务理事。多年来，吴梦军校长孜孜耕耘于职业教育，带领全校师生开拓创新砥砺前行，实现了学校的快速发展。学校已成功升格为职业本科大学，并成为全国首批15所职业本科试点院校之一。
2019年9月18日，我校召开“不忘初心、牢记使命”主题教育工作会议，安排部署主题教育工作。会议要求全体党员干部一定要认真学习、深刻领会本次工作会议精神，真正把主题教育开展融入到学校建设职业本科教育的生动实践中。开展主题教育活动后，广大党员干部和教职工更加坚定了办好职业教育的初心，更加牢记本科层次职业教育先行先试的神圣使命，决心在学校党政领导班子的坚强领导下，为建设高水平的职业本科院校而努力奋斗，为现代职业教育的发展做出应有的贡献。目前，主题教育活动正进入总结阶段。
我校学生吴晓东、武宗金同学于
2019月1月被评为第四届“济南榜样”之“仗义担当榜样”荣誉称号。评选表彰活动由济南市委宣传部、济南市精神文明建设委员会办公室与山东商报联合主办。两名同学成为当代大学生学习的楷模。
山东工程职业技术大学思政党支部书记工作室被遴选为山东高校
“双带头人”教师党支部书记工作室培育创建单位，创建时间为2019年5月31日至 2020 年 8 月。此次遴选高校“双带头人”教师党支部书记工作室培育创建单位，是省委教育工委对我校党建工作的充分肯定。思政党支部表示在学校党委的领导下，积极探索培育符合高校实际、兼顾学科专业特点、可示范可推广的“双带头人”教师党支部书记工作体制机制，充分发挥教师党支部的战斗堡垒作用和党员的先锋模范作用，为学校发展做出更大的贡献。
2019年9月20日，我校与山东外国语职业技术大学、山东外事职业大学共同承担的山东省职业教育教学改革研究委托项目——“本科层次职业教育研究与实践”开题论证会议在我校举行。本课题是一项具有重要实践内容的应用性研究，目的是为全国的本科层次职业高校建设与人才培养，探索一种区别于以往高等教育的办学范式和形成一批理论研究成果。课题成果期望对建立本科层次职业教育办学规范、专业标准、质量评价体系等提供参考案例。
2019年9月26日，“青春为祖国歌唱”山东工程职业技术大学庆祝新中国成立70周年暨2019年迎新生文艺晚会在学校运动场隆重举行，现场八千余师生观看了晚会。我校师生们用自己特有的方式，感恩祖国，歌颂祖国，赞美祖国，表达对祖国的美好祝愿，充分展现了我校师生青春昂扬、奋发向上的精神风貌。

2019年10月，我校成功入选教育部第二批1+X证书制度试点院校名单。我校承担智能财税、传感网应用开发、工业机器人操作与运维共三项证书制度试点任务。我校将以1+X证书制度试点院校建设为契机，按照职业技能等级标准要求，结合实际，组建教学团队，进一步完善参与试点的会计、财务管理、电子信息工程技术、物联网工程、工业机器人技术、智能制造工程专业人才培养方案，明确试点工作的重点建设内容、实施步骤、责任主体和保障措施等，建立可量化的考核指标，进一步加快推进首批1+X证书制度试点工作。
2019年12月6日，山东工程职业技术大学在第12届全国三维数字化创新设计大赛总决赛中荣获佳绩，我校机械工程学院参赛作品“智能爬楼小车”荣获国家二等奖、“仓储分拣货物智能小车”荣获国家三等奖。本次大赛各高校研究生、本科生、专科生同台竞争，我校学子取得的优异成绩，充分展现了我校的人才培养质量。
作者：靖雪  编辑：靖雪  编审：魏本江
",,29,https://www.suet.edu.cn/info/1026/2459.htm
我校召开2019年度部门负责人述职大会, 发布时间: 2020-01-03,"
为全面准确、客观公正地评价各部门负责人履职尽责情况，
1月3日上午，
我校
在卓越楼党员活动室召开
2019年度部门负责人述职大会。校
长
吴梦军
及校领导
张有志、张诚、王守光、李梅松、吴清莲、钮平章、刘国栋出席大会，各部门负责人及处级以上干部
6
0余人参加
大
会。
大
会由人事处处长张娜主持。
述职大
会上，
25位部门负责人先后
作
了述职报告
。
他们用详实的内容、准确的数据，围绕新形势、新要求下争创高水平职业技术大学的目标任务与各部门工作，从内部管理、教育教学、业务发展、队伍培养等方面认真总结梳理过去一年工作，
对
履职尽责情况、工作完成情况、存在的主要问题和今后工作规划作了详细汇报。随后，校领导及部门负责人对述职情况进行民主评议。
年度述职报告是学校总结过去、分析不足、查摆问题、展望未来的一项重要工作
，
是加强中层干部队伍建设，建立健全考核机制的重要举措。
2019年我校成为全国首批本科层次试点院校，
教育教学、教科研水平不断提升，学生管理创新突破，作风建设全面提高，圆满完成了年初制定的各项工作目标。
各部门负责人在述职中均表示，新的一年，
将坚守初心
，
再接再厉，
扎实推进试点工作，促进学校教学、科研、管理水平再上新台阶
。
作者：
人事处

朱彦同

编辑：靖雪

编审：汪少龙
",,29,https://www.suet.edu.cn/info/1026/2457.htm
山东省湖南商会成立十周年庆典活动在济南举行, 发布时间: 2020-01-07,"
2020年1月5日，山东省湖南商会成立十周年庆典活动在济南南郊宾馆蓝色大厅举行。山东省政协原副主席、山东省儒商研究会会长许立全，山东省委统战部原常务副部长、副会长孙传宏应邀出席，山东省湖南商会会长、我校校长吴梦军和400多名来自全省各地的湘籍在鲁企业家和各界人士齐聚一堂，共同见证和回顾商会十周年走过的不平凡历程。
会上，山东省儒商研究会副会长、山东省湖南商会会长吴梦军女士代表商会致辞，对一直以来关心关注和支持山东省湖南商会的鲁湘两省各级党委、政府和社会各界表示衷心的感谢，并回顾了商会十年发展历程和取得的突出成绩。成立十年来，山东省湖南商会不断发展，会员队伍不断扩大，力量不断增强，作用不断凸显，影响不断扩大，商会建设卓有成效，既为在鲁湘籍企业及经商人士提供了汇聚乡情、凝聚力量、维护权益、沟通社会、共创商机的坚实载体，也为推动湖南与山东两地资源互惠、信息共享、合作交流、共同发展创设了崭新平台。
吴梦军表示，在今后的工作中，山东省湖南商会将不忘初心，在两省政府、各位领导、各界朋友的关心和支持下，继续秉承办会宗旨，充分发挥服务会员、联结鲁湘的桥梁纽带作用，以山东省新旧动能重大工程为契机，继续谱写山东湘商精彩华章。
庆典现场，山东省儒商研究会会长许立全、副会长孙传宏分别为十年来给予商会支持付出的会员、嘉宾进行颁奖。
山东省儒商研究会副会长孙传宏代表省儒商研究会宣读贺信，祝贺湖南商会成立十年来所取得的成绩，真诚希望山东省湖南商会在吴梦军会长的带领下，秉承儒商、湘商优良传统，更好地发挥商会的桥梁与纽带作用，推进两省各个层面的区域合作交流、招商引资及市场开拓，为促进两省经济繁荣、产业振兴做出自己的贡献。山东省儒商研究会愿与山东省湖南商会共同促进山东与湖南、企业与企业之间、政府与企业之间的交流、沟通和互动，共同为山东与湖南的美好未来而努力
!
庆典现场还举行了精彩纷呈的文艺演出，大家听乡音、叙乡情、话友谊，共话湘商发展美好蓝图。

来源：山东省儒商研究院

编辑：靖雪

编审：魏本江
",,29,https://www.suet.edu.cn/info/1026/2456.htm
驻章高校“平安校园”创建联席会启动 暨2019年度高校安保总结表彰会在我校举行, 发布时间: 2020-01-09,"
1月8日
上午
，由济南市公安局章丘区分局、章丘区大学园区管理服务中心主办，山东工程职业技术大学承办的驻章高校
“平安校园”创建联席会启动暨2019年度安保总结表彰会在我校卓越楼五楼党员活动室举行。济南市公安局章丘区分局党委书记、局长王纯阁
，
指挥中心主任聂兆禹
，
章丘大学园区管理服务中心主任刘在明
、
副主任宋万意
，
驻章
12所高校分管安全工作的校领导、保卫处长、学生处长
参加会议
。
会上，
聂兆禹
首先
宣读表彰文件及《驻章高校
“平安校园”创建联谊会》制度，
随
后与会领导对获奖单位及先进个人进行颁奖。李梅松副校长代表我校分别从加强组织领导，落实安全工作责任制；强化治安防范，构建平安校园；突出宣传教育，强化师生意识等方面做安全工作经验交流。会后，李梅松副校长就进一步提升学生管理和安全管理工作接受了章丘区电视台的采访。
2019年度我校的安全工作，在全体师生的共同努力下,取得了优异的成绩
，
在驻章高校
“平安校园”创建中，
我校
荣获创建
“平安校园”先进单位，安全保卫处综合科副科长刘淑平荣获“平安创建”先进个人
，安全保卫处
被济南市公安局
授予
集体三等功。

作者：安全保卫处

张健

编辑：靖雪

编审：汪少龙
",,29,https://www.suet.edu.cn/info/1026/2455.htm
我校艺术团代表三庆集团赴地产商会演出, 发布时间: 2020-01-12,"
1月10日下午，我校艺术团团长蔡雷停老师和田娜老师在学校理事长吴立春先生的带领下抵达山东大厦金色大厅，参加由山东省房地产商会、山东省互联网传媒集团携手银丰地产主办的第五届山东省房地产业年度峰会暨第一届地产春晚。
作为省内房地产行业最高规格的论坛活动，山东省房地产业年度峰会今年已是第五届，我校大学生艺术团选送的节目《花样年华》获得了现场热烈的掌声，在峰会表彰中，我校理事长吴立春先生还荣获了
2019年度山东房地产十大领军人物，并授予三庆集团2019年度山东省房地产商会先进单位、2019年度山东省房地产商会“百千万工程”公益活动爱心企业荣誉称号，授予我校党政办公室主任韩启斌2019年度山东省房地产商会优秀工作联络员荣誉称号。
活动最后，省委统战部副部长，省工商联党组书记、常务副主席周云平与商会会员、演职人员一起上台，晚会在全场大合唱《祖国不会忘记》中落下帷幕，第五届山东省房地产业年度峰会暨第一届地产春晚圆满落幕。
作者：团委
蔡雷停

编辑：靖雪

编审：魏本江
",,29,https://www.suet.edu.cn/info/1026/2454.htm
山东省政协委员吴梦军履行职责 反映民意 建言献策, 发布时间: 2020-01-21,"
2020年1月17日至1月21日，
中国人民政治协商会议第十二届山东省委员会第三次会议在山东会堂举行，
山东省政协委员
、山东工程职业技术大学校长吴梦军出席大会，并作为高等职业教育的代表向大会提交了提案。
在大会期间，吴梦军委员同其他代表一起听取并审议了《政协山东省委员会常务委员会工作报告》、《政协山东省委员会常务委员会提案工作报告》等，列席了省十三届人大三次会议开幕会议，听取了山东省政府工作报告和有关报告，参加了小组讨论等议程。她在讨论中，踊跃发言，畅谈对以上报告的理解和认识，对报告中有关职业教育发展问题提出自己的意见和建议。她的发言得到了与会领导和委员们的充分肯定。
据吴梦军介绍，她在此次会议上向大会提交了三份有关高等职业教育发展的提案。一份是
“关于我省设立民办职业院校教师长期从教津贴的建议”。 在提案中她建议政府有关部门借鉴浙江、深圳等地的做法，尽快出台民办职业院校教师长期从教津贴实施办法，以便解决当前我省民办高校中普遍存在着“招人难、留人难”影响教育质量的问题，真正实现民办院校教师与公办院校教师在地位、待遇等方面的平等。另一份是 “关于加大对职业本科试点院校项目建设支持的提案”。吴梦军在提案中提出，
总结一年来我校试点工作的实践情况，我们认为，要做好试点工作，不仅需要学校本身加大改革创新的力度，而且需要政府有关部门，在教科研项目立项、专业群建设、实训基地建设与升级、校内外职业技能培训及
“1+X”证书试点等方面给予政策上的扶持和经费上的支持。以缓解试点院校由于加大投入而带来的巨大资金的压力。
第三份提案是
“
关于引导现有民办学校举办者选择非营利性办学的建议
”。 吴梦军在提案中指出，
民办学校分类管理是党中央、国务院确定的重大改革方向，是贯彻落实《民办教育促进法》的重要举措，是深化教育领域综合改革、促进民办教育健康可持续发展的重要探索。
2019年7月12日，我省出台了《山东省民办学校分类审批登记实施办法》，为积极稳妥推进我省民办学校分类管理，确保现有民办学校更多地选择非营利性，确保非营利性民办学校与公办学校真正享有同等的法律地位，她建议：一是出台非营利性民办学校生均拨款政策，落实同等待遇；二是将非营利性民办学校教师纳入事业单位编制，归口教育部门统一管理。如果这两个问题解决了，就会吸引更多的民办学校选择非营利办学模式。
吴梦军认为，作为一名教育战线的政协委员，要想履行好建言献策、参政议政的神圣职责，就必须密切联系群众，深入实际调查研究，听取群众的呼声。为此，她每年通过走访考察、召开座谈会、面对面交流等形式，广泛听取高校领导和师生的意见和建议。她撰写的提案，真正反映
了
师生的诉求和心声，反映了民办高职院校发展中遇到的问题，为党和政府决策提供了客观真实的依据。她
忠实地履行了政协委员
建言献策、参政议政的神圣职责
。
作者：魏本江

编辑：
靖雪

编审：林玉贵
",,30,https://www.suet.edu.cn/info/1026/2452.htm
山东省教育厅印发防控新型冠状病毒感染的肺炎疫情应急预案, 发布时间: 2020-01-25,"



1月27日，山东省教育厅印发《全省教育系统防控新型冠状病毒感染的肺炎疫情应急预案》，为全省教育系统积极应对和正确处置疫情提供了可操作性的工作方案。

预案要求，全省教育系统要坚决贯彻习近平总书记在中共中央政治局常务委员会会议上的重要讲话精神、党中央决策部署和省委工作要求，把广大师生的生命安全和身体健康放在第一位，把疫情防控作为当前最重要的工作来抓，全面动员，全面部署，按照统一指挥、分级负责、属地管理的原则，建立健全疫情防控组织指挥体系，做到快速反应、正确应对、果断处置，坚决打赢疫情防控阻击战。

预案要求，延期开学期间，学校领导班子按正常时间上班，教职工上班时间由市、县（市、区）教育行政部门和高校疫情防控工作领导小组根据开学准备工作需要确定。

预案要求，各地各校要通过微博、微信公众号等各种渠道向学生和家长宣传普及疫情防治和健康生活知识，充分利用信息化教育资源为学生居家学习提供支持。

预案对疫情防控物资储备、校园集中消毒、传染风险排查、隔离学生学习支持、疫情动态监测等开学准备工作，以及开学后的日常防控进行了部署和安排。待疫情解除后，将及时恢复正常秩序，统筹寒暑假时间安排，保证学生在校学时不减少。

预案中公布了山东省教育厅24小时值班电话和咨询电话。值班电话：0531-81916645，0531-81916500（夜班和节假日）；咨询电话：0531-81916569；传真电话：0531-86916724。



",,30,https://www.suet.edu.cn/info/1026/2449.htm
山东工程职业技术大学全体师生给您拜年啦！祝您新春快乐、阖家幸福！, 发布时间: 2020-01-25,"

文案：汪少龙
美编：徐博  编辑：靖雪  编审：魏本江
",,30,https://www.suet.edu.cn/info/1026/2450.htm
山东工程职业技术大学关于做好新型冠状病毒感染的肺炎疫情防控工作的通知, 发布时间: 2020-01-29,"
各部门、各单位：
当前，新型冠状病毒感染肺炎疫情的防控工作正处于关键时期，我省已经启动重大突发公共卫生事件
I级响应。为切实做好我校疫情防控工作，确保全校师生生命安全和身体健康,
根据省委、省政府、省教育厅和市教育局关于新型冠状病毒感染的肺炎疫情防控工作的有关通知精神，结合学校实际情况，经校领导研究，现将有关事项通知如下：
一、成立专门工作机构
1.学校成立由党委书记、校长任组长，分管校领导为副组长，全体校领导为组员的新型冠状病毒感染的肺炎疫情防控工作领导小组，负责统筹指挥学校新型冠状病毒感染的肺炎疫情防控工作。
防控工作领导小组（以下简称领导小组）主要职责是领导全校疫情防控工作，研究部署防控措施，制订防控预案，督促检查防控工作落到实处。
2.领导小组下设办公室（办公室设在学生处）和防控工作组（以下简称工作组），具体负责落实领导小组安排的工作部署，落实防控管理责任，保障学校防控工作顺利开展。各部门、各单位负责人为工作组成员，要切实提高政治站位，按照职责分工，结合各自实际，研究部署防控措施，依法依规有序防控。
二、全面落实防控责任
（一）严格门禁管理。加强校园管理，原则上外来人员和车辆一律禁止入校；确有特殊情况需要进出的人员和车辆，一律采取测量体温和必要的消毒措施，保卫处逐一做好信息登记；疫情期间学校不接待任何单位及个人来访，如有公务或紧急事项需要来访者，请提前与党政办公室取得联系，联系电话
:0531—80958222。
（二）禁止学生提前返校。学生工作处、各二级学院辅导员要通过电话、短信、微信等方式告知每一位学生，严禁提前返校。假期期间，辅导员要对学生做好教育引导，全面排查、动态管理，及时掌握学生信息及健康状况。学校根据疫情发展情况和上级要求，决定是否推迟春季开学，具体事宜另行通知。
（三）做好重点监控。各部门、各单位要在假期期间及开学后对全体师生员工、后勤服务人员、物业管理人员、商铺营业人员等实时疫情监测，特别是重点监测过去
15天有武汉进出经历或师生中接触过疫情发生后从武汉离开人员的健康状况，如实上报，如有疑似症状，要及时处理并报告。
（四）强化校园卫生管理及后勤服务。后勤基建处、校医务室要准备和储备充足的疫情防控物资，列出物品清单、确保采购到位，安排好值班专业人员，对校区进行定期消毒；后勤基建处负责管理的各经营网点、餐厅、施工单位等，一律按学校统一部署，确定开业（开工）时间。
（五）提前做好教学等工作安排预案。在未接到具体开学通知前，教职工由各部门（单位）根据工作需要安排相关工作，一律居家自护、办公，确实需提前返校工作的教职工，需做好防护措施；教务处、各二级学院（部）要充分利用互联网和信息化教学资源为学生提供学习支持，指导学生安排好在家的学习和生活。
（六）全体师生员工疫情防控期间要减少外出。不参加各类聚集性活动，如无特殊原因禁止外出旅行、参会等，不到人员密集场所，切实做好个人和家庭防护，最大限度减少疫情传播风险；如需外出，务必佩戴口罩，如发现疑似病情，务必及时就医并向学校汇报。
（七）做好信息报送工作。各部门、各单位要落实好日报告、零报告制度，保持电话
24小时畅通；各部门、单位负责人为第一责任人，纪委全程进行监督检查，
重点查处思想不重视、工作不落实、措施不到位
等现象，
不执行疫情报告制度，
漏报、瞒报、迟报等行为，学校将严肃问责。
（八）加大宣传引导力度。加强舆情监测管控，做好舆论引导；积极通过新媒体、微信公众号、工作群等引导广大师生员工自觉遵守防控制度和规定，落实好各项防控措施，提高自我保护意识。


山东工程职业技术大学新型冠状病毒感染的
肺炎疫情防控领导小组办公室
2020年1月28日

编辑：靖雪

编审：魏本江

",,30,https://www.suet.edu.cn/info/1026/2448.htm
心系师生生命安全  捐赠酒精奉献爱心——济南趵突泉酿酒有限责任公司向山东工程职业技术大学捐赠酒精, 发布时间: 2020-02-01,"
酒精是新型冠状病毒的消毒液，随着全国上下新型冠状病毒的阻击战的全面打响，该产品已成为目前市场上十分紧缺的物资。正当我校采购酒精等物资为开学后抗击疫情做好各项准备工作之时，济南趵突泉酿酒有限责任公司的领导，在第一时间联系到我校校长吴梦军，提出向学校捐赠
1000斤酒精的承诺，向学校伸出来援助之手。此时此刻，吴梦军校长十分感激，代表全校师生向济南趵突泉酿酒有限责任公司领导和全体员工表示衷心的感谢。
1月30日，济南趵突泉酿酒有限责任公司的领导和员工把1000斤酒精运到了学校，学校副校长李梅松代表学校接受了捐赠，他代表全校师生，对济南趵突泉酿酒有限责任公司领导和全体员工再次表示感谢，对他们这种“心系师生生命安全，捐赠酒精奉献爱心”的高尚品德给予高度赞扬。
据悉，济南趵突泉酿酒有限责任公司是山东省粮食酒重点生产企业，
“中国白酒工业百强企业”，是
“中国芝麻香型白酒领军企业”，
该公司产品
“趵突泉特酿”先后荣获“世界金奖”、 “山东省白酒行业十大品牌”等荣誉称号，
“趵突泉”商标被认定为
“山东省著名商标”、
“中国驰名商标”、“中华老字号”等。

一方有难，八方支援，众志成城，抗击疫情。当前
正值抗击疫情的关键时刻，山东工程职业技术大学
为切实做好疫情防控工作，根据省委、省政府、省教育厅和市教育局关于新型冠状病毒感染的肺炎疫情防控工作的通知精神，制定并下发了《关于新型冠状病毒感染的肺炎疫情防控工作的通知》，成立了领导小组、办公室和防控工作组，制定了防控预案，落实了各部门、各单位的责任，同时积极储备了酒精、
84消毒液、口罩、防护手套、测温仪等物品。他们决心在上级领导和工人师傅的大力支持下，在学校抗击疫情领导小组的坚强领导下，万众一心，
众志成城，坚决打赢抗击疫情的阻击战，
确保全校师生生命安全和身体健康
。

作者：魏本江

编辑：靖雪

编审：林玉贵、李梅松
",,30,https://www.suet.edu.cn/info/1026/2445.htm
山东工程职业技术大学致全校师生员工的一封信, 发布时间: 2020-02-01,"
亲爱的老师们、同学们：
大家新年好！
新型冠状病毒感染的肺炎疫情
发生后
，国家、省、市高度重视，
学校也快速反应
，
紧急制定了疫情防控工作应急预案，成立了
由党委书记、校长担任组长的防控领导小组，
全面开展疫情排查
、
统筹协调防控工作，迅速建立了网上沟通机制，对全体师生身体状况实时动态监测，同时积极
储备疫情防控
相关
物资
，
为迎接新学期到来做好了充分的准备。
当前，全国疫情防控正处于关键时期，为坚决遏制疫情扩散
，
确保全校师生
员工的
生命安全和身体健康，希望大家高度重视，从自身做起，坚决做到以下几点：
一要提高思想认识，
实施科学防护
。希望大家
提高主动防范意识和自我保护能力，以科学的态度认识疫情，主动学习防疫知识和应对措施，自觉按照科学指引做好个人防护，发现疫情要主动报告、主动隔离、主动就诊。要督促身边亲友提高防范意识，主动劝导亲朋好友勤洗手、讲卫生，尽量不出门，外出戴口罩，不串门、不集会、不聚餐，饮食清淡，作息规律，增强自身免疫力，从我做起，加强自我防护。唯有如此，才能让病毒无处容身，唯有如此，才能彻底切断传播渠道！
二要
严守防控纪律，保持
信息
畅通
。希望大家密切保持与所在部门（学院）的
有效
沟通。
如
出现发热
等
疑似症状，在及时就诊的同时，教职
员工
要第一时间向所在部门负责人报告，学生要第一时间向辅导员报告。
同时，
根据工作需要，学校建立了疫情日排查、日报告制度，严防疫情输入和扩散，希望大家
给予
理解
与配合
。
三要
强化大局意识，服从统一安排
。根据
国家教育部
、
山东
省教育厅文件精神，高等学校
2020年春季学期开学时间不得早于2月24日。
学校
具体开学时间也将根据疫情发展研判确定后
及时通知大家
。因此，除值班人员外，全体师生均不得提前返校
，同时要
及时关注
学校
官方网站
和
微信公众号有关通知，自觉服从
学校
关于疫情防控工作的部署。
四要
拒绝谣言、
科学
理性判断。
希望大家正确认识
新型冠状病毒感染的肺炎
发展形势
，
学习掌握防控的科学知识。
作为高校
师生，
我们更要
以科学理性的眼光看待疫情，
保持乐观心态，
坚决做到不信谣，不传谣，更不能造谣！获取、转发信息要以官方媒体为准，共同维护疫情防控的良好舆论环境，共同凝聚起疫情防控阻击战的磅礴力量。
五
要
珍惜时间，
科学规划
假期
。
希望
老师们
充分利用互联网和信息化教学资源
悉心指导
和
关心学生
，同时
备好课、充
好
电，为新学期的教学和科研工作做好准备
；
希望
同学们
合理规划后续假期生活，
做好自我管理
，徜徉书海
，
提升自我，为新
学期
的学习生活打下基础。
防控疫情，人人有责
，
众志成城、共克时艰
！我们
坚信，在党中央的
正确
领导下，
在全国人民的共同努力下，
我们一定会打赢这场疫情防控阻击战！
中国加油！武汉加油！大家加油！

山东工程职业技术大学
2020年1月31日
",,30,https://www.suet.edu.cn/info/1026/2446.htm
抗击疫情  后勤人在行动, 发布时间: 2020-02-04,"
疫情就是命令，防控就是责任。当前，新型冠状病毒感染肺炎疫情防控进入关键阶段。学校后勤基建处第一时间响应，坚决贯彻落实学校决策部署，坚守在学校防控第一线。
连日来，后勤基建处和物业值班工作人员放弃春节休假，严格落实学校和卫生防疫部门的要求，做好疫情防控工作。校长助理、工会主席刘国栋对现阶段后勤工作提出明确要求，做出详细安排，处室工作人员立即开展相关工作，运用微信群及时通报疫情相关信息，值班人员佩戴口罩上岗，做好个人防护，认真做好值班工作，加强重点防护区域管理。后勤基建处积极做好防护口罩和消毒用品等物资保障，副处长张帆
、王超落实
后勤基建处疫情防控方案，通知校医务室提前安排消毒计划等措施。各科室工作人员做好信息统计、疫情通知、防疫措施等工作。
在保证学校寒假期间正常运行的同时，为做好疫情防控工作，有效切断病毒传播途径，后勤基建处组织学校物业对办公区域、教学区域、学生公寓、专家公寓等重点区域进行全方位消毒液喷洒，定期对电梯厢、按键、门把手进行有效消毒，同时加强消毒登记记录管理。
危难当头显忠诚、关键时刻看担当。后勤基建处将认真落实学校关于防控工作的各项任务部署，全体工作人员凝心聚力，全力做好各项工作，为学校疫情防控做出最大的努力，确保取得疫情防控的胜利。
作者：刘烁

编辑：靖雪

编审：魏本江


",,30,https://www.suet.edu.cn/info/1026/2442.htm
山东工程职业技术大学新型冠状病毒感染的肺炎疫情防控期间开展线上教学实施方案, 发布时间: 2020-02-04,"
为进一步做好新型冠状病毒感染肺炎的疫情防控工作，减少人员聚集，阻断疫情传播，切实保障广大师生身体健康与生命安全，根据《省教育厅省人力资源社会保障厅关于延迟学校春季学期开学时间的通知》和山东省教育厅《关于做好疫情防控期间普通高等学校教学组织与管理工作的通知》等文件精神，结合我校实际，经学校研究，决定对
2019—2020学年春季学期教学安排做出调整，在学生延期返校期间实行线上教学，特制定本实施方案。
一、工作目标
借助爱课程（
http://www.icourses.cn/home/
）
,山东省高等学校线上开放课程平台（
https://sdmooc.zhihuishu.com/search.html
），清华大学雨课堂（
https://mp.weixin.qq.com/s/n613_FCmXzNIhHZqNwvQeg
），蓝墨智能云教学平台（蓝墨官网：
www.mosoink.com
、云班课：
www.mosoteach.cn

、云教材
:
www.mosobooks.cn
），智慧树（
https://www.zhihuishu.com/
），中国电信云课堂（

http://lesson99.com

）等优质线上教学资源，建立教师和学生面对面教学和辅导的虚拟课堂，有效解决学校因疫情无法按期开学正常上课问题，实现全校学生停课不停学，并借机进一步提高教师的线上教学能力，为后期全面推进混合式教学模式奠定基础。
二、实施原则
（一）协同推进。建立全校统筹推进机制，教务处和各院部联动，各部门合力实施，学校、学生、家长协同推进。
（二）分类实施。实行一类一策的原则：公共课以学校为单位，由基础部和思政部负责实施，教务处指导；专业基础课以专业群为单位，由各学院负责实施；专业课以专业为单位，由专业教研室负责实施；通选课由教务处负责组织实施，教师可选择易于线上教学又符合教学要求的课程报教务处审批；体育课开展不依赖场地、器材的素质训练，根据返校时间制定适当的考核方式；依赖专门仪器设备的实践性教学环节延迟到正式开学后补做；
B、C类学生的教学计划按原则上原定方案实施，必要时可结合目前实际进行适当调整
。
同一门课，不管几个任课教师承担，应该使用同一个平台。平台由教研室主任或任课教师选择，院部教学负责人审批，报教务处备案，上报时给出平台网址和登录方式。
三、实施途径
（一）搭建平台
各院部指定专人登录现有线上教学平台
，
尽快熟悉各平台的功能和使用技术，确定易用适用的教学平台（首选课程覆盖面大的平台，如：本科教学建议首选山东省高等学校线上开放课程平台，该平台上没有的个别课程，如《近代史纲要》，可选用爱课程或智慧树等其他平台上的相近课程），制作操作手册或操作微视频，指导每位教师熟练掌握线上平台教学技术；任课教师负责向学生及家长提供线上专场培训及答疑，基于选定的线上教学平台，利用现代信息技术和网络资源，为学生提供课程直播、互动答疑、点播回看、作业批改和课程考核等服务。
（二）运行试点
组织本单位教师和学生利用选定的线上教学平台开展线上教学体验及试运行，发现问题及时反馈。
（三）教学准备
各院部以选定的线上教学平台为基础，多途径聚合易用适用的教学资源，组织任课教师开展研讨，根据
2019-2020学年第二学期教学任务通知书，确定各层次各年级各门课程的教学内容，制定教学进度安排和线上教学指导意见，备好每一门课。
（四）课程安排
教务处和各院部统筹组织任课教师开展线上教学活动，按照不低于原定教学要求和进度的原则，安排好每门课程的线上教学计划和课表。
（五）组织实施
各专业各类学生的线上教学活动由各院部根据教学计划自行安排。
2月10日前，各院部将本单位线上教学实施方案及线上教学责任人和联络人名单报教务处运行科；2月17日开始，本科班主任组织本科生开展《上大学 不迷茫》课程的线上学习体验；2月20日前，各院部公布教务处审定的线上教学课程表，辅导员和本科班主任负责将线上学习通知转发给负责班级的所有学生；2月24日开始，全面组织学生开展线上教学，指导学生利用线上平台进行学习，直至正式开学上课为止。
各院部要及时研究处理线上教学中遇到的问题，并向教务处报备。
四、保障措施
（一）组织保障
教务处成立线上教学工作领导小组，教务处处长牛翔任组长，副处长时德新、池光胜任副组长，基础教学部、思政部、资产处负责人组成工作专班，负责学校线上教学工作的组织实施。各院部建立相应专班，制定具体实施方案，明确线上教学具体责任人和联系人，统筹推进线上教学工作。
（二）师资保障
各院部统筹安排本单位师资，以学科（课程）或专业为单位组织骨干教师承担线上教学工作，统筹安排好各门课程的线上备课、线上教学、线上答疑、线上作业、线上考核与个性化辅导等工作，指导教师开展好线上教学的各项工作。
（三）资源保障
教务处和各院部广泛搜集、充分利用已有资源，鼓励教师加强交流，互相学习，积极探索，发现并主动推荐优质资源或自主开发线上精品共享课程。
（四）技术保障
线上教学开展期间，学校相关部门和各院部成立线上教学技术保障组，实时监控各平台的运行情况，及时解答和解决各类技术问题，确保平台安全稳定运行。
（五）政策保障
学校将尽快出台线上教学工作量计算办法，从政策上保护广大教师在特殊时期为学校教学工作付出与贡献的积极性。


教务处
2020年2月2日
附件
1. 线上教学实施方案基本要求
附件
2.《省教育厅省人力资源社会保障厅关于延迟学校春季学期开学时间的通知》
附件
3.《关于做好疫情防控期间普通高等学校教学组织与管理工作的通知》
附件
1：线上教学实施方案基本要求
根据我校人才培养方案和
2019-2020学年第二学期教学任务通知书，经各教研室及院部认真研究，制定推迟开学期间线上教学实施方案，包括两部分：
1.《学院（部）线上教学实施方案》；
2.《课程线上教学方案》。
一、《学院（部）线上教学实施方案》主要内容应包括：
1.方案综述。
2.所选平台使用、管理监控办法简述。
3.对平台选定、线上教学班级组建以及考勤管理、教学进度和线上时间安排、师生互动方式以及学习答疑办法、课程考核办法以及学生平时成绩评定记载、管理监控等方面的基本安排要求和说明。
4.本科教学、BC类教学重点措施。
5.特殊问题处理情况说明；有待解决的问题及处理建议。
附件
1：本院部课程线上教学安排一览表（班级、课程名称、学分/学时、负责教师、平台名称、平台网址、线上课程名称、学分/学时、主讲教师等）。
附件
2：线上教学领导小组成员，联系人等。
二、《课程线上教学方案》主要包括：
1.方案综述。含目的、方法、结果等。
2.教学安排。含任课教师、课程名称、专业班级、计划学分/学时，使用平台、平台网址、线上课程名称、学分/学时、教材、线上主讲教师、进度安排等）。
3.课程管理。含师生互动方式及辅导答疑、平时成绩评定记载、课程考核办法、学生修读要求等。
各院部请于
2月10日（正月十七）前收齐并审定本单位承担各门课程的线上教学方案，并将《学院（部）线上教学实施方案》（电子版）报教学运行科王燕，QQ：406542578，电话：18905415593，
",,31,https://www.suet.edu.cn/info/1026/2444.htm
山东工程职业技术大学关于延迟2020年春季学期开学时间的通知, 发布时间: 2020-02-05,"
全体师生：
当前，防控新型冠状病毒感染的肺炎疫情是我校工作的重中之重。为全力做好我校疫情防控工作，确保师生生命安全和身体健康，坚决防止疫情在师生中发生和扩散，根据《省教育厅、省人力资源社会保障厅关于延迟学校春季学期开学时间的通知》精神，经学校研究，决定延迟
2020年春季学期开学时间。现将有关事项通知如下：

窗体顶端
一、
延迟开学时间。根据上级要求，高等学校开学时间不早于
2月24日。学校具体开学时间，将视疫情防控进展情况，经科学评估，报上级教育行政部门批准后，提前向社会公布。
二、严禁提前返校。除必要的管理、服务、保障人员外，全校各类学生和全体教职员工，未经学校疫情防控领导小组批准，不得在开学前提前返校。如有学生提前返校或途中被劝返，一经查实，将追究所属学院相关工作人员责任，并给予学生纪律处分。
三、
2020届毕业生未经学校正式通知一律不得赴企业顶岗实习。具体时间学校将按照上级部门的统一部署执行。
四、全体师生要根据本人身体健康状况和所在地有关防控工作要求，留足开学准备时间及居家观察时间
(14天)后返校；返校前应及时将行程、乘车信息和身体状况报告所在部门、单位，返校后务必做好自我观察和开学准备工作。
疫情就是命令，防控就是责任。全体师生员工要充分认识疫情防控形势的复杂性、严峻性和紧迫性。相信只要我们坚定信心、同舟共济、科学防治、精准施策，就一定能够打贏这场疫情防控阻击战。

山东工程职业技术大学新型冠状病毒感染的肺炎疫情
防控工作领导小组
2020年2月4日


",,31,https://www.suet.edu.cn/info/1026/2439.htm
疫无情，我有爱——山东工程职业技术大学开通在线心理咨询服务, 发布时间: 2020-02-05,"
亲爱的老师、同学们：
在
2020这个寒假里，新型冠状病毒感染的肺炎疫情爆发，全国防控形势严峻，也让我们感受到了不一样的假期，计划行程的改变、生活内容的单一，活动空间的受限，朋友圈、新闻每天有关疫情的报道，致使部分同学可能或多或少产生焦虑与不安
，
在这场没有硝烟的战争里，我们不仅要照顾身体的健康，还要维护心理的健康。为了帮助全体师生保持良好心态，我校心理健康教育中心自
1月31日起开通在线心理咨询服务，如有需要，请及时联系我们！
一、服务对象

山东工程职业技术大学全体师生
二、
服务团队

心理健康教育中心专职教师
三、
服务形式
1、
邮箱：
xscxinlizixun@126.com。请在邮件中简要描述您的问题，我们将及时回复。
2、
在线
QQ:             QQ1: 470826235
QQ2: 191955373
QQ3: 540917245
四：服务时间
上午
8：30—11：30，
下午
13：30—17：00
五：注意事项
本次心理服务只针对本次由于疫情受到影响的同学，并且我们将严格
遵循
循保密原则。
病毒无情，我们有爱
——相信在大家的共同努力下，必会战胜疫情，迎来姹紫嫣红的春天！
山东工程职业技术大学
心理健康教育中心
2020年1月31日
",,31,https://www.suet.edu.cn/info/1026/2440.htm
山东工程职业技术大学关于开学前疫情防控期间教职工工作纪律的要求, 发布时间: 2020-02-05,"
全体教职工：
为进一步做好学校新型冠状病毒肺炎疫情防控工作，坚决打赢疫情防控阻击战，结合近期疫情防控形势，根据学校疫情防控领导小组统一安排，现就开学前疫情防控期间教职工工作纪律做以下要求：
一、
开学时间待定，后期将根据疫情发展形势和上级要求而定，请各位教职工耐心等待通知。
二、
学校实行全封闭管理，未经防控工作领导小组批准，不得进入校园。
三、
全体教职工按现在居住地以家庭为单位休息、学习，未接到通知前，不得提前返校。坚决做到不串门、不聚会、不信谣、不传谣，保护自己、保护亲人，为党分忧、为国解难，体现教师的社会担当。
四、
学校各部门、单位要严格按照上级教育主管部门及学校要求，及时报告相关数据，不得迟报、漏报、瞒报、假报。
五、
全体科以上干部、辅导员即日起实行网上办公。所有人员根据疫情防控需要，保持手机、微信、邮件等通讯工具畅通。
六、全体教师假期间要积极备课，根据教务处、各二级学院制定的在线教学实施方案，
科学指导学生的学习和生活，充分利用信息化技术、网络资源和平台，开展网络教学、线上答疑，做到让学生停课不停学。
七、严肃纪律，凡在此次
“防控工作”有失职失责言行，将实行零容忍严肃处理。


山东工程职业技术大学
新型冠状病毒感染的肺炎疫情
防控工作领导小组
2020年2月4日
",,31,https://www.suet.edu.cn/info/1026/2441.htm
山东工程职业技术大学全力以赴打好疫情防控阻击战, 发布时间: 2020-02-06,"
疫情就是命令，防控就是责任。新型冠状病毒感染的肺炎疫情爆发后，山东工程职业技术大学积极行动，主动作为，勇担责任，共克时艰
, 把疫情防控工作作为当前最重要的工作抓实抓好。党委行政高度重视，书记校长靠前指挥，亲力亲为。校长吴梦军第一时间暂停了春节后的中层干部培训班，第一时间责成有关部门制定预案，第一时间联系落实防疫消毒用品等，充分体现了学校高度重视、主动作为、积极应战、严控防范等。目前，学校建立了疫情日排查、日报告制度，严格落实各项防控措施，全校师生情绪稳定。
新型冠状病毒感染的肺炎疫情发生后，山东工程职业技术大学领导心系师生的生命安全和身体健康，对疫情防控工作高度重视。由于正值假期，学校从
1
月
23
日开始就启动疫情防控宣传工作，党委宣传部（文化宣传处）利用学校官微、官网等平台连续推送全国、山东疫情动态，新型肺炎防控知识，中共中央、国务院、教育部及山东省委省政府、省教育厅、市教育局等对防控工作的部署，截至目前学校官微、官网共推送文章、视频
80
余篇（次）。
1
月
29
日，学校发出《关于做好新型冠状病毒感染的肺炎疫情防控工作的通知》，对疫情防控工作进行全面部署。
1
月
31
日，学校心理健康中心开通疫情防控在线心理咨询热线，专职教师通过在线
QQ
、邮箱等方式为同学们答疑，疏解焦虑与不安。
2
月
1
日，学校通过官微、官网发出《致全校师生员工的一封信》，要求师生提高思想认识，实施科学防护；严守防控纪律，保持信息畅通；强化大局意识，服从统一安排；拒绝谣言、科学理性判断；珍惜时间，科学规划假期。
2
月
2
日，学校正式出台《防控新型冠状病毒感的肺炎疫情应急预案》，成立了以党委书记胡小林、校长吴梦军为组长的疫情防控工作领导小组，领导小组下设综合协调组、防控监测组、宣传教育组、教师工作组、学生工作组、校内合作联络组、教学工作组、校园管制组、督导监察组
9个工作组，负责统筹安排、调度相关部门做好负责工作领域内疫情管控、宣传教育、信息搜集和教学安排等工作。应急预案提出，及时与每一名师生取得联系，建立网上沟通机制，做到对师生身体健康状况了如指掌，建立师生流动台账，实行日报告、零报告制度，做到实时动态监测。
2
月
4
日，学校出台《新型冠状病毒感的肺炎疫情开展线上教学实施方案》，对
2019
－
2020
学年春季学期教学安排做出调整，在学生延期返校期间实行线上教学，要求借助爱课程、山东省高等学校线上开放课程平台、清华大学雨课堂、蓝墨智能云教学平台、智慧树、中国电信云课堂等优质线上教学资源，为教师和学生建立了面对面教学和辅导的虚拟课堂，实现全校学生停课不停学。
与此同时，学校采取积极措施，认真做好开学前各项准备。一是做好疫情防控物资储备。后勤基建处和财务处科学测算，落实疫情防控所需物资和经费，提前列出清单，储备好疫情防控所需消毒物品、洗涤用品、口罩、防护手套、酒精、红外体温测量仪、喷雾器、医用防护服装等物资。二是开展校园集中消毒。开学前，后勤基建处对学校教室、宿舍、图书馆、食堂、卫生间等公共场所进行集中清洁消毒，全方位改善学校环境卫生条件。三是做好开学后日常疫情防控预案。密切关注从重点疫区返校、或接触过重点疫区人员的师生员工状况，组织返校师生每天定时测试体温，暂时取消各类培训、大型会议等集体性活动
。
作者：

汪少龙

编辑：靖雪

编审：林玉贵

魏本江
",,31,https://www.suet.edu.cn/info/1026/2436.htm
中共山东工程职业技术大学委员会关于在新型冠状病毒感染的肺炎疫情防控中充分发挥党组织战斗堡垒作用和党员先锋模范作用的通知, 发布时间: 2020-02-06,"
党委各部门
、各党总支：
为深入学习贯彻落实习近平总书记对新型冠状病毒感染的肺炎疫情的重要指示精神，进一步加强党的领导，把疫情防控工作作为当前压倒一切的重要政治任务落到实处，为打赢疫情防控阻击战提供坚强的政治保障，根据中央、省委
、市委
有关疫情防控的要求和工作部署，现就
全校党组织和全体党员
在疫情防控工作中进一步发挥基层党组织战斗堡垒作用和党员先锋模范作用通知如下：
一、提高政治站位，坚决扛起疫情防控政治责任。新型冠状病毒感染的肺炎疫情发生以来，习近平总书记高度重视，作出一系列重要指示，强调各级党委（党组）、各级领导班子和领导干部、基层党组织和广大党员要不忘初心、牢记使命，挺身而出、英勇奋斗、扎实工作，团结带领广大人民群众坚定不移把党中央决策部署落到实处，坚决打赢疫情防控阻击战。疫情就是命令，防控就是责任。全校各
党
总支、支部和广大党员干部要站在树牢
“四个意识”、坚定“四个自信”、坚决做到“两个维护”的高度，坚决贯彻习近平总书记重要讲话和重要指示批示精神，把疫情防控工作作为当前最重要的工作来抓，以对人民群众生命安全和身体健康极端负责的态度，全面强化政治担当，全面进入战时状态，全面树立信心决心，以最坚决有力的措施把中央和省、市委的各项决策部署落到实处。党员领导干部特别是各部门负责人要坚守岗位、靠前指挥，在防控疫情斗争中经受考验，及时掌握疫情，及时采取行动，做到守土有责、守土尽责。要把疫情防控作为巩固拓展“不忘初心、牢记使命”主题教育成果的战场，进一步细化措施、落实责任，切实把广大师生全面组织起来、动员起来，为打赢疫情防控攻坚战提供坚强组织保证。
二、充分发挥基层党组织战斗堡垒作用，全力做好疫情防控各项工作。
全校
各级党组织要把打赢疫情防控阻击战作为当前的最重要政治任务，严格按照
市委市政府、市委教育工委
关于疫情防控工作的部署和上级有关疫情防控的具体要求，加强对
组织
疫情防控的组织领导、宣传发动工作，及时制定全面、周密的疫情防控工作方案，认真做好
本总支
开学前后疫情监测、排查、预警、防控等工作。要充分发挥党的政治优势、组织优势和密切联系群众的优势，全方位组织群众、宣传群众、凝聚群众、服务群众，采取有力措施、积极担当作为。要组织党员师生做好群众工作，稳定情绪、增强信心，不信谣、不传谣，关心关爱困难师生员工，当好群众的贴心人和主心骨，紧紧依靠人民群众坚决打赢疫情防控阻击战。
各基层党组织要
充分
发挥战斗堡垒作用，通过网站、微信公众号、部门工作群、学生群等网络渠道积极宣传疫情防控知识，面向师生开展健康教育，向师生宣传普及疫情防治知识和防控要求
，
及时将疫情防控的有关信息和要求传达到每名师生职工，做到全员知晓、自觉防控，发现情况随时报告，及时采取措施。
党委各部门、各党总支
要引导师生居家外出时做好防控，减少到通风不畅和人流密集场所活动，原则上不要前往疫情严重的地区，如有不适及时就诊。未经学校批准，任何部门或个人寒假期间不得举办师生聚集性活动。

三、充分发挥广大共产党员先锋模范作用，带头落实疫情防控各项任务措施。一名党员就是一面旗帜。广大党员要发挥先锋模范带头作用，始终坚持以人民为中心的发展思想，把疫情防控作为践行初心使命的重要实践，带头站在疫情防控斗争的第一线，身体力行
、模范践行疫情防控部署要求
和
带头执行落实学校
疫情防控
的各项规定及要求。要带头学习宣传疫情防控的科学知识，增
强预防意识和防治能力；带头落实并积极劝导亲友不串门、不集会、不聚餐，在公共场所佩戴口罩；坚决抵制谣言散布，不信谣、不传谣，共同维护社会公共秩序；做好舆情信息收集工作，及时向党组织反馈重要情况，积极提供防控疫情的好办法、好建议；做好师生工作，影响和带动师生坚定信心、同舟共济、科学防治；积极配合有关部门做好密切接触人群的追踪排查和个人防疫检查、信息申报等工作
；
要坚守岗位，争当标兵，主动承担党组织交办的各项任务，坚定站在疫情防控第一线，守初心，担使命，不畏艰险、无私奉献
；
要做到哪里任务险重，哪里就有党组织坚强有力的领导、哪里就有党员当先锋作表率，让党旗在防控疫情斗争第一线高高飘扬。
四、压紧压实各级党组织主体责任，激励党员干部担当作为。与新型冠状病毒感染的肺炎疫情作斗争，是对各级领导班子和领导干部应对突发事件、驾驭复杂局面能力的一次严峻考验，也是对各级领导干部思想觉悟、工作作风、领导能力的一次综合检验。各
党
总支、支部要压紧压实责任，不断强化督导检查，切实以更周全的方案、更有效的举措、更坚决的落实，将疫情防控各项工作逐项落到实处。坚决杜绝干部缺位、党员缺位、工作缺位，对工作不力的严肃追责问责。严格落实市委及市委教育工委防控措施，制定完善学校防控、开学预案，充分调动广大党员、干部的积极性、主动性、创造性。把师生安全和身体健康放在第一位，戮力同心，不惧艰险，营造万众一心、众志成城、共克时艰的浓厚氛围，坚决打赢疫情防控这场硬仗。



中共
山东工程职业技术大学
委员会
2020年
2
月
5
日
",,31,https://www.suet.edu.cn/info/1026/2437.htm
省教育厅关于推迟高等学校、中小学、幼儿园开学的公告, 发布时间: 2020-02-07,"



根据国务院和省委省政府有关文件精神，为加强新型冠状病毒感染的肺炎疫情防控工作，有效减少人员聚集，确保广大师生生命安全和身体健康，山东省教育厅新型冠状病毒感染的肺炎疫情防控工作领导小组研究决定，全省高等学校、中小学、幼儿园推迟2020年春季学期开学，具体开学时间另行通知。推迟开学期间，各市、县（市、区）教育行政部门和学校，要尽可能利用互联网和信息化教育资源为学生提供学习支持，指导学生安排好在家的学习和生活。



2020年1月27日




",,31,https://www.suet.edu.cn/info/1026/2432.htm
市委教育工委致全市大学生疫情防控的倡议书, 发布时间: 2020-02-07,"
",,31,https://www.suet.edu.cn/info/1026/2433.htm
济南市教育局督导检查我校新型冠状病毒感染的肺炎疫情防控工作, 发布时间: 2020-02-07,"
2月7日上午10时，济南市教育局党组成员副局长杨庆杰、安全管理处刘炜处长对我校疫情防控工作采取“四不两直”的方式进行专项督导检查。我校疫情防控领导小组副组长、副校长李梅松，党政办公室、安全保卫处、学生管理处、后勤基建处等有关负责同志陪同检查。
督导检查组对校门口、教学楼区、学生公寓区、防疫物资储备区进行了实地察看，随后在疫情防控工作办公室召开了会议。会上，李梅松副校长对我校防疫工作中组织领导机构建设、文件落实情况、信息上报、动态管控、门禁管理、消毒消杀、物资储备、开学预案等方面做了详细汇报。督导组对我校防疫工作给予了肯定，并对省教育厅（省委教育工委）、市教育局（市委教育工委）对学校下一步做好防疫工作的
11项要求做了相关解读。
检查结束后，李梅松副校长针对此次督导检查召开了疫情防控各工作组专题会议，要求各小组对标市教育局提出的
11项要求，结合学校实际查漏补缺，进一步完善相关工作，相关工作做到有针对性、可操作性、务实管用，全力做好防疫工作。
学校新型冠状病毒感染的肺炎疫情
防控工作领导小组办公室
2020年2月7日
",,32,https://www.suet.edu.cn/info/1026/2435.htm
中共山东省委教育工委关于进一步用好“学习强国”学习平台为打赢疫情防控阻击战提供有力舆论支持的通知, 发布时间: 2020-02-10,"
",,32,https://www.suet.edu.cn/info/1026/2429.htm
奉献爱心抗疫情，助力高校显担当 ——爱心人士田衍龙、高河先生向驻章高校捐赠84消毒液仪式在我校举行, 发布时间: 2020-02-10,"
当前，正值各高校防控新冠肺炎疫情的关键时刻，疫情防控物资在市场上十分紧缺，爱心人士田衍龙、高河先生听闻后，积极联系厂家购买有关物资，并通过章丘大学园区管理服务中心向驻章
11所高校捐赠了6吨84消毒液。2月10日上午10时，简短而饱含温情的捐赠仪式在我校南门举行。田衍龙、高河先生，章丘大学园区管理服务中心副主任宋万意，我校疫情防控领导小组副组长、副校长李梅松及驻章兄弟院校代表参加了捐赠仪式。
田衍龙表示，当前正值疫情防控的关键时期，在了解到市场消毒物资紧俏、高校消毒物资短缺的情况后，本着回馈社会的心愿，希望能通过捐赠防疫物资为高校疫情防控工作贡献一份力量，担负起应有的社会责任。
李梅松副校长对爱心人士的大爱行动表示感谢，表示田衍龙、高河先生的捐赠，对学校疫情防控工作是及时有力的支持，学校将把这批物资妥善分配、安排，全部用于校园疫情防控的第一线，充分发挥最大作用，确保爱心之举落到实处，相信在社会各界和全体教职工的共同努力下，学校一定能够打赢这场疫情防控阻击战。
仪式结束后，李梅松副校长带领党政办公室主任韩启斌，保卫处处长徐永帅，后勤基建处副处长张帆、王超等人员对校内小拇指汽车维修厂，各教学楼、公寓楼进行了全面排查，要求严格落实人员体温检测及场所清洁消毒制度，对公共区域进一步加大清洁、消毒、通风力度，做好防疫物资储备，坚决落实好各项防控措施，不留任何死角和隐患，全力以赴打赢这场疫情防控阻击战。
学校新冠肺炎疫情防控领导小组办公室
",,32,https://www.suet.edu.cn/info/1026/2430.htm
中共山东工程职业技术大学党委关于贯彻落实《中共山东省委教育工委关于进一步用好“学习强国”学习平台为打赢疫情防控阻击战提供有力舆论支持的通知》的意见, 发布时间: 2020-02-10,"
为贯彻落实《中共山东省委教育工委关于进一步用好
“学习强国”学习平台为打赢疫情防控阻击战提供有力舆论支持的通知》，进一步加强疫情防控宣传报道，利用好“学习强国”学习平台，深入学习习近平总书记关于新型冠状病毒感染的肺炎疫情防控系列重要指示精神和党中央国务院决策部署，校党委
现
提出
如下
意见。

一、
善用
“学习强国APP”,切实加强宣传力度

为做好新型冠状病毒感染的肺炎疫情防控工作，坚决打赢疫情防控阻击战。我校宣传部要充分利用好
“学习强国APP”,进一步提高认识，增强责任感和紧迫感，把舆论引导工作作为当前最重要的工作来抓。建立关于疫情的防控宣传工作机制，畅通信息渠道。全力确保正面宣传力度，为打赢疫情防控阻击战提供有力舆论支持。
校各级党组织要
继续做好本单位新闻信息资源、理论资源、文化资源、

影视资源等各类学习资源的梳理和整合，加强防疫供稿工作，不断提高稿件质量和水平。

二、活
用
“学习强国APP”，
创新工作学习方式

我校各
级党组织
要充分利用
“学习强国”各项功能应用，进一步创新工作模式和学习方式，
推动我校广大师生积极用好学习平台，开展网上办公、
“在家学习”。
要利用好
“学习强国”学习平台安全性、可靠性高的优点，积极使用学习群、组织群实现群内成员实时沟通、信息提醒，用好“强国云盘”存储、共享学习素材。

三、巧
用
“学习强国APP”
，
深入加强推广工作

我校
组织部和
各
级党组织
要切实抓住当前利用
“学习强国”办公和学习需求增长的有利契机，依托现有学习组织架构，在党员干部应入尽入的基础上，进一步做好广大普通
教
师
、学
生推广使用工作，
加入到我校教师组织群和学生组织群，
切实增加用户数量。不断扩大
“学习强国”学习平台的影响力，提高山东学习平台的活跃度。





中共山东工程职业技术大学党委

2020 年 2 月 10 日

",,32,https://www.suet.edu.cn/info/1026/2431.htm
习近平在北京市调研指导新型冠状病毒肺炎疫情防控工作时强调 以更坚定的信心更顽强的意志更果断的措施 坚决打赢疫情防控的人民战争总体战阻击战, 发布时间: 2020-02-11,"
中共中央总书记、国家主席、中央军委主席习近平
10日在北京调研指导新型冠状病毒肺炎疫情防控工作时强调，当前疫情形势仍然十分严峻，各级党委和政府要坚决贯彻党中央关于疫情防控各项决策部署，坚决贯彻坚定信心、同舟共济、科学防治、精准施策的总要求，再接再厉、英勇斗争，以更坚定的信心、更顽强的意志、更果断的措施，紧紧依靠人民群众，坚决把疫情扩散蔓延势头遏制住，坚决打赢疫情防控的人民战争、总体战、阻击战。
10日下午，习近平在中共中央政治局委员、北京市委书记蔡奇和市长陈吉宁陪同下，深入社区、医院、疾控中心，了解基层疫情防控工作情况，并视频连线湖北武汉抗击肺炎疫情前线，给全国奋战在疫情防控一线的医务工作者和广大干部职工送去党中央的关怀和慰问。
习近平首先来到北京市朝阳区安贞街道安华里社区，了解基层一线疫情联防联控情况。在社区居民委员会疫情防控指挥部，习近平听取了安贞街道和安华里社区开展联防联控情况介绍。习近平对社区采取多项措施，落实防控责任，实现入户排查、重点群体监控
“两个全覆盖”等做法表示肯定。他强调，社区是疫情联防联控的第一线，也是外防输入、内防扩散最有效的防线。把社区这道防线守住，就能有效切断疫情扩散蔓延的渠道。全国都要充分发挥社区在疫情防控中的阻击作用，把防控力量向社区下沉，加强社区各项防控措施的落实，使所有社区成为疫情防控的坚强堡垒。要以疫情防控工作成效来检验和拓展“不忘初心、牢记使命”主题教育成果，发挥基层党组织政治引领作用和党员先锋模范作用，把社区居民发动起来，构筑起疫情防控的人民防线。
自今年
1月12日起，首都医科大学附属北京地坛医院开始承担新冠肺炎患者的救治、筛查、隔离工作，收治了北京市第一例确诊病例。习近平来到地坛医院门诊楼一层运行监控中心，通过监控画面察看患者住院诊疗情况，并视频连线正在病房值班的医务人员，鼓励他们继续完善诊疗方案，继续全力以赴救治患者，努力提高收治率和治愈率、降低感染率和病亡率，并叮嘱他们做好自我防护。
习近平十分牵挂湖北和武汉的疫情。在地坛医院远程诊疗中心，习近平通过视频连线武汉市收治新冠肺炎患者的金银潭医院、协和医院、火神山医院，向疫情防控一线的医务工作者、干部职工和人民解放军指战员了解情况、听取意见和建议。他强调，全国广大医务工作者不忘初心、牢记使命，响应党的号召，义无反顾冲上疫情防控第一线，同时间赛跑，与病魔较量，顽强拼搏、日夜奋战，展现了对党、对人民高度负责的精神面貌。他指出，现在疫情防控正处于胶着对垒状态，广大医务工作者一定要坚持下去，发扬特别能吃苦、特别能战斗的精神，发挥火线上的中流砥柱作用，始终把人民群众生命安全和身体健康放在首位，全力以赴救治患者，打好武汉保卫战、湖北保卫战。
随后，习近平在远程诊疗中心主持召开视频会议，听取中共中央政治局委员、国务院副总理、中央指导组组长孙春兰，湖北省委书记蒋超良分别代表中央指导组、湖北指挥部所作的汇报。习近平发表了重要讲话。习近平首先代表党中央，向湖北广大党员、干部、群众致以诚挚的问候，向奋战在疫情防控第一线的广大医务工作者、人民解放军指战员和各条战线的同志们表示衷心的感谢，向在这次疫情中不幸病亡的群众表示深切的悼念，向患病者及其家属、病亡者家属表示诚挚的慰问。习近平指出，湖北特别是武汉广大党员、干部、群众积极响应党中央号召，坚定信心、顾全大局、自觉行动、顽强斗争；全国各地坚持一方有难、八方支援，各地区前往湖北和武汉支援的广大医务工作者、人民解放军指战员以及各方面人员发扬越是艰险越向前的大无畏革命精神，闻令而动，坚忍不拔，不怕牺牲，攻坚克难。大家做了大量艰苦工作，付出了巨大努力，为疫情防控工作作出了重大贡献。
习近平强调，全党全军全国各族人民都同湖北和武汉人民站在一起。党中央派指导组到武汉，既是全面加强疫情防控第一线工作的指导，也是同湖北人民和武汉人民并肩作战。武汉是英雄的城市，湖北人民、武汉人民是英雄的人民，历史上从来没有被艰难险阻压垮过，只要同志们同心协力、英勇奋斗、共克时艰，我们一定能取得疫情防控斗争的全面胜利。
习近平指出，湖北和武汉是疫情防控的重中之重，是打赢疫情防控阻击战的决胜之地。武汉胜则湖北胜，湖北胜则全国胜。当前，湖北和武汉疫情形势仍然十分严峻，要采取更大的力度、更果断的措施，坚决把疫情扩散蔓延势头遏制住。一是要坚决做到应收尽收。控制源头、切断传播途径，是传染病防控的治本之策。要采取更加有力的措施，尽快增加医疗机构床位，用好方舱医院，通过征用宾馆、培训中心等增加隔离床位，尽最大努力收治病患者。二是要全力做好救治工作。要按照集中患者、集中专家、集中资源、集中救治的原则，不断优化诊疗方案，坚持中西医结合，加大科研攻关力度，加快筛选研发具有较好临床疗效的药物。三是要全面加强社会面管控。要加强社会治理，妥善处理疫情防控中可能出现的各类问题，各项工作要周密细致，把生活保障、医疗救治、心理干预等工作做到位，维护社会大局稳定。四是要加强舆论引导工作。深入宣传党中央决策部署、对湖北和武汉的关心重视，宣传一方有难、八方支援的大爱精神，宣传一线医务人员、基层干部、公安民警、社区工作者、志愿者等的感人事迹，展现全国各族人民坚定信心、同舟共济的坚强意志。要及时发布权威信息，公开透明回应群众关切，增强舆情引导的针对性和有效性。要加大对传染病防治法和防控知识的宣传教育，引导全社会依法防控，提高人民群众自我防护能力。五是要加强疫情防控工作的统一指挥。中央应对疫情工作领导小组要全面落实党中央要求，突出抓好重点地区疫情防控工作，国务院联防联控机制要加强协调调度，优先保障武汉等重点地区疫情防控工作。中央指导组对湖北和武汉防控工作既要进行指导，也要加强督查。湖北和武汉要把疫情防控作为当前头等大事，统筹加强各市州及县乡防疫工作，健全指挥体系，反应要果断迅速，运转要高效有序，执行要坚决有力。
习近平强调，要关心关爱广大医务人员，他们夜以继日、连续奋战，非常辛苦，也有医务人员不幸被病毒感染，有的甚至献出了生命，体现了医者仁心的崇高精神。各级党委和政府要关心关爱他们，大力宣传优秀典型和先进事迹，帮助解决实际困难和问题，生活、安全、人文关怀都要保障到位。
习近平强调，疫情防控是一场保卫人民群众生命安全和身体健康的严峻斗争。各级党委和政府要坚决贯彻党中央决策部署，把疫情防控工作抓细抓实。各级党政领导干部要靠前指挥、强化担当，广大党员、干部要冲到一线，守土有责、守土担责、守土尽责，集中精力、心无旁骛把每一项工作、每一个环节都做到位。重大考验面前，更能考察识别干部。对表现突出的，要给予表扬表彰、大胆使用；对作风飘浮、敷衍塞责、推诿扯皮的，要严肃问责。要广泛发动和依靠群众，同心同德、众志成城，坚决打赢疫情防控的人民战争。
离开地坛医院，习近平来到朝阳区疾病预防控制中心调研，听取朝阳区疫情防控工作情况介绍。习近平指出，这场疫情对全国各级疾控中心的应急处置能力是一次大考。这次抗击疫情斗争既展示了良好精神状态和显著制度优势，也暴露出许多不足。要把全国疾控体系建设作为一项根本性建设来抓，加强各级防控人才、科研力量、立法等建设，推进疾控体系现代化。
在疾控中心会议室，习近平主持召开会议，听取北京市疫情防控工作情况汇报并发表重要讲话。习近平强调，北京作为首都，做好疫情防控工作责任重大，决不能有丝毫松懈。要坚决贯彻党中央关于疫情防控的各项决策部署，落实落细各项防控措施，坚决抓好外防输入、内防扩散这两大环节，尽最大可能切断传染源，尽最大可能控制疫情波及范围。当务之急是针对节后返京人流逐步增加、疫情蔓延风险剧增的形势，有针对性地制定应对措施。要坚持早发现、早报告、早隔离、早治疗，对密切接触人员要尽可能统一集中进行医学观察。要完善社区联防联控体系，发现问题第一时间报告。要运用大数据等手段，加强疫情溯源和监测。要加强防疫物资保障，重点防控部位的人员和物资都要保障到位。国务院联防联控机制要给予支持调配。
习近平指出，要加强医疗救治，继续巩固成果，坚持中西医并重，组织优势医疗力量，在降低感染率和病亡率上拿出更多有效治疗方案。要实行分级分类诊断救治，实现确诊者应收尽收，对重症、危重症病例要集中救治、全力救治，特别是要密切关注孕产妇、婴幼儿等病例。对可能发生的极端情况要做好充分准备，通过扩充改造医院、增加床位等方式，提高收治能力。要组织高校、科研院所、企业进行科研攻关，加大相关试剂、疫苗、药品的研发力度，争取早日取得突破。
习近平强调，要深入宣传党中央决策部署，营造万众一心阻击疫情的舆论氛围，凝聚起众志成城、共克时艰的强大正能量。要广泛普及科学防护知识，引导群众正确理性看待疫情，增强自我防范意识和防护能力。要及时回应社会关切和舆论关注。要加强水电气热等城市
“生命线”维护，保障城市正常运行。要坚决打击哄抬物价、囤积居奇、趁火打劫等违法犯罪行为，妥善处理好疫情防控中出现的各类矛盾和问题。
习近平指出，要统筹推进经济社会发展各项任务，在全力以赴抓好疫情防控同时，统筹做好
“六稳”工作。要坚定信心，看到我国经济长期向好的基本面没有变，疫情的冲击只是短期的，不要被问题和困难吓倒。要加强经济运行调度，尽可能降低疫情对经济的影响，努力完成今年经济社会发展各项目标任务。要抓好在建项目复工和新项目开工。要稳定居民消费，发展网络消费，扩大健康类消费。要积极推动企事业单位复工复产，对受疫情影响较大企业，要在金融、用工等方面加大支持力度，帮助渡过难关。越是发生疫情，越要注意做好保障和改善民生工作，特别是要高度关注就业问题，防止出现大规模裁员。
习近平强调，中央和国家机关各部门、各单位、各在京央企和部队要积极支持配合首都疫情防控工作。有关部门要加强防疫物资统筹调配，根据北京市疫情防控需要及时投放补充。在京医疗资源、医疗力量也要建立统筹机制，在京中央单位要担负起各自的疫情防控责任，带头落实各项防控措施。
丁薛祥、肖捷、赵克志和国家卫生健康委负责同志陪同考察。
来源：
央视网
（新闻联播）
",,32,https://www.suet.edu.cn/info/1026/2427.htm
关于进一步加强驻济高校疫情防控工作的通知, 发布时间: 2020-02-11,"
",,32,https://www.suet.edu.cn/info/1026/2428.htm
关于严禁教职工提前返校的通知, 发布时间: 2020-02-12,"
",,32,https://www.suet.edu.cn/info/1026/2425.htm
我校智能制造实训中心入选教育部中外交流培养基地项目, 发布时间: 2020-02-12,"
近日教育部中外人文交流中心公布了关于智能制造领域中外人文交流人才培养基地项目
2020年入选院校的通知，我校机械工程学院的机械制造及其自动化、智能制造工程专业申报的智能制造技术实训中心中外人文交流人才培养基地项目获批为2020年第二批筹建院校智能制造领域中外人文交流人才培养基地项目。
2019年为贯彻落实全国教育大会精神和《关于加强和改进中外人文交流工作的若干意见》，根据《国家职业教育改革实施方案》《关于深化产教融合的若干意见》等文件要求，教育部中外人文交流中心拟与亚龙智能装备集团股份有限公司合作实施“智能制造领域中外人文交流人才培养基地”项目，促进产教融合、校企合作，推动培养智能制造领域具有良好人文素养和人文交流能力的高端技术技能人才，服务“一带一路”国际合作和人类命运共同体构建。我校积极参与并组织申报了智能制造领域中外人文交流人才培养基地项目。
我校智能制造技术实训中心入选
2020年教育部智能制造领域中外人文交流人才培养基地项目后，我们将结合学校发展规划、现有软硬件基础，提升智能制造技术专业性公共实训中心的建设。主要针对数字设计与制造中心建设、数控技术实训中心建设、数控机床故障诊断与维修实训中心建设和增材快速制造（3D打印技术）技术实训中心建设等为主要内容，合作打造高水平专业群及一流智能制造技术专业性公共实训中心，釆用“技术+人文”培养模式，校企合作共同培养具备良好人文素养和中外人文交流能力的技术技能型人才。
今后我校将一如继往的加强与政府、企业联系，服务于
“一带一路”沿线国家，紧密跟随企业，开展国际技术技能服务，并不断加强国际化人才交流、学历与技术技能提升服务，形成符合中国和“一带一路”国家双方认可的技术技能服务体系，打造培养具有良好人文素养和人文交流能力的高端技术技能人才、具有示范引领作用的智能制造领域中外人文交流实训平台。
作者：机械工程学院

刘冉冉
编辑：
靖雪
编审：钮
平章、魏本江

",,32,https://www.suet.edu.cn/info/1026/2426.htm
关于对到济旅客实行统一接站服务的通告, 发布时间: 2020-02-14,"
",,32,https://www.suet.edu.cn/info/1026/2424.htm
我的寒假宅家生活, 发布时间: 2020-02-15,"
一、
学习
说实话，疫情防控期间，宅家玩手机，看电脑，也是无聊，不妨来学习，给无聊的生活增添乐趣。
1.
习题之学
期末不挂科
=知识都掌握？NO!大一上学期期末，我慌慌张张的备考，我至今印象深刻。闲待在家中的我们，可以充分利用这一段时间，充实自己并使自己的生活更有方向。做做英语四级真题，背背单词，将上学期落下的功课补回来！无论是英语，还是数学，特别是物理，我一文科生更是手忙脚乱，只好多看几遍大学物理、大学物理实验网课。
2.娱乐之学
相信许许多多的同学在假期开始时都曾设立下过目标，我也是有目标的。年前要，好好学习，减肥成功，作息规律。年后变成了，看书就困，管不住嘴，迈不动腿，熬夜冠军一枚。现在，计划起来，为时不晚。毕竟还有不短的假期。我自身也开始努力尽量按计划表来进行。自己真的进行的话，会发现不一样的乐趣，不相信的话，你来试一试。比如：从最简单的小炒开始学起，掌握几道菜之后再学一些有特色的菜；可以学习十字绣，这真的可以锻炼你的耐心，体验趣味的同时也掌握了一个小技能；也可以拿起手中的妙笔，沉下心去创作属于自己风格的画，我自己就学习画了皮卡丘，一只大大的黄老鼠
……
3.预习之学
由于疫情，新学期的时长不仅会受到一定的影响，也会影响一部分教学的质量。为了更好地掌握知识，我们可以积极预习：多多查阅相关资料，阅读相关书籍；根据下个学期的课程表，了解下学期的开课情况，提前对将要学习的新课程有一个大致的了解；网课快要开始，做好学习准备。每天给自己定一个学习的小目标，在新学期的开头有的放矢。
二、读书听歌看影片
1.看影片
读书先不说，影片肯定我是看的不少了，最近热播的，爱情公寓五，下一站幸福，哪吒等。并且又重温了捉妖记，唐人街探案等。当然，疫情当前，我也看白衣天使的付出。最重要的是，假期主要是为了让大家放松一下因学习紧绷的心情。虽然大学学习特别是大一上学期学习时间不是很多，大多数时间是自由支配时间，比较空闲。当然因人而异，有人则把每天都过得很充实。我自己还算可以吧，我算是劳逸结合吧。那么，还有什么能比书籍和电影更加滋润人心呢？
2.读书
宅在家，无法行万里路，不如读万卷书。我自己本身不爱读书，但是我也通过一些公众号推送的文章，得到不少知识。其中鲸分青年，他的文章都是以漫画的形式表现出来。就特别适合我这种不爱读书的孩子。每篇文章我都细细读过，因为都是漫画嘛。
3.
听歌
最后，用林俊杰的《
stay with you》，对奋战在疫情前线的医护人员们致以最崇高的敬意。希望如期而至的不只春天，还有疫情过后平安的你我。咱们开学季，不见不散！
武汉是我们关注的中心，武汉加油，全国人民是你的坚强后盾。人心齐泰山移，没有克服不了的困难，没有过不去的沟坎。最后，我为武汉加油，为中国加油！

作者：学通社记者

许凤雪

编辑：靖雪

编审：魏本江、汪少龙

",,33,https://www.suet.edu.cn/info/1026/2422.htm
疫情防控-山东工程学子在行动!, 发布时间: 2020-02-15,"
疫情当前，山东工程职业技术大学认真落实上级各项防控要求，全力以赴打好新冠肺炎疫情阻击战，并发动学生在做好自我防护的同时，为抗击疫情贡献自己的一份力量。山东工程鼎利学院有这样一批学子，他们响应党和国家号召，积极加入抗疫志愿者队伍，尽自己所能守护家乡人民的健康，用实际行动向社会展示了当代大学生的精神风貌。
鼎利学院院
18级计算机应用专业宋杰同学说：“作为一名优秀的大学生干部，在国家有难之时，应该挺身而出，肩负起身上应有的责任。我虽然不能够像医护人员那样奋斗在一线，但是我可以从身边做起，参与社区疫情防控工作。当志愿者是对自身的一次充实和提升，我深深地意识到了工作人员的困难和辛苦，我坚信我们一定会打赢这一次的战役，迎来属于我们的胜利。”

鼎利学院
18级计算机应用专业孙雷涛同学说：“由于疫情是在冬天，天气严寒，志愿者需要在小区门口或村口值班站岗，很少会在值班室值班。小区或村口总会有进进出出的人员，人流量较大，必须及时登记和测量体温，不能懈怠。作为一名大学生，我们要有一心一意跟党走的精神，我相信众志成城，一定能够战胜疫情。”
鼎利学院
18级电子商务专业韩晨阳同学说：“身为当代学生干部，社会主义接班人，在国难当头就应该做点什么，积极为人民服务，为社会做贡献。”
鼎利学院
18级电子商务专业武敬文同学说：“在疫情面前，我们要保持好心态，重防护，勤消毒，减少出门和聚会，注意自己和家人的身体情况，一起共渡难关。”
鼎利学院
18级电子商务专业高天龙同学说：“没有人生来就是英雄，总有些人在平凡见伟大。我在这里要致敬白衣天使们，你们是最棒的，我为你们加油。”
鼎利学院
19级电子商务专业董志勇同学说：“回家乡没多久，疫情就爆发了，作为一名大学生，我报名参加了当地的志愿者活动，我的日常工作主要是负责登记进出村人员的姓名，有无发热、咳嗽、头痛、腹泻等症状，积极宣传科普新冠病毒预防知识等。我也希望大家可以好好待在家里，配合工作，不要让无数人的付出功亏一篑。我想向所有一线的人们致敬，感恩有你们。
鼎利学院
19级移动通信专业魏玉坤同学说：“我自愿申请加入防疫志愿者的行列，志愿服务要做好分发口罩、社区巡逻、宣传教育、外来居民信息登记工作，我充分体验到工作的不易和作为大学生志愿者的充实。让我们携起手来共抗疫情，迎接美好的明天。”
鼎利学院
19级物联网专业黄贤龙同学说：“作为一名大学生，我应该用行动来证明自己。在疫情期间希望大家都能平平安安，相信风雨过后就是彩虹。”

文章来源：鼎立学院

编辑：靖雪

编审：魏本江、汪少龙
",,33,https://www.suet.edu.cn/info/1026/2423.htm
信息工程学院积极开展“爱在线上”教学准备工作, 发布时间: 2020-02-16,"
为减少新型冠状病毒感染肺炎疫情对正常开学和课堂教学造成的影响，保证教育教学质量和学生顺利完成学业，信息工程学院在认真研究学习教育部、山东省教育厅相关文件基础上，严格落实学校《关于疫情防控期间在线教学实施方案》、《关于疫情防控期间线上教学安排的通知》相关方案要求，积极开展课程线上教学相关准备工作。
在执行院长张文硕的带领和指导下，信息工程学院组成了疫情期间线上教学工作领导班子，积极探讨线上教学实施有效办法，制定线上教学工作方案，并根据学院实际情况，通过
QQ、微信、钉钉工作群，将教育部、山东省教育厅、学校有关疫情防控期间工作方案进行解读，对学院专兼职教师提出的疑问进行线上解答。
学院教学副院长、教学科长及时将有关线上教学实施的网络资源、线上平台进行共享，通过各工作群指导老师进行相关平台资源使用的培训工作，各教研室根据专业性质进行相关教学资源与平台的选取。
各教研室主任组织相关教师开展线上教研活动，研究每门专业（核心）课程与公共基础课程的线上教学方案。教研室专兼职教师积极参与，共同探讨课程实施线上教学的实施方案，明确授课内容、课程安排、授课组织形式、课程考核方法等。各教研室专兼职教师积极对所使用教学平台进行体验，交流平台使用经验。
学生管理科在做好学生疫情防控期间管控工作的同时，积极做好对学生的心理疏导，加强疫情防控期间学生心理疏导和爱国主义教育，引导学生在家中进行必要的线上学习，更好地做好学业规划。
针对学院本科专业学生，
班主任或教师要通过建班级微信群、
QQ群等公共在线交流方式，联系在家的学生，指导每位学生合理安排假期和学校后续教学，做好学生的学习答疑和指导，确保学习“不断线”；建立离校学生情况日报制度，掌握学生学习情况。动员家长对在家学生进行一些心理调适，以积极的心态去对待这次抗击疫情的战役，给孩子营造一个良好的学习和生活环境。
作者：马玉英

编辑：靖雪


编审：汪少龙
",,33,https://www.suet.edu.cn/info/1026/2417.htm
停课不停学，我校机械工程学院老师带领学生设计大赛作品, 发布时间: 2020-02-16,"
2020年的开始不像以往来的那么平静安详。这是一场艰巨但一定必胜的“战役”。在党和政府的领导下，全国上下齐心协力，坚决打赢疫情防控人民战争、总体战、阻击战。
面对肺炎疫情，我校根据省教育厅的通知，积极做好疫情防控工作，成立了
“学校疫情防控工作领导小组”，各学院做好
”
停课不停学
”
线上教学实施方案。积极利用网络教学平台山东省高等学校线上开放课程平台、爱课程、云班课、雨课堂、钉钉群等
在线教学服务，包括学生线上自主学习（学习、答疑、作业、测验等）、师生实时互动的同步课堂、直播教学等教学活动。教师基于手机端开展课堂考勤、布置作业、在线
答疑
等工作。
在确保疫情防控的前提下，保障教学质量。
教师都成了
“主播”
，以
“主播”这种新型教学环境创新教学方式，
努力
提高教学效果，最大程度减少推迟开学带来的影响
，我校机械工程学院教师利用寒假和延期开学网上教学平台开设创新创业课。老师们带领学生设计
2020年全国大学生机械产品创新设计大赛的“智慧家居、幸福家庭”作品（小型家用无避让式立体车库、便携式伸缩拉杆车等）。
1
.
李立超
在肺炎
疫情不断
考验着国家和每一个国人的过程中，任何一个人都成为了疫情防控或自我防控中的一员。在寒假的时间里，和很多人一样在老师的带领下准备全国大赛作品设计
、
SolidWorks
基础建模画图、装配、动画设计作品。相比平时上学，虽然过得机械一些但毫无无聊的感觉。足以让自己满负荷运转。
2.
韩迎新
疫情当前，无数医护人员及志愿者守护在前线为我们遮风挡雨，他们都是最美的逆行者。我们作为一名新时代社会主义青年，我们在家里躲避疫情的同时仍不能落后，整个寒假在老师的指导下通过查阅资料，和其他同学一起设计便携式拉杆车的结构，不聚众，安安静静在家和老师通过
QQ和微信探讨设计中的问题，感到特别充实，不为祖国添乱，在家还能学会很多知识。
3.刘妍
突如其来的一场疫情给我们的生活造成了极大的不便，医护人员在一线奋斗，我们能做的事只有闭门不出。在这期间，我们机械学院的老师早早的安排了
2020年国赛事项，并通过QQ等及时互动和探讨设计作品中的问题，我们在家也制定合理的计划，按时起床，按时学习，劳逸结合，别太松懈自己，假期内完成我们的作品设计。我们相信在大明湖迎春花盛开之时，也是我们胜利之时。
4.
范杰
病毒来势汹汹，我们有点猝不及防，本来是欢欢喜喜过大年的节奏，结果变成了一场阻击病毒的战役，我们需要全员参与，需要大家共同战斗，才可以打败这悄悄潜入的敌人。封村却封不住我学习的心，宅在家里，不忘学业，努力学习。武汉加油！中国加油！
5.刘胜男
今年的春节很特殊，有个小病毒在暗地里悄悄发了芽，很快便蔓延了开来，以至于现在开学时间延后，虽然病毒猖狂，可我们不会放弃，医护人员首当其冲，奋战在抗疫第一线，我们在家老实不动，不给别人添乱，学学习帮帮忙，虽然不能去学校，可是阻挡不了我学习，学习的脚步不能停，武汉加油，中国加油。
6.王璐
现如今，新型肺炎疫情形势严峻，疫情的一举一动都牵动着全国人民的心。随着疫情的蔓延，全国各地防护措施更加严谨，封村封镇封县，希望从各个角落避免疫情的传播。身为当代大学生的我们，自身安全是最重要的，不论所在地区的疫情是否严重，都应当引起我们的重视，勤洗手，戴口罩，不吃野味的同时，也不能落下我们的专业知识。寒假的延长，并不是我们学习偷懒的机会，在不给社会添乱的同时，在老师的带领下我们正积极准备设计大赛作品，时刻保持正能量，积极向上，提升自己，为祖国未来的建设提供力量。中国加油！
疫情期间里我们设计的参赛作品一是无避让式家用立体车库，与现有立体停车库相比具有结构简单、占地面积小、实用性强、上下车存取互不干扰，存取方便、节约时间的特点。本立体车库的构造采取了四连杆机构，平行升降，使车辆一直处于水平状态，车辆存取平稳。为节省空间拖车盘采用了可旋转顺道而上下车机构。传动机构采用行星轮系，相对其它减速机构具有高刚性、高精度、高传动效率、大扭矩。
设计作品二，便携式伸缩拉杆车，折叠结构不仅仅能够节省空间，还便于携带；通过滑板结构和设置在两侧的辅助排轮，有效的解决了普通拉杆车只能在平地上使用和拉杆车体积较大不易携带的难题，可实现上楼梯时轻便省力地携带物品，同时还能保证上下楼时所载物品的安全稳定。
我们学校会充分发挥
“互联网+教育”的作用，统筹利用各级教育资源公共服务平台和各类开放性、公益性网络直播平台，整合适合我校的国家级、省级精品资源共享课，通过微信、QQ、钉钉等，启动实施在线授课（听课）、资源点播和线上辅导、讨论、答疑等活动，做好停课不停学，离校不离师，充分利用最优化、最便捷的数字资源平台，确保防控、学习“两不误”。

作者：机械学院

刘冉冉

编辑：靖雪

编审：魏本江
",,33,https://www.suet.edu.cn/info/1026/2418.htm
疫情防控，人人有责, 发布时间: 2020-02-16,"
2020年伊始，我们的身边来了一位不速之客，让人谈之色变，它就是新型冠状病毒引起的肺炎。据查，是由于人们乱吃野生动物，引起新型冠状病毒扩散，由动物传染到人。这种病毒传染性极强，可以通过
飞沫和接触传播。
新型冠状病毒有潜伏期，它在潜伏期内容易被人们忽视，风险也因此增强了一分。在最新的山东省疫情分析中，出现了六十例聚集性染病，其中四十九例为家庭聚集性疫情，因此家中如果有一人发病，那家人染病的几率就会大大增加。所以大家更加应该重视起来，积极防护，保护自己，保护家人。戴口罩，勤洗手，注意消毒，不让病毒有机可乘。
对于疫情防控工作，社会各方都做出了积极响应，各尽其力。作为人口大省的山东省，更是贡献出了自己的一份力量，已派出数支医疗队伍驰援湖北。寿光作为菜都，捐献了几千吨的蔬菜，济宁金乡、青岛胶州、临沂兰陵、菏泽等地共捐出各类蔬菜
1000余吨，日照爱心企业捐赠防护服数千余套，潍坊慈善总会也捐出了数万个一次性医用口罩。在这个紧要关头，帮助武汉、湖北共渡难关已经成为全国上下的共识。
国家也对疫情防控做出了严格要求，要求全国各地区，精准到县乡村，一定要做好疫情防控工作。我的老家是昌邑，过年期间，热热闹闹走亲访友的环节是必不可少的，但是今年因为疫情问题，我们无法回去了。从老家人给我们拍的图片中，我们看到老家的村口树起了一道牌子，上面写着
“走亲访友劝返点”，村委会里的成员们每天都会守在村口。村里还为留守在家的老人送去了口罩、消毒液等物品，帮助老人进行全面消毒。
我们的学校山东工程职业技术大学，对于疫情防控也高度重视，每天都会在学校的公众号中发布相关文章，方便我们了解更多关于疫情防控的知识，还有每天固定的调查问卷，了解学生的个人情况，为开学做好准备，坚决阻断传染源。
我们家的小区也十分重视防疫工作，从三个小区进出口减少到一个，外来人员坚决不允许入内，本小区居民进出都要测量体温，消毒液消毒，并且要登记个人信息。之前在网上看到过这样一段笑话，说门口老大爷每天在问三个人生终极问题
“你从哪里来”、“你要干什么”、“你要到哪去”，让人听了感觉好笑，可是这也体现了社区工作人员积极响应国家号召，认真负责的工作态度。
在这场没有硝烟的战争中，每个人都在进行着无声的战斗，从国家防控疫情领导小组到奋斗在一线的医生护士，再到社区乡村的服务人员，每个人都在各自的岗位上顽强战斗。也正是有了这些人的默默奉献，我们才能够更加安心地生活，更坚信国家一定会打赢这场疫情防控阻击战！
我作为一名新时代的大学生，也响应政府的号召，宅居家中每天看看书，听听音乐，看看电视，有时还帮着父母做做饭，清理卫生等。下一步我们还要网上学习，实现停课不停学。在当前疫情防控的关键时期，应当说，我们宅居家中的这种生活方式，也是对打赢疫情防控攻坚战所做的一份贡献。
让我们为默默奋战在抗击疫情岗位的人们加油点赞！武汉加油，湖北加油，中国加油！

作者：广播站

郭贝雨

编辑：靖雪

编审：魏本江、汪少龙
",,33,https://www.suet.edu.cn/info/1026/2419.htm
护航线上教学质量，基础教学部“五步走”, 发布时间: 2020-02-18,"
为深入贯彻教育部
“停课不停教、停课不停学”的指导思想，把线上教学落到实处，基础教学部成立公共基础课线上教学领导小组，同步召开视频会议，
对线上教学工作进行了认真的讨论研究，要求在教学任务不变、教学秩序不变的前提下，
“一科一案”指定相对统一的线上教学模式，充分运用线上平台的强大线上功能，推进线上教学工作平稳开展。同时，会议
就线上教学开课形式、线上平台选用、线上教学模式等线上教学的各个工作环节做了详细安排。
首先，组织教师下载安装、注册试用钉钉直播、腾讯课堂、学习通、职教云、微讲师等网络平台，与之前已在教学实际中使用过的蓝墨云、雨课堂等进行比较分析
，最终选定
以蓝墨云、雨课堂为主，以腾讯课堂网络直播、微课通微课录制、爱课程线上课程资源、
QQ班级群为辅的多平台相结合的教学模式，且在后续拟定的基础教学部线上教学实施方案中，结合线上教学特点与公共基础课课程实际，一一敲定线上课程教学管理、课堂组织、互动方式、成绩评定等线上教学各个环节。接着，要求教师及时与学生取得联系，面向全体学生做问卷调查，就学生对上学期教学的感受、对即将进行地线上教学的想法做意见征集，听取学生内心想法、纳学生合理建议，综合学生学情及课程特点对线上教学模式进行适当调整。然后，要求教师于新课开始前，一方面对上学期教授内容以文字（PPT）、视频或音频等形式串讲总结，帮助让学生在学习新知之前复习旧知，另一方面提前将下学期授课计划（或教学进度表）、电子教材、新课知识单等线上学习材料下发给学生，让学生在线上学习之前拿到所需材料，确保学生在新课学习中有的放矢。随后，要求教师在开课之前选取一个授课班级作为试点，对线上授课进行预演、测试，对网络是否稳定、与学生互动是否畅通、授课节奏是否合理、教学效果是否良好等与教学质量息息相关的各个环节进行摸底，做好授课模式、教学组织、班级管理等相关环节的调整预案。最后，基础教学部高度重视答疑工作，要求教师在线上教学开始之后，公布答疑时间定期开展答疑工作，安抚学生由于不适应授课方式带来的负面情绪，让学生明白学什么、如何学，帮助学生尽快适应线上教学。
长期以来，我们在混合式教学的路上一路摸索，却由于惰性心理及条件限制进程缓慢，如今，这一场
“战疫”将我们推到了线上教学的风口浪尖，这是一个挑战更是一个机遇，基础教学部全体教师一定全力以赴，在学校的领导下，与全校教师“战友”一起打好疫情之下这场线上教学的突击战。
作者：基础教学部

张桂华

编辑：靖雪

编审：魏本江
",,33,https://www.suet.edu.cn/info/1026/2416.htm
山东省副省长于杰率考察组来我校调研指导工作, 发布时间: 2020-02-19,"
2月18日下午，山东省副省长于杰率考察组来我校调研职业教育工作，并对我校疫情防控工作进行督导检查。省政府副秘书长辛树人，省委教育工委常务副书记、教育厅厅长、党组书记邓云锋，省教育厅总督学邢顺峰等领导陪同。我校校长吴梦军，副校长李梅松，校长助理钮平章、刘国栋接待了考察组一行。
考察组在学校北门按防疫要求接受体温检测及车辆消毒后，现场考察了机械工程训练中心和鼎利学院。在实地调研中，于杰副省长高度重视我校疫情防控工作，要求学校认真贯彻党和国家的部署，主动担当作为，筑牢疫情防控
“防火墙”，提前做好各项物资储备，全面打赢这场防疫阻击战，确保校园一方净土。同时他还强调学校务必要统筹好疫情防控和改革发展工作，做到抓防控、谋发展“两不误、两促进”。
在机械工程实训中心，考察组先后考察了数控加工中心、机电一体化工程技术研发中心、增材制造（
3D打印）等实训区。我校校长助理、机械工程学院院长钮平章教授详细介绍了各实训区的功能和特色，以及五轴联动加工中心、激光快速成型机等先进设备在实践教学上的应用。于杰对我校坚持“工程性、融合型”的特色办学思路，注重“工学结合”、“产学研用”一体化的育人模式予以充分肯定。随后，考察组来到鼎利学院（互联网+学院），在了解到该学院系我校与世纪鼎利集团合作共建、共管的产业学院，培养社会急需的移动通信 、移动应用开发、物联网、智能制造等新兴产业人才时，于杰给予了高度评价，鼓励学校要进一步深化产教融合校企合作，培养更多具有创新精神的高层次技术技能人才，更好服务我省新旧动能转换和产业转型升级。
考察过程中，于杰向吴梦军校长详细询问了学校相关学科专业建设、人才培养、学生就业等情况，对学校整体办学情况和近年来取得办学成绩给予充分肯定，尤其是对我校作为全国首批职业本科教育试点院校给予殷切厚望，希望学校抢抓省部共建国家职业教育创新发展高地这一重要历史机遇，不断加强内涵建设，塑造工科品牌，为打造
“山东职教品牌”贡献力量。
调研结束后，吴梦军校长随考察组赴山东商业职业技术学院参加座谈会，并作典型发言。她详细汇报了学校办学及职业本科教育试点工作开展情况，就政府层面更好扶持民办职业教育发展提出建设性意见，呼吁尽快出台专门政策，加大对我省职业本科试点院校支持力度。
于杰副省长（左一）等领导考察我校五轴加工中心
于杰副省长（右二）等领导考察我校研制的数控钢丝网编制机
于杰副省长（右二）等领导考察我校与企业合作研制的3D打印机
于杰副省长（前一）在我校移动通信运营与维护实训中心考察
省教育厅厅长邓云锋（左一）在吴校长陪同下在我校移动通信运营与维护实训中心考察
吴梦军校长（右一）在移动网络优化实训中心向各位领导介绍鼎利学院校企协同育人情况
作者：张元

编辑：靖雪

编审：魏本江
",,33,https://www.suet.edu.cn/info/1026/2415.htm
数智赋能 艺创未来 山东工程入选济南市数智艺术与设计创意行业职教联盟, 发布时间: 2025-05-22,,,213,https://www.suet.edu.cn/info/1026/6822.htm
济南博观智能科技有限公司到访山东工程职业技术大学, 发布时间: 2025-05-15,,,212,https://www.suet.edu.cn/info/1026/6790.htm
"山东工程职业技术大学荣膺“中国机械行业教育先进集体”称号, 宁玲玲、刘冉冉、王建强榜上有名！", 发布时间: 2025-05-20,,,212,https://www.suet.edu.cn/info/1026/6803.htm
学校荣获“山东省人工智能科普教育示范基地”称号, 发布时间: 2025-04-21,,,210,https://www.suet.edu.cn/info/1026/6712.htm
校党委举办深入贯彻中央八项规定精神学习教育读书班, 发布时间: 2025-04-14,"
4月10日-11日，中共山东工程职业技术大学委员会深入贯彻中央八项规定精神学习教育读书班举行。校党委书记王焕斌参加集体学习并讲话。

王焕斌指出，自党的十八大召开以来，以习近平同志为核心的党中央制定并严格执行中央八项规定，以钉钉子精神整治
“四风”，推动作风建设常态化、长效化，党风政风焕然一新，赢得人民信任拥护。面对新形势新任务，党员干部要秉持深学细悟、融会贯通的态度，把握作风建设论述精髓，领会中央八项规定精神要义，利用学习教育淬炼党性，结合工作实际主动对标对表，做到学思用贯通、知信行统一，将中央八项规定精神内化于心、外化于行，为党和人民事业发展贡献力量。

王焕斌指出，作为高校党委，必须深刻认识到：作风建设关乎教育生态、关乎育人质量、关乎党的事业根基。此次读书班，要以刀刃向内的勇气，查摆问题、剖析根源、明确方向，以优良作风为学校发展保驾护航。

王焕斌强调，举办读书班，是充分发挥
“关键少数”示范带动作用的具体行动，是提升理论学习质效的重要举措。希望全校党员干部以此次读书班为契机，真正做到学有所思、查有所悟、改有所行。
一要
提高站位，强化责任担当，筑牢作风建设根基；
二要
刀刃向内，狠抓整改落实，坚决整治作风顽疾；
三要
久久为功，建立长效机制，巩固作风建设成果。
要
以
“钉钉子精神”推动
中央八项规定精神
落地生根，以优良作风凝聚干事创业的强大合力，
为学校高质量发展筑牢作风根基，
为建设特色鲜明的高水平职业技术大学提供坚强保障
。

校党委深入贯彻中央八项规定精神学习教育读书班采取集中学习、个人自学、分组交流等多种方式相结合开展，认真学习了习近平总书记关于深入贯彻中央八项规定精神的重要讲话和重要指示精神、《习近平关于加强党的作风建设论述摘编》，并进行了研讨交流。


",,209,https://www.suet.edu.cn/info/1026/6692.htm
学校体育运动委员会组织召开第十九届春季运动会筹备会, 发布时间: 2025-04-01,,,208,https://www.suet.edu.cn/info/1026/6637.htm
学校召开2025年体育运动委员会工作会议, 发布时间: 2025-03-26,,,207,https://www.suet.edu.cn/info/1026/6610.htm
山东工程职业技术大学启动部署深入贯彻​中央八项规定精神学习教育, 发布时间: 2025-03-28,"
近日
，学校召开党委
（扩大）
会，传达学习党中央、
省委、市委和市委教育工委
关于开展深入贯彻中央八项规定精神学习教育的有关要求，启动部署学习教育并审议通过实施方案。党委书记
王焕斌
主持会议并作动员部署讲话
。
党委委员
、纪委委员、党建指导员和基层党组织
负责同志参加会议。

会议指出，要提高政治站位，深刻
认识
学习教育的重大意义。在全党开展深入贯彻中央八项规定精神学习教育，是党中央作出的重大决策部署。要深入学习习近平总书记关于加强党的作风建设的重要论述和中央八项规定及其实施细则精神，全面落实学习教育各项工作安排，切实把思想和行动统一到党中央决策部署上来。要深刻认识开展本次学习教育是巩固深化主题教育和党纪学习教育成果、纵深推进全面从严治党的重要举措，是锲而不舍推动党的作风持续向好、纵深推进全面从严治党的必然要求，是密切党群干群关系、巩固党的执政基础的有力保障。

会议强调，要精心安排部署，
“学查改”
一体推进各项任务落实落地。
一是
要
学有质量，筑牢思想根基。
要丰富学习教育方式，
将学习教育与师德师风建设、立德树人根本任务紧密结合，引导教师以德立身、以爱育人
。
二是
要
查有力度，精准查摆问题
。
要找准问题，
深挖
根源，举一反三、
确保问题查深查透
。
三是
要
改有成效，推动作风转变
。
要动真碰硬，
坚持
边查边改、立行立改，完善作风建设长效机制，将整改成果转化为推动学校高质量发展的实际成效。
四是要开门教育，凝聚师生力量。
要
畅通师生参与渠道，通过各种方式主动接受监督，着力解决师生急难愁盼问题，让师生切实感受到作风建设带来的新变化。

会议要求，要
强化责任担当，确保学习教育取得实效
。
一是加强组织领导，压紧压实责任。
学校各级党组织要压实主体责任，形成
“党委统一领导、专班统筹协调、支部具体落实、党员全员参与”的工作格局。
二是注重统筹兼顾，加强分类指导。
要坚持分类指导，解决实际问题，力戒形式主义，坚决摒弃应付思想、过关心态，确保学习教育走深走实、见行见效。
三是坚持统筹推进，做好
深度融合
。
要把学习教育与
迎接本科教学工作合格评估、推进
“十四五”规划收官、筹备“十五五”规划等重点任务结合起来，
统筹推进，努力把学习教育成果转化为推动学校工作高质量发展的强大动力
和具体行动
。


",,207,https://www.suet.edu.cn/info/1026/6678.htm
学校召开2025年春季学期教学督导工作会议, 发布时间: 2025-03-28,,,207,https://www.suet.edu.cn/info/1026/6622.htm
聚焦节能蓄能 共探绿色未来, 发布时间: 2025-04-03,,,208,https://www.suet.edu.cn/info/1026/6662.htm
学校当选全国口腔卫生保健产教融合共同体副理事长单位, 发布时间: 2025-04-15,,,209,https://www.suet.edu.cn/info/1026/6698.htm
共谋发展 共绘蓝图 学校召开2024年部门、单位负责人年终汇报会, 发布时间: 2025-01-09,,,202,https://www.suet.edu.cn/info/1026/6395.htm
学校12门课程入选2024年山东省社区教育优秀课程资源, 发布时间: 2024-12-30,,,201,https://www.suet.edu.cn/info/1026/6357.htm
学校在山东省无偿献血工作中喜获多项荣誉, 发布时间: 2024-12-23,,,200,https://www.suet.edu.cn/info/1026/6325.htm
学校召开2024年第二次教材工作委员会会议, 发布时间: 2024-12-26,,,200,https://www.suet.edu.cn/info/1026/6333.htm
学校党委召开理论学习中心组（扩大）会议传达学习全省教育大会精神, 发布时间: 2024-12-06,,,198,https://www.suet.edu.cn/info/1026/6285.htm
学校两案例入选2023-2024年度产教融合校企合作典型案例, 发布时间: 2024-12-31,,,201,https://www.suet.edu.cn/info/1026/6360.htm
夯实就业服务根基 开展就业攻坚行动 学校召开就业创业工作推进会议, 发布时间: 2025-04-16,,,209,https://www.suet.edu.cn/info/1026/6699.htm
学校参加全省高校科技成果转化机制改革推进会, 发布时间: 2025-04-17,,,209,https://www.suet.edu.cn/info/1026/6702.htm
学校案例入选山东省2024年度教育综合改革和制度创新典型案例, 发布时间: 2025-04-17,,,209,https://www.suet.edu.cn/info/1026/6703.htm
学校获评山东省教育督导学会工作先进单位, 发布时间: 2025-04-21,,,210,https://www.suet.edu.cn/info/1026/6713.htm
《职业本科教育的人才培养定位研究》获全国高校毕业生就业协会课题立项并开题！, 发布时间: 2025-04-23,,,210,https://www.suet.edu.cn/info/1026/6718.htm
山东工程职业技术大学与济南市章丘区妇幼保健院共建大学生社会实践基地, 发布时间: 2025-05-20,,,212,https://www.suet.edu.cn/info/1026/6804.htm
多图直击！学校完成2025年度国家学生体质健康抽查复核工作, 发布时间: 2025-05-20,,,212,https://www.suet.edu.cn/info/1026/6807.htm
郭小凡获2024年全省高校辅导员工作创新项目评选“辅导员主题班会优秀教案个人作品”奖！, 发布时间: 2025-05-22,,,213,https://www.suet.edu.cn/info/1026/6824.htm
青岛融发企业管理有限公司一行到访到山东工程, 发布时间: 2025-05-23,,,213,https://www.suet.edu.cn/info/1026/6827.htm
学校召开“说专业”活动交流指导会, 发布时间: 2024-11-15,,,196,https://www.suet.edu.cn/info/1026/6234.htm
我校校长助理张文硕教授在数字教材创新发展工作委员会成立大会上作报告, 发布时间: 2024-10-22,,,192,https://www.suet.edu.cn/info/1026/6146.htm
我校召开体育运动委员会工作会议暨首届体育文化艺术节方案研讨会, 发布时间: 2024-10-13,,,191,https://www.suet.edu.cn/info/1026/6127.htm
校领导深入课堂听评2024级新生开学第一课, 发布时间: 2024-09-20,,,189,https://www.suet.edu.cn/info/1026/6050.htm
学校举行2024-2025学年第一学期教学督导工作会议, 发布时间: 2024-09-05,,,188,https://www.suet.edu.cn/info/1026/6009.htm
从理念，到行动，向“新”求“质”｜我校组织赴济南二机床集团有限公司调研, 发布时间: 2024-08-17,,,187,https://www.suet.edu.cn/info/1026/5942.htm
共话新质生产力 谱写育人新篇章, 发布时间: 2024-07-26,,,186,https://www.suet.edu.cn/info/1026/5880.htm
山东工程职业技术大学与澳大利亚职业教育联盟签约建立中澳职业教育发展中心, 发布时间: 2024-07-27,"
7
月
22
日，澳大利亚职业教育联盟与山东工程职业技术大学、山东职业技术教育研究院正式签约建立中澳职业教育发展中心。签约双方代表为澳大利亚职业教育联盟秘书长
Barry Guan
（关北松）、山东工程职业技术大学校长吴梦军以及山东职业技术教育研究院常务副院长吉标。

澳大利亚职业教育联盟是以澳大利亚
TAFE
学院为基础，联合多所澳洲大学成立的国际化教育联盟。通过引入国际前沿的教育与行业发展理念，推动国际先进的教育模式、行业标准与中国教育、行业发展实践相对接，将国际教育资源及产教资源引进、整合、培训以及本土化开发。此次签约三方就中澳职业教育发展中心的建设达成合作协议：在未来五年中，三方将围绕职业院校领导教师赴澳长短期研修、澳大利亚微证书引入、企业员工培训、职业院校教师培养的在地国际化研究
等十项内容展开深入合作。

此次建立的中澳职业教育发展中心是山东省唯一一家与澳大利亚职教联盟联合的师资培训中心，不仅为山东工程职业技术大学双师型教师培训培养注入活力，提高内生式发展动力，更是为中澳合作办学、澳大利亚微证书引入、企业员工培训等后续合作项目储备具有国际水准的师资。三方合作将有利于提高山东职业院校服务新旧动能转换能力与国际交流与合作能力，助力山东职教高地发展。










供稿
︱
高等职业教育研究院

范慧慧

一审
︱刘欣

复审︱刘太山

终审︱张元

",,186,https://www.suet.edu.cn/info/1026/5884.htm
我校荣获2023年度山东省高校无偿献血多项荣誉, 发布时间: 2024-07-01,"

近日，山东省卫生健康委员会、山东省教育厅、山东省人力资源和社会保障厅、共青团山东省委及山东省红十字会联合印发《关于表扬
2023
年度山东省高校无偿献血表现突出集体和个人的通报》，我校荣获“山东省无偿献血组织表现突出学校”称号，青年志愿者协会荣获“山东省无偿献血志愿服务表现突出集体”称号，学生工作处（团委）王万里荣获“山东省无偿献血工作表现突出个人”，
12
名同学荣获“山东省无偿献血爱心大学生”。





















无偿献血工作是维护人民群众身体健康和生命安全、保障医疗救治顺利开展的一项利国利民的公益事业。我校把加强学校无偿献血工作作为促进全省无偿献血事业健康发展的重要任务，把无偿献血工作纳入学校社会主义精神文明和文化建设体系之中，不断健全无偿献血工作机制，强化宣传，营造氛围，树立广大师生爱心奉献理念，保障无偿献血工作扎实有序开展。近年来，我校将无偿献血工作与“我为群众办实事”实践活动、党史学习教育、学习宣传贯彻党的二十大精神主题教育、学雷锋志愿服务活动有机结合，鼓励广大学子用实际行动践行当代青年的社会责任与担当，传递山东工程青年大学生青春正能量，为推动无偿献血事业高质量发展做出贡献。










图文
︱团委 皮娜


编发
︱刘太山

",,184,https://www.suet.edu.cn/info/1026/5788.htm
我校建筑工程学院荣获优秀工匠、工法及QC成果荣誉, 发布时间: 2024-06-26,"
6
月
21
日至
23
日，山东省钢结构行业协会在德州市举办黄河流域钢结构行业智能制造论坛暨
2024
年度山东省钢结构行业协会年会。我校建筑工程学院凭借其卓越的工匠精神和创新实力，荣获一项优秀工匠、两项工法荣誉及一项
QC
（质量控制）成果，进一步彰显了学院在教育教学和科研创新方面的显著成果，提升了学校在钢结构及相关领域的知名度和影响力。





在优秀工匠的评选中，王玲玲教师凭借其卓越的工艺技能、深厚的专业知识和不断创新的工匠精神，获得优秀工匠荣誉称号。王玲玲教师在工作中始终坚持精益求精、追求卓越的理念，不仅在工艺改进、技术创新等方面做出了突出贡献，还积极带领团队解决生产疑难问题，帮助带动身边职工共同成长进步。











同时，
建筑工程
学院还荣获了两项工法荣誉。这两项荣誉的获得，充分展示了学院在工法研究和实践方面的强大实力。学院一直注重工法创新和实践应用，通过加强校企合作、开展技术攻关等方式，不断推动工法技术的更新和发展。此次获奖的两项工法，不仅具有较高的技术含量和实用性，而且在实际应用中取得了显著成效，为钢结构行业的发展做出了重要贡献。








此外，学院还获得了一项
QC
成果。
QC
（质量控制）是确保产品和服务质量的重要工具和方法。学院在质量管理方面一直秉持严谨、科学、系统的原则，通过建立完善的质量管理体系、开展质量控制活动等方式，不断提升产品和服务的质量水平。此次获得的
QC
成果，是学院在质量管理方面取得的又一重要成果，也是学院在提升教育教学质量和科研创新水平方面的重要体现。








建筑工程学院
荣获优秀工匠、两项工法和
QC
成果荣誉，不仅是对学院教学和科研工作的肯定，也是对学院师生共同努力的认可。学院将继续秉承“工匠精神、追求卓越”的理念，不断加强工匠精神和工法创新的培养和实践，为学校和国家培养出更多高素质、高技能人才做出更大贡献。





撰稿︱建筑工程学院 潘丽娜 科技处 肖圣颖

编发︱刘太山


",,183,https://www.suet.edu.cn/info/1026/5778.htm
我校参加山东省高等教育管理科学研究会高校人才工作委员会2024年年会, 发布时间: 2024-06-17,"
6
月
14
日，山东省高等教育管理科学研究会高校人才工作委员会
2024
年年会在山东第二医科大学召开。来自全省
60
余所高校
100
余名人才工作者参会，我校党委委员、校长助理、人事处处长、数字财金学院院长毕春晖，人事处有关工作人员参加年会，并分享我校人才队伍建设特色做法。




山东省高等教育管理科学研究会名誉会长宋惠国，研究会秘书长宋新刚，山东第二医科大学党委书记刘军，高校人才工作委员会主任委员、山东财经大学党委委员、副校长王敬政，研究会副会长、山东理工大学原党委书记吕传毅、山东财经大学党委书记查玉喜等参加开幕会，开幕会由研究会名誉会长宋惠国主持。
大会通过专家报告会、分组讨论的形式，以“推进新征程高校人才工作 服务新时代高等教育高质量发展”为主题进行研讨交流，研究高校人才工作改革、加强人才队伍建设的经验做法，为深化高校人才工作贡献智慧。
山东财经大学党委书记查玉喜和山东第二医科大学党委书记刘军分别作了题为“深刻把握新时代人才强国战略 构建人才引领高校高质量发展新布局”“聚焦‘三二一’ 扎实做好新时代人才工作”专家报告。







在分组讨论环节，与会人员围绕“坚持人才引领驱动，为强省建设贡献高校人才力量”“加大海内外人才引进力度，加强青年人才队伍建设”“深化评价改革，加强科教融汇、产教融合、校地融通建设”“强化激励保障，提升资金使用效益，构建新时代薪酬福利体系”四个方面进行分组研讨，交流高校人才工作中的具体实践经验思考。我校在“坚持人才引领驱动，为强省建设贡献高校人才力量”讨论中，对学校人才队伍建设特色做法进行了分享。







高校人才工作委员会年会的召开，为各高校提供了交流互鉴的平台。我校此次参会，加强了与其他高校的交流联系，对于充分学习各高校工作经验
、
推进学校人才工作改革
、
加快新时代高校人才队伍建设
、
不断提高人才工作管理服务水平意义重大。



撰稿︱人事处 王帅

编发︱刘太山


",,182,https://www.suet.edu.cn/info/1026/5739.htm
马克思主义学院党总支召开党纪学习教育警示会, 发布时间: 2024-06-17,"
6
月
13
日，马克思主义学院党总支召开党纪学习教育警示教育会，坚持以案说纪、以案说法、以案说责，持续增强党员教师纪律规矩意识，推动党纪学习教育走深走实。学校党委书记孔祥云出席会议并讲话，学院全体党员教师参会，党总支书记孟宪勇主持会议。



孔祥云强调开展党纪学习教育，是以习近平同志为核心的党中央作出的重大决策部署，是加强党的纪律建设，推动全面从严治党向纵深发展的重要举措。他希望学院党总支继续加强党纪学习教育，一是要统筹协调推进，加强与党委、党纪学习教育专班沟通对接，及时掌握最新工作要求。根据阶段性任务，结合部门实际，对任务进行分解细化，由党总支书记亲自安排调度，明确工作职责，有序推动实施；二是要强化分类指导，聚焦思政课教师、学生两个群体，拟定分类指导方案、学习方式、重点内容，准确把握全覆盖开展和分群体推进的关系，分层分类灵活组织学习，全面推动党纪学习教育落实落细。



党总支副书记孙勇带领学习《市委教育工委党纪学习教育警示案例》，学习了某大学教师违反政治纪律问题、某学院干部赌博问题、某学院教师在网上发表不当言论问题三个典型案例。告诫广大党员要深刻吸取教训、始终严于律己，对照党规党纪检视自己、端正行为，保持政治定力，切实净化“社交圈”“生活圈”“朋友圈”。



各党支部书记相继交流发言，王连友分享赴济微监狱党纪学习教育心得，“这次警示教育活动对我触动很大，心灵上又接受了一次洗礼，思想上带来了很大的震撼，深刻感受到“一墙之隔两世界，一念之差两人生”的巨大反差，更加深刻地认识到党纪国法的重要性，也更加坚定了遵纪守法的决心。”；刘涛通过集中学习和个人自学，谈了几点感悟：一是坚定信念，二是严守底线，三是勇于担当，善用大思政课培育有担当的时代新人，不断开创新时代思政教育新局面，努力培养更多让党放心、爱国奉献、担当民族复兴重任的时代新人，结合支部实际情况，切实展开党纪学习教育；韩玉叶表示，作为党员必须坚持以习近平新时代中国特色社会主义思想为指导，做到学纪、知纪、明纪、守纪，增强政治定力、纪律定力、道德定力、抵腐定力，始终做到忠诚干净担当，将纪律工作融入到日常工作生活中，努力发挥党支部战斗堡垒和先锋模范作用。


此次教育警示会是推动学院党总支党纪学习教育向纵深发展的重要举措，旨在通过警示案例，以案为鉴、以案促改、以案促治，引导党员师生筑牢拒腐防变思想防线，增强纪律意识和规矩意识。








撰稿︱马克思主义学院 廖姝清


编发︱刘太山


",,182,https://www.suet.edu.cn/info/1026/5738.htm
助力职教出彩 让图片会说话 我校举行2024年新闻摄影专题培训, 发布时间: 2024-05-24,"

为更好地倡树学校新风貌，弘扬职教新发展，
5
月
23
日，我校在党员活动室组织开展
2024
年新闻摄影专题培训。来自各部门、单位宣传师生、各大学生社团组织、广大新闻摄影爱好者参加培训，党委委员、宣传部部长张元主持培训。







张元对当前开展的毕业季、招生季等几项宣传工作要点加以安排部署，对开展阶段性业务练兵、技能培训对做好本职工作的重要性进行强调：各部门、单位要引起足够重视，把新闻宣传培训作为练好“内功”、提升传播效果的有效途径，紧密结合实际，积极发掘、归纳新闻宣传着力点与突破口，以更加敏锐的新闻视角捕捉和展现学校各项工作亮点、成效，固本强基，提质增效，在新的起点上展现宣传工作新气象、新作为。







贴近实战、服务实战、融入实战。宣传部刘太山围绕什么是好照片、怎样拍出好照片、如何定格工作照等话题，从构图方法、素养养成、意境情感表达等方面与师生展开互动分享。聚焦主题场景，对焦镜头语言，源于实践，学以致用，引导、鼓励同学们多动手、勤思考、长积累，增强镜头感、熟练度，切实提高摄影实操技能水平，发挥特色优势，助力职教出彩，
推动学校宣传工作再上一个新台阶。










图文︱人工智能学院 张家榕


编发︱宣传部





",,180,https://www.suet.edu.cn/info/1026/5720.htm
我校召开2025年专业设置研讨会, 发布时间: 2024-06-19,"
6
月
19
日，学校在卓越楼举办
2025
年专业设置研讨会，旨在通过深入讨论与交流，为我校
2025
年新增专业设置提供有力参考和建议。督学张玉惕、各学院院长、教学副院长、新增专业负责人以及教务处相关人员参加会议，校长助理、教务处处长张文硕主持研讨会。




现代艺术学院院长张伟详细阐述了拟新增的两个本科专业的全面情况。他从专业背景、市场需求、人才培养方案、师资力量、教学设施及展示设计实例等多个维度进行深入剖析，强调新增专业将有效对接行业需求，提升我校的艺术教育水平和社会服务能力。电子信息学院院长马玉英就拟新增的本科专业进行系统介绍。她从专业设置的必要性、岗位能力需求分析、课程设置调研以及实施可行性等方面进行了全面论证，指出集成电路专业是国家战略性新兴产业发展的重要支撑，增设该专业将有力推动我校电子信息类专业群的优化升级和内涵式发展。




张玉惕、张文硕对以上拟新增专业的申报材料进行了详细审查，对材料中依托专业和师资等方面提出了宝贵意见和建议，并与各学院根据学校专业建设的总体规划，探讨确定了未来两年各学院的拟新增专业规划。张玉惕强调，专业设置是学校发展的重要基础，要紧密结合国家和地区发展战略，充分发挥学校优势特色，为社会培养更多的高层次技术技能人才。







撰稿
︱

教务处（学位办）

孙福桃

陈 婷

编发
︱刘太山


",,182,https://www.suet.edu.cn/info/1026/5762.htm
“山东省技术能手”称号，五名教师上榜！, 发布时间: 2024-04-01,"
近日，山东省人力资源和社会保障厅发布《关于公布
2023
年度“山东省技术能手”名单的通知》（鲁人社字〔
2024
〕
23
号），我校共有五位教师榜上有名，荣获“山东省技术能手”称号！他们分别是：参加全国工业和信息化技术技能大赛山东省选拔赛的马玉英、王晓红，参加山东省新型电力系统建设职业技能竞赛的王建强，参加第二届山东省大数据分析应用职业技能竞赛的毕春晖，参加第五届“百家能工”职业技能竞赛的冯增雷。






电子信息工程学院院长

马玉英






电子信息工程学院物联网教研室主任

王晓红






智能制造学院教学副院长

王建强






校长助理、数字财金学院院长、人事处处长

毕春晖






交通学院专任教师、汽车营销大赛营销组长 冯增雷





“山东省技术能手”每年评选一次，由跨地区、跨行业的全省技能竞赛或省有关行业牵头举办的全省范围技能竞赛产生，入选人员技能水平在本职业（工种）位居前列，能在技术创新、攻克技术难关等方面做出一定的贡献，此次学校五名教师荣获“山东省技术能手”称号，彰显了我校教师过硬的专业实力及优秀的职业素养。





近年来，学校以省级“双高计划”建设为契机，不断深化“三教”改革，通过搭建竞赛平台，组建竞赛团队，积极鼓励和支持广大教师参加技术技能竞赛和教学能力比赛。学校将继续不断探索职业教育教师队伍发展新路径，大力弘扬劳模精神、劳动精神、工匠精神，引导教师向技术能手学习，不断提升教育教学水平，实现“以赛促学、以赛促训、以赛促评、以赛促建”，着力提高教师教育教学能力和专业实践能力，努力打造新时代高技能人才集聚高地，促进学校高质量发展。









供稿
︱
人事处

王

帅


编发
︱刘太山


",,179,https://www.suet.edu.cn/info/1026/5342.htm
学校召开2023年度山东省职业教育教学改革项目暨部省共建理论实践研究课题开题报告会, 发布时间: 2024-04-02,"
3月29日上午，我校2023年度山东省职业教育教学改革项目暨部省共建理论实践研究课题开题报告会在卓越楼智慧教室举行。石家庄铁路职业技术学院原党委书记胡振文教授，全国职业院校教学工作诊断与改进专家委员会副主任兼秘书长、常州工程职业技术学院原党委书记袁洪志教授，秦皇岛职业技术学院原院长、中国高等教育学会职业技术教育分会原副会长刘志国教授，全国电子商务职业教育教学指导委员会常务副主任陆春阳教授，山东省教育科学研究院职业教育研究中心主任李寿冰教授，滨州职业学院原教务处处长傅智端教授等专家为我校获评立项的6项省级教改项目和1项部省共建理论实践研究课题进行开题论证。学校督学李佩禹教授、张玉惕教授出席并主持会议。课题负责人及核心成员，各院部院长、教学副院长及骨干教师等40余人参加现场观摩。

各课题主持人作开题汇报，主要从课题的研究目标、研究内容、研究方法、具体分工、研究进度、预期成果等方面向评审专家作开题论述。

评审组专家围绕课题的选题依据、研究内容、思路方法等进行认真评议，形成评议意见，充分肯定了课题组开题前期所做的一系列基础性研究，高度评价了课题的研究意义和价值，认为课题研究框架合理、目标明确，思路清晰、方法可行，进度规划合理，研究成果可预期等前期成果，并提出了可行性建议。经集体讨论，专家组一致同意7个项目开题。

各课题组负责人表示，将根据专家评议意见对开题报告进行修改完善，进一步理清研究项目的核心概念，把准研究目标、优化研究思路、完善研究计划，脚踏实地，稳步提升，高质量地完成研究任务，切实提高教育教学研究水平和教育教学质量。

教而有研则深，研而有悟则进。学校历来重视教学研究改革和实践，重点教改项目立项率连续两年位居全省高职院校首位。学校充分发挥省级教育教学改革项目的示范引导作用，激发教师教学改革与创新活力，打造一批立得住、叫得响的质量工程项目，持续推动学校高质量发展。









",,179,https://www.suet.edu.cn/info/1026/5340.htm
我校召开2024年春季学期学生工作会议, 发布时间: 2024-03-20,"
为全面落实立德树人根本任务，推动学生工作高质量发展，
3
月
19
日，我校在卓越楼党员活动室召开
2024
年春季学期学生工
作会议。副校长韩业文、学生工作处长王万里、团委副书记邓妍，各二级学院学生副院长、学管科长、学管干事以及全体辅导员参加会议，学生工作处副处长杨立超主持会议。










王万里围绕千方百计确保学生安全稳定、全面强化巩固良好的学风和工作作风、扎实推进四项育人功能发挥、打造服务型学工团队、聚焦学生满意度提升五个方面对
2024
年学生工作要点进行详细部署。他强调，新学年学生工作要紧密围绕学校中心工作，把立德树人融入学生思想道德教育、文化知识教育和社会实践教育各链条，贯通学生服务“关键一公里”，助力学校新时代立体化大思政育人高质量发展。













韩业文对全体辅导员的默默奉献和辛勤付出给予充分肯定，就学生工作提出具体要求：一是提高政治站位，坚持立德树人根本任务，筑牢思想根基；二是优化学生服务体系，发挥“头雁效应”。要改善工作方式，打造服务型体系，打通安全稳定、舆情控制、学风建设等工作赋能链条；三是找准亮点，凝练特色，打造品牌，引领学院学生工作特色发展和亮点展示；四是辅导员要做好规划，用心用力做好本职工作，对标对表高校教师职业行为十项准则，树立良好的师德形象。







本次会议对学生工作思路进行了全面系统地梳理，突出工作重点，明确工作要求。全体学工队伍将在学校党委的坚强领导下，踔厉奋发，担当作为，凝心聚力齐创新，以时不我待的紧迫感、继续赶考的心态、接力奔跑的状态和不懈奋斗的姿态，奋力开创学生工作新局面，为学校高质量发展贡献学工力量。









供稿︱学生工作处 李传鸿


编发︱刘太山


",,177,https://www.suet.edu.cn/info/1026/5357.htm
我校五位教师荣获“山东省技术能手”称号, 发布时间: 2024-04-03,"
近日，山东省人力资源和社会保障厅发布《关于公布 2023年度“山东省技术能手”名单的通知》（鲁人社字〔2024〕23号），我校共有五位教师榜上有名，荣获“山东省技术能手”称号！他们分别是参加全国工业和信息化技术技能大赛山东省选拔赛的马玉英、王晓红，参加山东省新型电力系统建设职业技能竞赛的王建强，参加第二届山东省大数据分析应用职业技能竞赛的毕春晖，参加第五届“百家能工”职业技能竞赛的冯增雷。

“山东省技术能手”每年评选一次，由跨地区、跨行业的全省技能竞赛或省有关行业牵头举办的全省范围技能竞赛产生，入选人员技能水平在本职业（工种）位居前列，能在技术创新、攻克技术难关等方面做出一定的贡献。此次学校五名教师荣获“山东省技术能手”称号，彰显了我校教师过硬的专业实力及优秀的职业素养。

近年来，学校不断深化“三教”改革，通过搭建竞赛平台，组建竞赛团队，积极鼓励和支持广大教师参加技术技能竞赛和教学能力比赛。学校将继续探索职业教育教师队伍发展新路径，大力弘扬劳模精神、劳动精神、工匠精神，引导教师向技术能手学习，不断提升教育教学水平，实现“以赛促学、以赛促训、以赛促评、以赛促建”，着力提高教师教育教学能力和专业实践能力，努力打造新时代高技能人才集聚高地，促进学校高质量发展。





电子信息工程学院 马玉英




电子信息工程学院 王晓红




智能制造学院 王建强




数字财金学院 毕春晖




交通学院 冯增雷

作者：人事处 王帅  编辑：宣传部

",,179,https://www.suet.edu.cn/info/1026/5339.htm
建筑工程学院：立项四个山东省住房城乡建设科技计划项目, 发布时间: 2024-07-28,"
近日，山东省住房和城乡建设厅正式公布了
2024
年度山东省住房城乡建设科技计划项目立项名单，我校建筑工程学院组织申报的《美丽乡村背景下人居环境评价及环境整治提升研究》《转型升级背景下对接产业链的建筑类人才队伍建设研究》《绿色低碳宜居多层集中分户式农房节能技术体系研究》《城市更新背景下装配式模块化钢结构在老旧小区更新改造中的应用模式研究》
4
项科技计划项目均予立项。









本次通过各地市住建局申报的项目共计
450
项，最终立项
196
项，我校取得
4
项，位列同类院校第一位，不仅对我校科技创新能力给予高度认可，也是对我校长期以来坚持科研与教学并重、服务地方经济社会发展的充分肯定。






学校将以此为契机，严格按照山东省住房城乡建设厅的要求，认真组织项目实施，加强实施过程管理，进一步加强科研队伍建设，不断提升科研创新能力，推动产学研用深度融合，为行业发展贡献更多智慧和力量，为学校未来发展注入新动力。








撰稿︱建筑工程学院

温婷婷  科技处  肖圣颖

一审︱韩蕾

复审︱刘太山

终审︱张元


",,186,https://www.suet.edu.cn/info/1026/5885.htm
我校召开2023-2024学年第二学期教学督导工作会议, 发布时间: 2024-03-05,"
3
月
5
日上午，质量管理处在卓越楼五楼界别同心汇活动室召开
2023-2024
学年第二学期教学督导工作会议。参加会议的有党委副书记、副校长李梅松
、
校级教学督导组专家、各学院（部）分管教学工作副院长（副主任）、院级督导组组长以及教务处、质量管理处相关人员。会议由质量管理处处长初福民主持。





质量管理处全方位总结汇报了
2023
年度两级督导专家
组工作情况，并对学校课堂教学相关问题，提出切实可行的工作意见建议；同时公布了
2023-2024
学年第二学期教学督导工作计划，新学期的工作将从督导规范化建设、机制建设、督导队伍建设、常规教学督导、专项教学督导、督导信息化管理、优化课堂教学质量评价等方面开展，力求更大程度发挥督教、督管、督学职责。


会议要求各院部督导组，结合自身实际情况、课程属性、专业特色，制定详实的工作计划，在实际工作中认真履行职责，有理有据，客观公正，充分发挥督导在保障教学质量中的作用。


李梅松作总结发言，他强调了学校在以本科教学合格评估为中心的前提下，教学督导工作的重要性，要求两级督导组对标合格评估标准，做好、做实、做全督导全过程管理，发挥督导在教学工作的重要作用，为学校总体目标服务。








供稿︱质量管理处
张晓敏



编发︱刘太山


",,176,https://www.suet.edu.cn/info/1026/5330.htm
我校纪委召开2024年第一次全委（扩大）会议, 发布时间: 2024-03-07,"
3
月
6
日下午，学校纪委召开
2024
年第一次全委（扩大）会议。校党委副书记、纪委书记李梅松出席会议并讲话。校纪委委员、党组织纪检委员参加会议。




纪委委员徐永帅传达学习习近平总书记在二十届中央纪委三次全会上的重要讲话精神和全会精神、十二届山东省纪委三次全会精神。会议一致认为，习近平总书记的重要讲话从统筹中华民族伟大复兴战略全局和世界百年未有之大变局的高度，深刻阐述党的自我革命的重要思想，对持续发力、纵深推进反腐败斗争作出战略部署。学校纪委要坚持以习近平新时代中国特色社会主义思想为指导，全面贯彻党的二十大精神，深入领会二十届中央纪委三次全会、十二届山东省纪委三次全会精神，深入学习贯彻习近平总书记关于党的自我革命的重要思想，深刻领悟“两个确立”的决定性意义，坚决做到“两个维护”，巩固拓展主题教育和教育整顿成果，推进政治监督具体化精准化常态化，推动各类监督贯通协同，深化监督体系建设，健全全面从严治党体系，坚持严的要求正风肃纪反腐，常态长效深化落实中央八项规定精神，深化校内巡察推动改革促发展，持续强化纪检监察队伍建设，纵深推进纪检监察工作高质量发展。




纪委委员丁福强详细解读了
《中国共产党纪律处分条例》。会议指出，《中国共产党纪律处分条例》是我们党开展纪律处分工作的基本遵循，我们要通过组织专题学习、研讨交流等形式，使广大党员干部深刻认识到遵守党的纪律的极端重要性。
对于违犯党纪国法的行为，要依法依纪严肃处理，绝不手软。同时，我们也要加强对党员干部的教育引导，增强他们的纪律意识和规矩意识，
及时发现和纠正苗头性、倾向性问题，防止小问题演变成大问题。




全会认真审议并
通过了纪委委员张娜做的《学校
2024
年纪检监察工作要点》。会议强调，
2024
年是中华人民共和国成立
75
周年，是深入实施“十四五”规划的攻坚之年。学校
纪委作为党内监督专责机关，首先要旗帜鲜明讲政治，必须牢牢把握学校主要矛盾和发展中心任务，以坚持“两个确立”、做到“两个维护”为根本，把“严”的主基调贯穿党风廉政建设和反腐败斗争始终。




纪委书记李梅松在讲话中强调，要深入学习领会习近平总书记在中央纪委三次全会上的重要讲话和三次全会精神、
十二届山东省纪委三次全会精神
，学深悟透习近平总书记关于党的自我革命的重要思想，深刻理解纵深推进反腐败斗争的战略部署，以学习新修订的《中国共产党纪律处分条例》为契机，深入开展党纪教育。学校纪委要聚焦“精准、持续、创新”，推进
2024
年学校纪检监察工作高质量发展，以彻底的自我革命精神锻造一支让党放心、让师生满意的高校纪检监察铁军。















供稿︱纪委办公室 张 娜

编发︱刘太山


",,176,https://www.suet.edu.cn/info/1026/5329.htm
学校召开职业教育提质培优三年行动计划工作推进会, 发布时间: 2024-03-07,"
为进一步贯彻落实《国家职业教育改革实施方案》和《职业教育提质培优行动计划（
2020
—
2023
年）》精神，切实推动高水平职业技术大学建设，
3
月
7
日上午，我校提质培优三年行动计划工作推进会在卓越楼
5
楼界别同心汇活动室召开。学校党委副书记、副校长李梅松出席会议并讲话，各项目及有关部门负责人参加会议。质量管理处处长初福民主持推进会。





初福民对学校提质培优工作的进展情况进行了汇报，结合各项目组、相关部门的具体情况进行安排和部署，并从内容、格式等方面对项目结项材料的撰写和提交作出具体要求。





李梅松指出，提质培优行动计划是学校发展的重要机遇，是创建高水平职业技术大学的重要抓手，相关部门和个人应当高度重视，全面规划，结合学校发展实际，做好项目总结工作，确保各项任务顺利通过验收。







供稿︱质量管理处 张晓敏

编发︱刘太山


",,176,https://www.suet.edu.cn/info/1026/5328.htm
我校三名教师被选聘为职业教育省级兼职教研员，他们是……, 发布时间: 2024-09-20,,,189,https://www.suet.edu.cn/info/1026/6051.htm
校企、校会合作签约谱新篇 携手共赢聚合力促发展, 发布时间: 2024-01-13,"
为深化产教融合、校企合作，更新教学理念，依托企业、协会优势，共同推进产学研协同育人，
1
月
13
日下午，我校与长城梅地亚文化产业集团有限公司、山东省广告协会联合成立艺术设计实践教学基地并签订合作协议。校长吴梦军，长城梅地亚文化产业集团有限公司董事长王百忠，山东省广告协会副会长兼秘书长耿春平出席签约仪式。





吴梦军对广告协会六届三次理事会暨户外广告人联谊会胜利召开表示祝贺。她简要介绍了学校基本情况，表示本次签约是学校和企业、协会积极响应国家大力加强校企合作，推动产教融合走深走实的重要举措，也是发挥学校、企业、协会各方优势，更好地为社会培养高层次技术技能型人才的需要。实践教学基地的建立，既是企业提升人力资源水平的“充电站”，更是区域内艺术设计领域毕业生进入就业市场的“孵化器”，将有效推动我校艺术设计专业创新发展，为区域经济社会高质量发展作出新的更大贡献。








活动现场，吴梦军、王百忠、耿春平分别代表学校、企业、协会签订合作协议。





学校、企业、协会三方将以此签约为契机，开展多层次、多形式、多领域合作，积极探索艺术类人才培养新路径、新模式，实现资源共享和优化配置，开创合作共赢新局面。






供稿︱现代艺术学院 窦成亮

编发︱刘太山


",,173,https://www.suet.edu.cn/info/1026/1021.htm
学校开展期末考试巡考工作, 发布时间: 2024-01-03,"
1
月
2
日，学校组织开展
2023-2024
学年第一学期期末考试。学校督学李佩禹、副校长苗祥坤、督学张玉惕及教务处、各二级学院负责人深入各教学楼考场，对学生考风考纪、考试秩序、考场设施环境、监考教师履职等情况进行全面细致地巡查与指导，确保考试公平、公正，为学生营造一个良好的考试环境。





期末考试是检验学生学习成果的重要手段，也是反映教学质量的重要指标。巡考期间，他们对各考场进行全面检查，与监考教师交流，了解监考情况，强调监考责任和纪律要求，要求全体监考人员认真履行职责，严格遵守考试纪律，不断提升教学质量、育人水平，为学生提供更好的学习环境和成长空间。











从巡查整体情况来看，学校考试情况良好，监考教师认真负责，学生考试态度端正、遵守纪律，
认真作答，
考场秩序井然。
考试结束后，巡考人员也与学生进行交谈，学生们表示在考试中认真对待每一门课程，诚信沉着应考，不断提高自身知识技能水平，在新学年新学期取得更好的成绩。






供稿︱教务处


编发︱刘太山


",,172,https://www.suet.edu.cn/info/1026/1031.htm
与春天同行——“师生情 追梦路”2024元旦音乐诵读会向你走来, 发布时间: 2023-12-20,"
12
月
17
日，宣传走基层 与春天同行——“师生情 追梦路”
2024
元旦音乐诵读会如约而至。来自学校新闻传播服务协会、南苑餐厅、基础教学部、建筑工程学院击鼓队、数字财金学院婴幼儿托育服务与管理专业班级、学校心灵服务协会、轮滑社团、言兮汉服社等师生员工学生，在南苑餐厅一同诵念师生情谊，执起缤纷梦想，真诚送上祝福，汇聚在鲜艳的旗帜下，向着春天，为奔赴明天、逐梦未来发声放歌。










激昂的鼓点，动感的旋律，如潮的鼓声点燃了现场的气氛。在建筑工程学院击鼓队员的气势如虹的鼓乐声中，主持人基础教学部老师刘倩、现代艺术学院学生孙欣然带领大家开启音乐诵读会的序幕。









南苑餐厅孟霞经理致辞。
她表示同学们有朝气有活力也能力，是世界的未来，祖国的栋梁，代表百思特餐厅所有员工祝同学们身体健康，学业有成，希望同学们保持勤奋进取精神，勇于追求自己的梦想。山东百思特餐饮管理有限公司成立
21
周年以来，在山东工程的
17
个年头，陪伴了一批又一批的大学生，公司会继续努力给同学们提供更加可口的饭菜、更优质的服务。













数字财金学院婴幼儿托育服务与管理专业
2022
级学生宋姿懿、唐荣一首《老师我想你》，燃起人们对师生日常点点滴滴美好情谊的满满回忆。










三尺讲台见证教师辛苦，洁白粉笔书写教师一生。老师的滴滴心血化作谆谆教诲勤力塑造国家栋梁。基础教学部老师刘倩、数字财金学院聂忆衬、王英灿同学的诗朗诵《师生情》把老师教书育人、学生心怀感恩的心曲真情流露。













学校言兮汉服社张晓晨、任思宇翩然起舞《小城遥》舞姿婀娜，宛若春风杨柳，给严寒的冬季带来一抹别样色彩。一袭华衣穿越时空带来多姿舞蹈，一曲终了惹得观众意犹未尽；现场
K
歌、送祝福环节，孟霞经理一曲 《一句先苦后甜》道出了多少世事哲理，又诉说了多少万事回转，打动心弦，引得掌声阵阵。付志国同学自告奋勇上台演唱《我们都一样》，与接下来一位跳“科目三”的李昊同学引燃现场火热氛围，现场观看学生李玉晓、赵晟、苏靖等纷纷登台，情真意切向身边的老师、同学及远方的父母亲朋送上新春祝福。




























现代艺术学院王雪、商学院张晓燕深情朗诵《致橡树》诠释了平等独立、互敬互爱、独立自尊的新时代女性爱情观。电子信息工程学院梁义燃情诵读情景剧《西楚霸王剑》，把历史悠久的传说故事娓娓道来，见证了一代霸王的升起与陨落，浑厚有力、抑扬顿挫的音调仿佛带着人们身临其境直面沙场，带来一场兼具文学性、艺术性、表演性于一身的视听盛宴。










总有一种声音直达心底，总有一份思念萦绕心头。
宣传部刘太山歌曲 《圆圆的思念》；学校轮滑社社长刘力瑶送上诗朗诵《做最好的自己》，让人们知道了人生不仅仅是潦草诗，更
是专属于自身成长的华美篇章。




























有一个名字，不管历经沧桑，她始终在人们心中是一种神圣，一记信仰，一份自豪——那就是祖国。刘太山诗朗诵《那是我的祖国》传达出“那是我站在高山之巅深情呼唤的祖国，即使打断脊梁也要为之歌唱、
高高托举起坚强
”的不朽的精神力量。













当雄壮有力的国歌响彻整个校园，鲜艳的五星红旗冉冉升起，激发了所有同学不断向上的斗志，点燃了同学们强烈的爱国热情。
2024
年
1
月
1
日起
，《中华人民共和国爱国主义教育法》施行。制定爱国主义教育法，以法治的方式推动和保障新时代爱国主义教育，对于振奋民族精神、凝聚人民力量，推进强国建设、民族复兴，具有十分重大而深远的意义。其中升旗是进行爱国主义教育和集体主义教育的重要内容。大屏幕上，伴随着冉冉升起的五星红旗，国旗护卫队队员杨子墨、陈洪睿讲述了与国旗、国旗护卫队的感悟心得，“作为国旗护卫队的一员，深刻感受到了一份责任和荣誉，也更加认识到了祖国的伟大和美好。每当国旗在空中飘扬，都会感到无比自豪和激动，这种感觉是无法用言语来表达的。对于国旗护卫队来说，护卫国旗，重于生命，那是一种精神，是一种信仰。愿每一个中国青年都把自己的成长融入祖国的发展。牢记初心使命，砥砺奋进前行，将青春热血奉献给党和国家，职教出彩，用我们的青春朝气谱写时代新篇章！”






伴随着《难忘今宵》耳熟能详的优美旋律，那些最能引发共鸣的朴素情怀，串联起广大师生员工的梦想追求，引领人们正以时不我待的奋进姿态阔步前行，共同迎接一个新的春天的来临。








主

持︱刘

倩 孙欣然


音

响︱高

驰


图 片︱梁飞博 辛国骏 耿全泽


总编导 总撰稿︱刘太山 张晓燕


指

导︱张

元


鸣

谢︱南苑餐厅 基础教学部 建筑工程学院 数字财金学院
各大学生社团等



",,171,https://www.suet.edu.cn/info/1026/1042.htm
我校当选全国网络软件安全行业产教融合共同体副理事长单位, 发布时间: 2023-12-11,"
12
月
9
日，“网络安全·共建共享”——全国网络软件安全行业产教融合共同体成立大会在江西软件职业技术大学井冈山数字经济产业学院举行，这标志着全国网络软件安全行业产教融合共同体正式成立。来自相关企业、行业协会，有关院校、科研院所的领导嘉宾和师生代表齐聚一堂，共同见证网络软件安全产业界、教育界和研究界的跨界融合，我校当选为副理事长单位。





据悉，全国网络软件安全行业产教融合共同体是在江西省教育厅的指导下，由江西省邮电规划设计院有限公司、东华理工大学、江西软件职业技术大学共同牵头，联合相关企业、行业协会、高等院校、职业院校等
110
余家单位共同发起成立。该共同体目标是推动网络软件安全行业的发展，培养优秀的网络软件安全技术人才，提供优质的教育资源和服务，促进产学研用的深度融合，推动行业的高质量发展，实现共同体资源共享和优势互补，从根本上促进校企深度融合，为国家培养高层次高素质网络软件安全技术技能人才，打造网络软件安全行业产教融合共同体品牌。





人工智能学院将以此次产教融合共同体成立为契机，充分用好共同体提供的优质资源，整合产学研资源，构建更高层次、更高水平的产教融合平台，培养高素质网络软件安全技能人才。





供稿︱人工智能学院 杨 源


编发︱刘太山

",,170,https://www.suet.edu.cn/info/1026/1052.htm
我校电子信息工程学院在华为ICT大赛山东赛区中荣获佳绩, 发布时间: 2023-12-13,"






党的二十大报告指出：“教育、科技、人才是全面建设社会主义现代化国家的基础性、战略性支撑。必须坚持科技是第一生产力、人才是第一资源、创新是第一动力，深入实施科教兴国战略、人才强国战略、创新驱动发展战略，开辟发展新领域新赛道，不断塑造发展新动能新优势”。

华为
ICT
大赛山东省赛圆满落下帷幕，我校电子信息工程学院在华为
ICT
大赛山东赛区中荣获佳绩，四支队伍、十二名学生在网络赛道、计算赛道、云赛道中获奖，我校荣获山东赛区最佳组织单位。参赛团队在马玉英院长的带领下，经过近两个月的实践训练，最终获华为
ICT
大赛山东赛区—网络赛道三等奖一项，计算赛道—二等奖一项、三等奖一项，云赛道—三等奖一项。










本次大赛由华为技术有限公司主办，济南博赛网络技术有限公司承办，山东省高等教育管理科学研究会、山东省职业教育和产业人才研究院单位支持。“华为
ICT
大赛”是华为公司面向全球大学生打造的
ICT
人才竞技交流赛事，自
2021
年
3
月
22
日，中国高等教育学会高校竞赛评估与管理体系研究工作组发布
2020
全国普通高校大学生竞赛排行榜。华为
ICT
大赛已正式纳入
2020
年全国普通高校大学生竞赛排行榜内竞赛项目名单，代表华为
ICT
大赛成为中国高等教育学会认可的含金量高、参赛价值大的国家级竞赛项目之一。













我校电子信息工程学院学子在此次大赛中表现优异，各项赛项成绩的取得，既是同学和老师共同努力付出的结果，也体现了师生的优良素养，提升了师生实践创新能力，达到了“以赛促学、以赛促教”的目的。接下来，电子信息工程学院将继续通过赛事品牌、训练基地、指导团队、专创课程、项目库、资源库、专项研究等系列措施，不断推进落实从创新引导与兴趣激发、创意激发与项目培育、创新训练与项目实践、创业训练与创业孵化的全过程支持和保障措施，
寻求学院在重大赛事中突破性成就，着力提升学校创新创业人才培养质量。










供稿︱电子信息工程学院 张梦玥


编发︱刘太山


",,170,https://www.suet.edu.cn/info/1026/1050.htm
我校当选全国人工智能职业教育产教融合共同体副理事长单位, 发布时间: 2023-12-05,"
12
月
2
日，由广州科技职业技术大学、广东技术师范大学、广州飞瑞敖电子科技股份有限公司主办的全国人工智能职业教育产教融合共同体成立大会在广州科技职业技术大学举行。来自全国各地的高校、研究院所、企业等超
200
家单位加入，人工智能学院院长牛翔代表学校受邀参加成立大会，受领学校当选全国人工智能职业教育产教融合共同体副理事长单位荣誉牌匾。





大会审议并表决通过了《全国人工智能职业教育产教融合共同体章程》，选举并表决通过共同体理事长单位、副理事长单位、秘书长单位、理事长、副理事长、秘书长，我校当选为副理事长单位。共同体致力于推动产业与教育深入融合，实现政校行企研良性互动，协同培养人工智能领域高层次技术技能人才。





山东工程职业技术大学是全国首批本科层次职业教育试点院校之一，一直以来，学校积极拓展人工智能技术在教育领域中的应用，高度重视产教融合、科教融汇，不断探索研究人工智能背景下本科层次职业大学人才培养模式。我校加入全国人工智能职业教育产教融合共同体对于进一步推动教育链、产业链、人才链、创新链深度融合，培养更多高素质技术技能型人才具有重要意义。









人工智能学院将大力推进专业建设高质量提升，
定期参与组织各类交流活动，通过产学研合作、人才培养、科技成果转化等多种方式，共同推动创新创业教育和具有工匠精神的高层次技术技能人才培养。










图文
︱人工智能学院
杨

源


编发
︱刘太山



",,168,https://www.suet.edu.cn/info/1026/1065.htm
“阅读达人”上线 开启精彩无限, 发布时间: 2023-11-22,"

阅读的意义是什么？苏童说：“阅读是精神漫步。”毛姆说：“阅读是一座随身携带的避难所。”余华说：“读书的好处就是「让我知道自己是谁」。”
......






“阅”读越知远，你读的每一本书，都会为你指明前路。春华秋实，岁物丰成。
10
月
9
日至
11
月
5
日，京东读书专业版联合全国各高校图书馆共同开展“春华秋实

以心迎新”开学季阅读活动，图书馆积极组织
224
学生参加，
2023
级视觉传达设计班张冰莹同学荣获“阅读达人”奖，图书馆荣获优秀组织奖。






星光不负赶路人。为期
28
天的线上阅读活动，同学们针对校园生活、学习、恋爱、就业
4
个维度开展，探索大学生们的同频共振触点，在互动交流区打造大学生成长社区。读者通过京东读书专业版活动平台报名参赛，完成在线阅读任务获得积分。参与者还在活动页面发表书评，优质书评将发布到“汇云书舍”微信公众号并通过京东读书专业版平台、各图书馆公众号分享给所有读者阅读。






阅读期间，同学们积极参与宣传，
2023
级机器人技术
1
班张春蕾同学参与总时长达
253
小时，邀请
9
位好友报名活动。打卡活动虽圆满落幕，但良好习惯已悄然形成。当坚持成为一种能力，当阅读成为每天的一部分，“阅”读越知远，你读的每一本书，都会为你指明前路。正如尼采所言：“也许你感觉自己的努力总是徒劳无功，但不必怀疑，你每天都离顶点更近一步。今天的你离顶点还遥遥无期，但你通过今天的努力，继续了明天勇攀高峰的力量。”







图文
｜图书馆 崔文娟


编发｜刘太山


",,167,https://www.suet.edu.cn/info/1026/1083.htm
我校组织召开2023年山东省“技能兴鲁”职业技能大赛说明会, 发布时间: 2023-11-15,"
<!--  /* Font Definitions */  @font-face {font-family:宋体; panose-1:2 1 6 0 3 1 1 1 1 1;} @font-face {font-family:黑体; panose-1:2 1 6 9 6 1 1 1 1 1;} @font-face {font-family:""Cambria Math""; panose-1:2 4 5 3 5 4 6 3 2 4;} @font-face {font-family:Calibri; panose-1:2 15 5 2 2 2 4 3 2 4;} @font-face {font-family:""Calibri Light""; panose-1:2 15 3 2 2 2 4 3 2 4;} @font-face {font-family:仿宋; panose-1:2 1 6 9 6 1 1 1 1 1;} @font-face {font-family:""\@宋体""; panose-1:2 1 6 0 3 1 1 1 1 1;} @font-face {font-family:""\@仿宋""; panose-1:2 1 6 9 6 1 1 1 1 1;} @font-face {font-family:""\@黑体""; panose-1:2 1 6 9 6 1 1 1 1 1;}  /* Style Definitions */  p.MsoNormal, li.MsoNormal, div.MsoNormal {margin:0cm; margin-bottom:.0001pt; text-align:justify; text-justify:inter-ideograph; font-size:10.5pt; font-family:""Calibri"",""sans-serif"";} h1 {margin:0cm; margin-bottom:.0001pt; text-align:justify; text-justify:inter-ideograph; line-height:240%; page-break-after:avoid; font-size:22.0pt; font-family:""Calibri"",""sans-serif"";} h2 {margin:0cm; margin-bottom:.0001pt; text-align:justify; text-justify:inter-ideograph; line-height:172%; page-break-after:avoid; font-size:16.0pt; font-family:""Arial"",""sans-serif"";} p.MsoHeader, li.MsoHeader, div.MsoHeader {mso-style-link:""页眉 Char""; margin:0cm; margin-bottom:.0001pt; text-align:center; vsb_temp-mode:char; border:none; padding:0cm; font-size:9.0pt; font-family:""Calibri"",""sans-serif"";} p.MsoFooter, li.MsoFooter, div.MsoFooter {mso-style-link:""页脚 Char""; margin:0cm; margin-bottom:.0001pt; vsb_temp-mode:char; font-size:9.0pt; font-family:""Calibri"",""sans-serif"";} p.MsoToaHeading, li.MsoToaHeading, div.MsoToaHeading {margin:0cm; margin-bottom:.0001pt; text-align:justify; text-justify:inter-ideograph; font-size:12.0pt; font-family:""Arial"",""sans-serif"";} p.MsoTitle, li.MsoTitle, div.MsoTitle {mso-style-link:""标题 Char""; margin-top:12.0pt; margin-right:0cm; margin-bottom:3.0pt; margin-left:0cm; text-align:center; font-size:16.0pt; font-family:""Calibri Light"",""sans-serif""; font-weight:bold;} p.MsoAcetate, li.MsoAcetate, div.MsoAcetate {mso-style-link:""批注框文本 Char""; margin:0cm; margin-bottom:.0001pt; text-align:justify; text-justify:inter-ideograph; font-size:9.0pt; font-family:""Calibri"",""sans-serif"";} p.MsoListParagraph, li.MsoListParagraph, div.MsoListParagraph {margin:0cm; margin-bottom:.0001pt; text-align:justify; text-justify:inter-ideograph; text-indent:21.0pt; font-size:10.5pt; font-family:""Calibri"",""sans-serif"";} span.Char {mso-style-name:""批注框文本 Char""; mso-style-link:批注框文本;} span.Char0 {mso-style-name:""页眉 Char""; mso-style-link:页眉;} span.Char1 {mso-style-name:""页脚 Char""; mso-style-link:页脚;} span.Char2 {mso-style-name:""标题 Char""; mso-style-link:标题; font-family:""Calibri Light"",""sans-serif""; font-weight:bold;} .MsoChpDefault {font-size:10.0pt;}  /* Page Definitions */  @page Section1 {size:595.3pt 841.9pt; margin:72.0pt 90.0pt 72.0pt 90.0pt; vsb_temp:15.6pt;} div.Section1 {page:Section1;} -->


11
月
15
日上午，我校召开
2023
年山东省“技能兴鲁”职业技能大赛——
“运华—翰霖杯”新能源汽车营销技能竞赛线上说明会。学校督学张玉惕，大赛裁判长赵培全，山东翰霖信息技术有限公司总经理周美玉，北京运华科技发展有限公司山东省大区经理程柯柯，济南德熙蓝电体验中心销售经理邬守魁，北京运华科技发展有限公司技术员王天九以及全体参赛院校领队、参赛选手等参加，交通学院院长王霞主持说明会。








张玉惕致欢迎词，向参加线上说明会的各位领导及各参赛队伍表示热烈欢迎。他讲道，山东工程职业技术大学作为承办校，将全力做好本届赛事组织工作，竭诚提供优质服务，确保大赛取得圆满成功。





裁判长赵培全教授对大赛
竞赛规程、评分标准等内容
进行详细
解读
。





济南德熙蓝电体验中心邬守魁经理对比赛用车蓝电
-E5
进行详细介绍。





北京运华科技发展有限公司王天九技术员介绍比赛软件，技术员
就平台功能及操作进行详细介绍，并分别对各参赛学校提出的具体问题进行解答。






王霞表示，学校将以承办此次大赛为契机，努力发挥专业优势，不断提高办赛实力，丰富赛事组织经验，为参赛师生提供最优服务，奋力攻坚，精心组织，以举办高水平赛事打造学校新名片、积蓄发展新动能。








供稿
︱交通学院 李 慧


编发
︱刘太山

",,166,https://www.suet.edu.cn/info/1026/1093.htm
我校参加中德职业教育先进制造业技术技能人才培养合作发展论坛, 发布时间: 2023-11-08,"
<!--  /* Font Definitions */  @font-face {font-family:宋体; panose-1:2 1 6 0 3 1 1 1 1 1;} @font-face {font-family:""Cambria Math""; panose-1:2 4 5 3 5 4 6 3 2 4;} @font-face {font-family:Calibri; panose-1:2 15 5 2 2 2 4 3 2 4;} @font-face {font-family:""\@宋体""; panose-1:2 1 6 0 3 1 1 1 1 1;}  /* Style Definitions */  p.MsoNormal, li.MsoNormal, div.MsoNormal {margin:0cm; margin-bottom:.0001pt; text-align:justify; text-justify:inter-ideograph; font-size:10.5pt; font-family:""Calibri"",""sans-serif"";} p.MsoHeader, li.MsoHeader, div.MsoHeader {mso-style-link:""页眉 Char""; margin:0cm; margin-bottom:.0001pt; text-align:center; vsb_temp-mode:char; border:none; padding:0cm; font-size:9.0pt; font-family:""Calibri"",""sans-serif"";} p.MsoFooter, li.MsoFooter, div.MsoFooter {mso-style-link:""页脚 Char""; margin:0cm; margin-bottom:.0001pt; vsb_temp-mode:char; font-size:9.0pt; font-family:""Calibri"",""sans-serif"";} p.MsoAcetate, li.MsoAcetate, div.MsoAcetate {mso-style-link:""批注框文本 Char""; margin:0cm; margin-bottom:.0001pt; text-align:justify; text-justify:inter-ideograph; font-size:9.0pt; font-family:""Calibri"",""sans-serif"";} span.Char {mso-style-name:""批注框文本 Char""; mso-style-link:批注框文本; font-family:""Calibri"",""sans-serif"";} span.Char0 {mso-style-name:""页眉 Char""; mso-style-link:页眉; font-family:""Calibri"",""sans-serif"";} span.Char1 {mso-style-name:""页脚 Char""; mso-style-link:页脚; font-family:""Calibri"",""sans-serif"";} .MsoChpDefault {font-size:10.0pt;}  /* Page Definitions */  @page Section1 {size:595.3pt 841.9pt; margin:72.0pt 90.0pt 72.0pt 90.0pt; vsb_temp:15.6pt;} div.Section1 {page:Section1;} -->



为深化职业教育国际交流和校企合作，助力部省共建省域现代职业教育新模式试点建设，促进先进制造业技术技能人才培养，近日，由山东省教育厅、巴符州德中职教合作友好促进协会指导，山东职业学院、北京市教育国际交流协会、山东省机械职业教育教学指导委员会联合主办的“中德职业教育先进制造业技术技能人才培
养合作发展论坛”在济南举行。学校党委副书记、副校长李梅松，建筑工程学院院长韩蕾以及教学与实训科部分骨干教师代表参加论坛活动。



省教育厅党组成员、副厅长张志刚，巴登符腾堡州教育部外事及职业教育负责人马蒂亚斯•库尔勒，北京市教育国际交流协会会长黄侃，省委外事办欧洲处处长周家伦，卡尔斯鲁厄手工业协会主席帕特里克•雅各布等出席论坛并致辞。























本次论坛以“新技术、新模式、新合作、新发展”为主题，围绕部省共建省域现代职业教育体系新模式试点、国际化校企合作、职业教育人才培养新标准新范式、职业教育教师发展等展开交流，聚焦中德职业教育先进制造业技术技能人才培养需求变化，探索国际化、高水平先进制造业技术技能人才培养模式，以职业教育高质量人才培养推进产业基础再造、产业数字化转型升级、产业科技创新能力提升、新兴产业培育壮大。



国内外、省内科研、行业协会专家通过线下与线上方式，从“部省共建省域现代职业教育体系新模式试点”“智能制造背景下的中德职业教育”“制造类职业院校和企业的国际交流与合作”“中德先进制造业人才培养标准”“产教融合、教师发展与人才培养”“智能制造技术发展”等六个方面作专题报告。




山东省教育科学院院长申培轩《山东省现代职业教育体系构建与创新》专题报告






德国国家科学与工程院院士葛兴福《未来工程师》专题报告





德玛吉全球教育总监塞巴斯蒂安·普劳《制造技术变革与人才培养》专题报告






中国机械工业教育发展中心副主任郑丽梅《产教融合助力装备制造业高质量发展》专题报告






德国巴登符腾堡州教育部专家托马斯·胡戈《未来职业教育》专题报告








山东省产教融合促进会驻会副会长曲洪民《用好用足政策工具助推产教融合国际化》专题报告






本次论坛为推动职业教育国际化人才培养架起了更加宽广的桥梁，为推进中德职业教育高水平深层次合作埋下了更加厚实的砖瓦，是一次学术交流的盛会、合作发展的盛会、催人奋进的盛会。










近年来，我校主动适应新制造发展变革，积极融入“双循环”新发展格局，着力推进中国式现代化建设、山东现代化强省建设和国际产能合作，在推进教育、科技、人才一体发展方面持续开展新探索新实践，体现出学校主动对接山东省八大发展战略、“十强”产业集群，主动参与国际产能合作的积极态度。建筑工程学院将积极贯彻学校育人理念，大力培养智能建造新领域国际化人才，为中国式现代化和国际产能合作提供源源不断的高素质技术技能人才保障。







供稿
︱
建筑工程学院

王雪璇

编发
︱刘太山



",,165,https://www.suet.edu.cn/info/1026/1100.htm
王建强、张欣获奖！, 发布时间: 2023-11-01,"
10
月
30
日，第七届山东省黄炎培职业教育创新创业大赛决赛在烟台职业学院举行，我校智能制造学院王建强老师荣获高职教师组二等奖，数字财金学院张欣老师荣获高职教师组三等奖。








黄炎培职业教育创新创业大赛由山东省中华职业教育社、山东省教育厅、山东省总工会、山东省人力资源和社会保障厅共同举办，旨在深入贯彻落实《职业教育法》，大力弘扬黄炎培职业教育思想，激发职业院校师生创新创业创造活力，加快培养创新型高素质技术技能人才。



本次大赛类别分为学生创新创业规划大赛和教师创新创业指导大赛，各分成高职组和中职组；赛制分为初赛、复赛、决赛三个阶段。经过校级、市级初赛和资格审核，共有
224
所院校的
1216
个项目入围复赛。经过复赛严格评审，其中高职教师组共评出进入决赛项目
20
个（争夺一、二等奖项）、三等奖项目
20
个，其中我校王建强老师的作品《逆反创新：
SG-2
智能微型爬楼车》进入决赛，张欣老师的作品《专创融合——
RPA
技术在报税环节中的应用》获得高职教师组三等奖。





现场决赛采用“
5+3
”模式，即
5
分钟指导案例展示，
3
分钟专家提问点评，决赛现场围绕教谁、教什么、怎么教、为什么这么教等问题，参赛老师对作品进行汇报，由
7
位专家现场打分，我校最终捧回高职教师组二等奖、三等奖奖杯。





供稿︱智能制造学院 王建强

编发︱刘太山

",,164,https://www.suet.edu.cn/info/1026/1106.htm
我校立项济南市第一批市域产教联合体项目和产教融合共同体项目, 发布时间: 2023-10-18,"
10
月
10
日，济南市教育局等
5
部门联合发布了《关于公布济南市第一批市域产教联合体的通知》和《关于公布济南市产教融合共同体的通知》，我校牵头成立的济南市数字电商与现代服务业产教联合体项目和济南市数字电商与现代服务业产教融合共同体项目立项。


济南市数字电商与现代服务业产教融合共同体和济南市数字电商与现代服务业产教联合体，是学校立足实际、认真调研的基础上，以山东明水国开发展集团有限公司所属的济南市（国际）高层次人才创新创业示范基地为依托园区、山东明水国开发展集团有限公司为牵头企业、山东工程职业技术大学为牵头学校，以山东交通学院、
山东政法学院、
齐鲁师范学院、山东电子职业技术学院、济南工程职业技术学院、山东旅游职业学院、山东商业职业技术学院、山东职业学院、山东劳动职业技术学院、章丘中等职业学校等学校，济南市章丘区电子商务协会等组织，山东明水国开发展集团有限公司京东（山东）数字经济产业园、中教畅享（北京）科技有限公司、山东博科控股集团有限公司、山东依智科技产业开发集团有限公司、鼎利（山东）产业发展有限公司等作为支持单位
申报成立。其中，济南市数字电商与现代服务业产教融合共同体培养方向为线上产品开发与应用技术、工业品电商数字化运营、跨境电商数字化运营、农产品直播数字化运营、中小型服务业企业数字化运营等技术技能人才。济南市数字电商与现代服务业产教联合体培养方向为电商（含跨境）数字化运营、共建共享产教资源融合型公共实训中心建设、中小企业数字化销售转型等。


数字电商与现代服务业产教融合共同体和市域产教联合体的成立，以优质教育服务和人才培养为核心目标，进一步加强了学校与政府、企业行业、科研机构等多领域的深度合作关系，为有效联合区域职业院校、地方政府、行业企业，整合优质资源，搭建数字电商与现代服务业产业的合作交流平台，提升数字电商和现代服务业人才的职业教育水平，培养产业高素质、复合型、实用型人才，助力区域产业高质量发展。


以此为契机，学校将进一步对接区域发展需求，优化建设方案，完善运行机制，进一步整合优质资源共建共享等，形成协同培养高技能人才，赋能企业专精特新发展，教育和产业统筹融合、良性互动的发展格局。








供稿︱教务处 孙良静

编发︱刘太山


",,163,https://www.suet.edu.cn/info/1026/1122.htm
『我在现场』十月发布︱让那一个『我』同现场、发现并肩成长, 发布时间: 2023-10-10,"




总有一个『现场』与你息息相关



总有一种发现与你紧紧相连



『我在现场』



站立正在发生、即将抵达的新闻彼岸











与『现场』一起发声



同发现并肩成长



打开思维边界



跃入舞台中央











让事件在光影中定格



让故事在纸指尖流淌



让你成为闪闪发光的那个『我』



『我在现场』新闻写作、摄影大赛











发掘新场景



共享新机遇



播种新梦想



首届『我在现场』新闻写作、摄影采风大赛邀你分享








【大赛策划推广案】
@
山东工程人，火热征集！















策划推广︱郁

涵 梁飞博


文稿统筹︱刘太山


媒体联动︱王玉珠

赛项指导︱张

元


",,162,https://www.suet.edu.cn/info/1026/1130.htm
我校参加全国装配式建筑智能建造产教融合共同体成立大会, 发布时间: 2023-09-22,"
9
月
20
日，由天元建设集团有限公司、中国矿业大学和枣庄科技职业学院主办的“全国装配式建筑智能建造产教融合共同体成立大会”在枣庄科技职业学院举行。我校作为全国装配式建筑智能建造产教融合共同体第一届理事会副理事长单位参加成立大会。







教育部有关领导，山东省教育厅职业教育处副处长魏巍，中国教育科学研究院职业教育与继续教育研究所所长王新波，全国建材职业教育教学指导委员会秘书长李江，中国建筑节能协会绿色装配式建筑产业分会秘书长李红，中国矿业大学力学与土木学院副院长张营营，天元建设集团有限公司党委副书记、副总经理王士坤，枣庄市人民政府办公室副主任张伟，滕州市人民政府副市长秦升学，枣庄市教育局党组成员、总督学孙斌等来自政府、行业、教育界等领域代表齐聚一堂，共同探讨产教融合，构建装配式建筑智能建造人才培养新生态。石忠作为山东省职业技术教育学会会长发表讲话。






装配式建筑智能建造是中国建筑业升级的关键路径。全国装配式建筑智能建造产教融合共同体的成立，有望通过产教融合解决人才供给与产业需求不匹配的难题，促进装配式建筑智能建造行业的持续创新和健康发展。




成立大会结束后，中国矿业大学力学与土木学院副院长张营营、中国教育科学研究院职业教育与继续教育研究所所长王新波、广联达数字高校方案咨询部副总经理霍天昭分别分享了以产教融合、智能建造为主题的专题报告，献计献策，为产教融合发展贡献力量。







此次全国装配式建筑智能建造产教融合共同体的成立只是一个开始，共同体各成员单位将秉持“开放、协同、共享、共赢”运行理念，在更多领域、更深层次加强合作，为产业和职业教育发展做出贡献。




作为共同体重要参与单位，学校将坚持践行产教深度融合理念，着力培养装配式建筑智能建造行业急需的高端技能人才，为装配式建筑智能建造产业提供人才和智力支撑，打造行业产教融合共同体先行示范和创新标杆。








供稿︱建筑工程学院 王雪璇 韩蕾


编发︱刘太山


",,161,https://www.suet.edu.cn/info/1026/1141.htm
我校召开山东省教学改革研究项目结项验收和成果鉴定会, 发布时间: 2023-09-11,"

9
月
9
日上午，我校以线上形式组织召开
2021
年省级教学改革研究项目暨
2019
年委托项目结项验收与成果鉴定会。校长吴梦军作为委托项目负责人出席会议，督学李佩禹、各项目组成员参加会议，会议由李佩禹主持。






本次会议特别邀请山东省教育厅原巡视员宋承祥任组长，评审组成员有山东省教育科学研究院院长申培轩，山东农业大学原校长助理王汉忠，济南职业学院党委副书记、院长尹元华，山东省教育科学研究院职业教育研究中心副主任赵朝晖，滨州职业学院副院长李明月，莱芜职业技术学院副院长邹翠兰，山东工业职业学院副院长赵红军，青岛酒店管理职业技术学院教务处处长于进亮，德州职业技术学院教务处处长刘文娟。






此次参与结项评审的两个项目是
2019
年山东省教育厅委托项目《本科层次职业教育研究与实践》和
2021
年山东省职业教育教学改革研究自筹项目《职业教育背景下教学督导机制和模式的建立与实践》。各项目负责人分别从研究内容、研究目标、研究特色与创新、取得的成果、后期研究思路等方面，向专家组进行了汇报。专家组通过审阅项目结题材料、听取项目汇报等方式对项目进行了评
议。其中山东省教育科学研究院院长申培轩指出，项目研究就有全国领先性，课题研究的意义特别重大，研究成果丰硕，体现了山东工程职业技术大学作为试点工作的先进性和示范性。最后，在充分讨论的基础上，专家组逐一提出项目验收与鉴定意见，
一致认为，各项目组提供的鉴定材料丰富规范，研究工作扎实有效，取得了丰硕成果，突出了创新性和实操性，切实发挥教改项目在教育教学改革中的引领与示范作用
。


吴梦军对各位专家参会表示感谢，同时真诚希望专家组多提宝贵意见，学校将以此次结题验收为契机，认真总结经验，凝练成果，高度支持教育教学改革研究在人才培养中的作用，不断加大教学改革力度，激发教师研究热情，打造教学研究的金钥匙，开启职业本科教育新发展。










供稿︱教务处（学位办）刘鑫

编发
︱刘太山


",,160,https://www.suet.edu.cn/info/1026/1150.htm
专家引领明思路 课题指导促成长 我校举行现场工程师专题学术沙龙活动, 发布时间: 2023-08-29,"
为充分发挥科研在学校内涵建设上的引导作用，通过科研突破职业本科建设上的重点、难点、痛点、堵点，进一步推动、提升、整合、凝练学校“新工科、融合性、职业型”办学特色，根据《
2023
年度山东工程职业技术大学现场工程师培养专项课题》申报工作安排，
7
月
24
日至
8
月
11
日，学校特邀请中国高等教育学会研究分会副理事长顾永安、济南工程职业技术学院原科研处处长温风军、国家自然科学和社会科学基金评审专家刘恩超、
山东省自然辩证
法研究会副理事长郑强、山东青年政治学院会计学院院长白洁、全国第七届黄炎培职业教育奖杰出教师奖获得者杨云、山东师范大学教育学部教授吉标、山东建筑大学教授刘哲、主持国家级、省级、市级教科研课题王恩海九位教授与我校
160
多名教师交流分享了关于现场工程师申报工作的有关问题。




九位教授分别从现场工程师培养涉及的课程建设、师资建设、培养模式、校企合作、教学资源建设、比较研究、新工科背景下科技创新项目的研究与申报、人才培养模式八个方面进行指导交流。顾永安教授认为，课程建设是应用型人才培养的核心问题，要着力推动人才培养各个要素的转型，贯彻到学科专业层面、课程层面、课堂层面，实现人才培养观念、学科、专业、课程与教材体系、课堂教学、实践教学、创新创业教育、考核评价方式和教学质量保障体系等方面的转型。因此，学校定位、人才培养定位、学科专业定位都是最终通过课程定位来体现的。应用型本科的课程体系不是建立在学科体系上的课程内容体系，而是以技术体系为依据的课程内容体系，强调理论的应用性、技术的先进性。顾永安教授指出了我校教师在申报现场工程师课程建设方面，应注意相关内容的内在逻辑衔接。




白洁教授从现场工程师的人才培养模式专题出发，与我校教师做了深度探讨，提出要从思想上消除课题组成员的畏难情绪，指导老师们如何写好课题申报书。她从“核心概念”的界定到“研究思路”等板块，启发大家如何想、如何写、如何做。



杨洁教授从研究团队填写，与教师交流如何填报申报书，包括研究团队的成员分工、成员的研究领域、成员的构成等，指出很多老师在填报中容易出现失误，在以后的申报过程中要注意规范填写。




专家们肯定了我校教师对于课题研究的高度热情和钻研精神，用生动的比喻、详实的例子阐释申报课题的关键点，对申报的课题提出了专业的指引和点拨，针对不足提出了可行的修改措施。通过指导，每个课题组都找准了明确的研究思路和实施方向，对进一步梳理课题有了更深的认识。




“真正的学术有感而发，建立在兴趣之上，落实在科研实践之中”。现场工程师专题学术沙龙的举行，对深化产教融合、校企合作，推动职业教育高质量发展意义重大，我校将以此为契机，优化人才培养方案，完善课程标准，提升育人质量，优途径、多方位赋能学校高水平职业技术大学内涵建设。











供稿︱高等职业教育研究院

马东岳

编发︱宣传部


",,159,https://www.suet.edu.cn/info/1026/1162.htm
学校召开深化现代职业教育体系建设项目协调会议, 发布时间: 2023-08-27,"
为贯彻落实好《教育部办公厅关于加快推进现代职业教育体系建设改革重点任务的通知》（教职成厅函〔
2023
〕
20
号）文件精神，持续推进现代职业体系改革建设项目，
8
月
25
日，学校在卓越楼第一会议室召开深化现代职业教育体系建设项目协调会议。学校总督学匡奕珍，党委副书记、副校长李梅松，副校长苗祥坤，督学张玉惕，教务处（学位办）、党政办公室、科技处、合作开发与产业处、资产与实验设备管理处、网络与信息化管理中心负责人，各二级学院（部）院长（主任）、教学副院长参加会议。会议由苗祥坤主持。






教务处处长张文硕对《山东工程职业技术大学现代职业教育体系建设工作实施方案》编制情况作了详细说明，围绕打造市域产教联合体，打造行业产教融合共同体，建设开放型区域产教融合实践中心，持续建设职业教育专业教学资源库，建设职业教育信息化标杆学校，建设职业教育示范性虚拟仿真实训基地，开展职业教育一流核心课程建设，开展职业教育优质教材建设，开展职业教育校企合作典型生产实践项目建设，开展具有区域影响的职业教育标准、资源和装备建设和建设具有较高国际化水平的职业学校等
11
项重点任务进行逐条解读，结合学校当前已经取得成果和建设进度，对后续建设方向提出了建议。各牵头部门汇报了本部门负责的相关项目建设思路以及需要解决的重难点问题。各二级学院对本单位的申报计划和进展情况展开讨论。




张玉惕、李梅松和苗祥坤分别就学校在推进现代职业教育体系建设改革重点任务建设中存在的问题提出相关建议。




匡奕珍做总结讲话，对当前重点建设任务进行了明确的指示和部署。他指出，一是要认真学习文件精神，特别要研究透彻中共中央办公厅、国务院办公厅印发的《关于深化现代职业教育体系建设改革的意见》、新《职业教育法》等文件内容；二是要不断整合资源，既要密切联系企业、高校等外部资源，又要统筹兼顾跨界跨专业校内资源；三是要资金保障到位，全力推进现代职业教育体系建设改革重点任务的相关工作；四是要建立健全考核激励机制，将重点任务的申报和建设情况纳入部门及个人绩效考评体系。




此次重点任务项目申报，是职业教育领域贯彻党的二十大精神的生动实践，也是《关于深化现代职业教育体系建设改革的意见》的行动指南，对学校职教本科建设具有重大意义。接下来，各部门及二级学院将以重点任务为抓手，精心组织，统筹推进，落实落细各项工作责任，推动学校教育教学事业迈上新台阶、开创新局面。







供稿︱教务处（学位办） 孙文惠

编发︱宣传部

",,158,https://www.suet.edu.cn/info/1026/1166.htm
我校召开2023-2024学年第一学期教学督导工作会议, 发布时间: 2023-09-01,"
9
月
1
日上午，学校召开
2023-2024
学年第一学期教学督导工作会议。参加会议的有
督学
李佩禹
、
校级教学督导专家组组长李景龙、教务处处长张文硕、
各学院（部）督导组组长、质量管理处
（评估督导处）
人员。
会议由质量管理处（评估督导处）处长初福民主持。





会上，李景龙从制度建设、督导队伍、整改机制建设、常规教学督导、课堂教学质量评价、督导信息化建设、教学特色亮点等方面，总结了
2022-2023
学年第二学期的教学督导工作，
肯定了教师工作能力提升与推进进度
，同时提出了下一步的整改建议。



初福民就
2023-2024
学年第一学期教学督导工作进行部署，提出新的学期将从教学督导规范化建设、常规教学督导、评教网络化试行、督导队伍建设、教学质量评价等方面着手，开展教学督导工作，要求各督导组，加强认识，认真落实，全面做好各自学院的教学督导工作。随后，各督导组组长就新学期的教学督导工作展开讨论，并提出具体意见建议。




李佩禹总结肯定了一学期以来督导工作取得的成效，同时对本学期教学督导工作，从制度建设、队伍建设、整改机制和新教师培养等方面提出新要求，要求进一步加强督导工作内涵建设，推行督导交流机制，完善整改机制，做好新教师一对一培养工作，保证新学期课堂教学质量得到进一步提升。








图文︱质量管理处（评估督导处） 张晓敏


编发︱刘太山


",,159,https://www.suet.edu.cn/info/1026/1158.htm
看，智能制造学院学子赛场“高光时刻”, 发布时间: 2023-09-05,"
近日，由山东省教育厅主办的第二十届山东省大学生机电产品创新设计大赛在日照职业技术学院落幕。我校智能制造学院学子获得一等奖
1
项、二等奖
1
项、三等奖
5
项的好成绩，其中《高效滚压式圆管状电发热体加工机》作品荣获省级一等奖、胜信智能制造主题荣获省级二等奖。





创新承载梦想，实践成就未来。本次竞赛围绕
“
未来 融合绿色智能
”
主题，吸引了
119
所高校
1726
项作品参加竞赛，参赛作品涉及机械、电子、车辆、化工、纺织、轻工、自动化控制等多个行业。经过竞赛组委会初赛，推选出
71
所高校
359
项作品入围决赛。根据参赛项目的样机或模型展示（视频展示）、展板演示、项目介绍、答辩及报名资料的完整性等方面情况，评审委员会遵循
“
客观、公正、合理
”
的评审原则，最终评选出一等奖作品
152
项，二等奖作品
236
项。






在一等奖项目激烈竞赛中，学子们展示了一款新型的自动化加工机，引起了评审团和观众的广泛关注。这款新型的自动化加工机不仅在功能上实现了突破，更在外观设计上注入了创新理念，将人机工作协同推向了新高度。在二等奖项目竞赛中，参加智能制造赛道的团队展示了深厚的专业知识，包括智能化流水线的构造、三维软件的模拟仿真应用，他们以自主创新为导向，致力于开发更加高效、智能的生产系统。赛场上的“高光”来源于日常持之以恒的艰苦磨炼，在“一刻”与“永久”之间，智能制造学院正在创新人才培养、实现更大赛事的突破上蓄力勃发，向上，向好，向着更高质量发展进发。







图文︱智能制造学院 南庆霞

编发︱刘太山


",,159,https://www.suet.edu.cn/info/1026/1155.htm
“我在现场”大型图文报道① 竞技现场数风流︱从“突破”“第一”中寻求创新密码, 发布时间: 2023-09-22,"
“我在现场”大型图文报道，从广大教职员工日常鲜活的学习、工作现场场景中提纯故事，提振精神，提领能量，主体汇聚“我在现场”参与满满收获感，一幅幅流淌的现场图景积露为波、涓滴成河，汪洋挥洒出学校事业大道之行、壮阔无垠高质量发展新画卷，凝聚奔腾出新赛道职教出彩、人生精彩“新”“心”力量。




今天，秋风习习中，一起领略来自人工智能学院、建筑工程学院师生赛场拼搏竞风流的热情与动能。




人工智能学院：大赛历练中提升竞争力 突破两项国赛项目奖项



激发科技创新热情，引领未来发展之路。
日前，“大唐杯”全国大学生新一代信息通信技术大赛、
全国大学生嵌入式芯片与系统设计竞赛落下帷幕，人工智能学院师生精心备战，协同发力，
与国内其它高校同台竞技，激烈角逐，在年度国赛项目实现新突破，分别荣获国赛二等奖
1
项、
国赛三等奖
1
项。




“大唐杯”全国大学生新一代信息通信技术大赛
由工业和信息化部人才交流中心、中国通信企业协会主办，中信科移动通信技术股份有限公司、大唐移动通信设备有限公司、北京市教委北京高校电子信息类专业群协办。“大唐杯”已被教育部列入“全国普通高校大学生竞赛排行榜”竞赛项目，以培养高素质技术技能人才、协同高校学科建设、推动科技创新发展为目标。大赛依托中信科移动深厚技术底蕴，将专业理论与工程实践相结合，已成为国内信息通信领域最具影响力的创新竞赛项目。


（受访者：人工智能学院院长马玉英）
参赛团队从
2022
年
12
月份就开始报名，
2023
年
4
月份参加山东省选拔赛，
6
月
11
号参加全国赛（线上赛）选拔赛，
7
月
12
号参加全国赛线下决赛，持续时间长，各个时期的训练非常考验参赛队员的积极性、自觉性、坚韧性。学院积极组织训练，经过校级选拔赛推选
10
名学生组成
5
支队伍参加山东省决赛，取得两项省级一等奖、两项省级二等奖。最终，进入一等奖的队伍
7
月
12
号在北京工业大学参加线下赛决赛中，在本年度国赛项目实现了新突破，荣获全国赛二等奖
1
项。






全国大学生嵌入式芯片与系统设计竞赛是全国普通高校大学生竞赛榜单的国家级
A
类赛事之一。大赛紧密结合嵌入式芯片及系统应用产业发展需求，使学生能够全面掌握芯片设计、软硬件适配、系统优化、应用方案设计等不同技术层面相关知识技能，丰富和活跃高校创新创业学术氛围。



在大赛应用赛道东部赛区比赛中，学院三支参赛团队成功获得了全国三等奖。






第一支获奖团队呈现了一项名为“
STM32F4
的低成本四轴飞行器”的作品。该团队由队长单熙龙、队员李恒辉、徐已赫组成。指导老师为马玉英老师、王晓红老师。
“
STM32F4
的低成本四轴飞行器”利用嵌入式芯片技术和人工智能算法，为四轴飞行器项目提供了低成本制作，降低资源的利用，在旅游、军事、医疗、交通等行业带来便利等优异效果。








第二支获奖团队展示了一项名为“智能家居系统”的项目。该团队由队长徐程伟、队员方艺锟、李阳阳组成。指导老师为马玉英老师、吴会青老师。“智能家居系统”利用嵌入式芯片和智能算法，实现了对家居系统的整体控制，通过传感器和智能算法实现了对家庭安全的全面监测和保护。






第三支获奖团队展示了一项名为
“智能终端控制器”
的创新作品。该团队由队长张龙飞、队员邱俊铭、于瑾涛组成。指导老师为时元振老师、张璞老师。
“智能终端控制器”利用最新的嵌入式芯片技术，
该系统可以检测入侵、火灾、煤气泄漏等紧急情况，并及时向用户发送警报通知，以提供及时的安全保护。





（受访者：人工智能学院院长马玉英）
在历练中提升素养，在磨砺中绽放精彩，人工智能学院厚植教育理念，以赛促学、以赛促教、以赛促练，切磋技艺、砥砺自我、助力成长，更好服务信息通信产业发展大局，为创新高校人才培养积聚力量，充分展现了广大师生扎实稳固的理论知识和操作水平，彰显了学院奋发进取的精神风貌
，
在人才培养和科技创新方面取得了丰硕成果。



建筑工程学院：科研项目荣获
“
2023
年度山东土木建筑科学技术奖
”
一等奖

9
月
19
日，山东土木建筑协会公布了“
2023
年度山东土木建筑科学技术奖授奖人选和项目获奖名单”，我校联合山东华邦建设集团有限公司、山东建筑大学共同申报的“大型医疗建筑数字化建造关键技术研究与应用项目”荣获“
2023
年度山东土木建筑科学技术奖（科学进步奖）”一等奖。






山东土木建筑科学技术奖是山东省住房和城乡建设厅主管、山东土木建筑学会组织评选的山东省建筑行业科技类最高奖项。据悉，
2023
年度山东土木建筑科学技术奖（科技进步奖）共授予
125
个项目获奖，其中一等奖
24
项、二等奖
60
项、三等奖
41
项。



（受访者：建筑工程学院院长韩蕾）
此次获奖是对我们科研综合实力、创新水平的充分肯定，持续推进以科技成果产出为导向的组织科研培育模式，深入优化申报全过程跟踪服务，聚力提升标志性成果科技奖的申报质量，不断推动高水平科研自立自强新发展、新突破，是我们不变的使命追求。





一件作品的问世，折射科技创新的神奇和力量。创新是引领发展的第一动力
，
创新的魅力，正让一批批高端产学研创新成果在学校遍地开花。发掘创新意识，破译创新密码，激发澎湃动力，打造产学研一体新高地，点燃高质量发展新引擎，让人才智力势能不断转化为创新发展动能，“我在现场”让我们看到，愈来愈多的“突破”性、“第一”流科创丰硕成果正向我们走来。






本期嘉宾︱马玉英
韩

蕾
潘丽娜 肖圣颖



编

发
︱刘太山


",,160,https://www.suet.edu.cn/info/1026/1144.htm
我校召开部门信息化推进会议, 发布时间: 2023-10-15,"
10
月
13
日下午，学校在第一会议室召开部门信息化建设推进会，党委副书记、副校长李梅松，副校长苗祥坤，教务处、人事处、学生工作处、宣传部、科技处、资产与实验实训设备管理处、网络与信息化管理中心、后勤基建处、安全保卫处等相关处室负责人参加会议。





李梅松强调，数字校园是现代大学的重要特征和标志，数字化转型是我校新时代的历史使命，各部门各单位要提高站位，结合工作实际，充分利用信息化、数字化手段，助推各项工作有效提升。





苗祥坤要求，网络与信息化管理中心要从
“
硬、软、管、评
”
四个方面提供专业的硬件平台建设、软件平台搭建、数据管理与服务和信息化建设绩效评价。各职能部门要根据本部门工作需要，建设适应本部门的信息管理系统并深入应用，通过信息系统建设，收集相应数据、提供数据到学校数据中心，实现数据治理、数据共享、数据消费、数据质量提升，形成数据闭环，为学校管理决策和事业发展提供数据支撑。


网络与信息化管理中心主任丁福强结合我校现状，梳理目前学校信息化建设过程中存在的薄弱项和短缺项，并依据学校现有条件，规划下阶段工作，压实部门职责。






各部门针对自身业务分工与相应信息系统在使用过程中遇到的问题及下一步工作思路作讨论性发言。苗祥坤针对各部门发言，从学校层面和部门层面对学校信息化建设提出了不同要求，并与大家共同商议下阶段信息化建设方案。


本次会议进一步明确了我校信息化建设目标、内容和保障措施等重点内容，为持续推进我校信息化建设高质量发展凝心聚力。






供稿︱网络与信息化管理中心 郑 策

编发
︱刘太山


",,162,https://www.suet.edu.cn/info/1026/1128.htm
2金2铜！学校代表队征战赛场创历史最好成绩, 发布时间: 2023-10-17,"
10
月
8
日至
14
日，山东省大学生田径锦标赛在青岛举行。经过
5
天的激烈角逐，我校运动员不畏强手，顽强拼搏，奋勇争先，获得两枚金牌、两枚铜牌，山东省乙组男子团体总分第九名，这是我校历史上参加山东省大学生体育赛事取得的最好成绩，实现了历史性突破，充分展现了山东工程学子昂扬奋进、敢拼必赢的青春风采和竞技风貌。











山东省大学生田径锦标赛由山东省教育厅、山东省学校体育协会主办，山东奥之帆体育文化发展有限公司、中建青岛体育文化发展有限公司承办，共有全省
61
所院校
800
余名运动员参与比赛。甲组为本科院校普通学生，乙组为高职高专院校普通学生，丙组为高水平运动员和体育专业学生。










此次比赛中，体育教研室许治教练员带领智能制造学院张志诚、商学院陈洪睿、现代艺术学院张震、数字财金学院王汝杰四名高水平学生运动员参加了男子
10000
米长跑，男子
10000
米、男子
5000
米竞走，男子标枪，女子
100
米、女子
200
米跑步，竞走、标枪项目成绩均刷新历史纪录。商学院陈洪睿获得男子乙组
5000
米竞走第一名、男子乙组
10000
米竞走第一名！运动员们赛场中挥洒汗水，突破自我，充分展示了我校深化体教融合，增强学生体质、锤炼人格意志，培养德智体美劳全面发展的新时代高素质人才的良好氛围。










供稿︱基础教学部

孙娜娜

李周阳


编发︱刘太山


",,162,https://www.suet.edu.cn/info/1026/1124.htm
我校当选全国工业智联产教融合共同体副理事长单位, 发布时间: 2023-10-19,"
10
月
17
日，我校受邀参加全国工业智联产教融合共同体成立大会，并当选为副理事长单位。按照学院委派，智能制造学院综合科长张凯参加成立大会。本次大会由高校毕业生就业协会教育与产业合作分会指导，约翰内斯
.
海德汉博士（中国）有限公司、上海交通大学、浙江广厦建设职业技术大学共同主办，大技狮（北京）科技有限公司协办。浙江省教育厅、高校毕业生就业协会、东阳市人民政府有关领导，以及来自全国各地
70
余家工业智联行业本科高校、职业院校、科研院所、龙头企业、行业协会近
100
位专家教授企业代表参会。






大会审议表决通过了《全国工业智联产教融合共同体章程》，选举产生了第一届共同体理事长单位、副理事长单位、秘书处单位和理事长、联席理事长、教育秘书长和企业秘书长。召开了共同体理事单位座谈会，各理事单位成员分别就产教融合共同体如何促进人才培养、技术创新和产业发展，校企共享资源、融合发展、人才联动等方面的合作建言献策。








与会专家约翰内斯
.
海德汉博士（中国）有限公司智能制造部经理胡劲松、瑞士乔治费歇尔集团
GF
加工方案公司中国教育行业负责人史文、美云智数科技有限公司总经理高飒分别作题为“智联制造新科技”“瑞士乔治费歇尔在智能制造领域的人才培养方案”“美擎工业互联网平台赋能企业数字化与产教融合”专题报告。报告中提出，智联制造是新一代信息技术与制造业深度融合的产物，是我国制造业转型升级的重要推动力，应有效提升智能制造领域人才培养国际化水平，推动智能制造应用型和技术技能型人才培养模式创新，践行中国工业互联网建设国家战略，以企业数字化、数字工厂、智慧供应链、产业集群、数字园区等套系解决方案赋能产业新发展，为服务高校毕业生更加充分更高质量就业贡献力量。





全国工业智联产教融合共同体，是政校企联合牵头成立的行业产教融合共同体，是在教育部毕业生就业协会大力支持、协会教育与产业合作分会指导下，联合全国各地各类高校及相关企业组建而成的，必将对我国现代职业教育体系创新产生重要推动作用。作为
副理事长单位，我校将积极参与共同体相关活动，发挥职教本科经验探索示范带动作用，推动产教深度融合，校企协同创新，助力学校高质量内涵发展。










供稿︱智能制造学院 张 凯

编发︱刘太山


",,163,https://www.suet.edu.cn/info/1026/1121.htm
我校学生在2023“外研社•国才杯”全国大学生外语能力大赛中获佳绩, 发布时间: 2023-11-10,"
近日，
2023
年“外研社·国才杯”“理解当代中国”全国大学生外语能力大赛（山东省赛）获奖名单公布，我校参赛队伍荣获本科组三等奖
2
项，高职组三等奖
2
项，展现出过硬的语言综合运用能力和思维能力。获奖名单是：




数字财金学院王莹获得山东赛区三等奖（本科演讲），指导教师张桂华；人工智能学院丁宸获得山东赛区三等奖（本科阅读），指导教师张桂华；交通学院王叙文获得山东赛区三等奖（高职演讲），指导教师孔聪；智能制造学院张庭瑞获得山东赛区三等奖（高职写作），指导教师张若夏。














“外研社·国才杯”全国大学生外语大赛创办于
2002
年，是由教育部高等学校大学外语教学指导委员会、山东省教育厅高等教育处联合举办的大型公益赛事，也是高等院校外语界最具影响力的品牌赛事之一，包括英语演讲、阅读、写作等赛项。此项赛事旨在推动“进教材、进课堂、进头脑”三进工作、创新课程思政、深化教育改革、培育外语人才，讲好中国故事、服务国际传播。
2023
年山东赛区共有
168
所学校
1036
名学生代表参赛。






多年来，基础教学部外语教研室坚持以赛促学、赛教相融，致力于培养更多有家国情怀、全球视野、专业本领的国际化高层次复合型外语人才。此次“理解当代中国”系列赛事展现了我校学子肩负时代责任追求卓越，永攀知识高峰的精神面貌，反映出在高等外语教育改革创新与落实思政育人方面的优良成绩。








供稿︱基础教学部外语教研室

孔

聪

编发︱刘太山


",,165,https://www.suet.edu.cn/info/1026/1098.htm
我校当选全国信息技术和AI应用行业产教融合共同体理事单位, 发布时间: 2023-11-14,"
近日，我校受邀参加全国信息技术和
AI
应用行业产教融合共同体成立大会并当选为理事单位，人工智能学院院长牛翔参加成立大会。







本次大会是在中共中央宣传部城乡统筹发展研究中心数字经济产业研究所、工业和信息化部教育与考试中心等部门指导下，福建星网锐捷通讯股份有限公司、厦门大学、福建信息职业技术学院主办。大会审议表决通过了《全国信息技术和
AI
应用行业产教融合共同体章程》，选举产生了第一届共同体常务副理事长单位、副理事长单位、理事单位、秘书长、执行秘书长和副秘书长。








大会以“数字融合、智创未来”为主题，按照“平等互利、资源共享、合作共赢、共谋发展”原则，共话职普融通、产教融合、科教融汇，共建我国信息技术和
AI
应用创新领域的高素质技术技能人才新生态。来自全国信息技术和
AI
应用行业组织、学校、科研机构、上下游企业等
150
家会员单位
200
多人参加会议。





我校持续推进行业内各职业院校、企业、科研院所、协会间多元合作，以行业为依托，以市场为导向，以项目为纽带，发挥共同体各方优势，延伸教育链、服务产业链、支撑供应链、打造人才链、提升价值链，深入探索产教融合新路径。同时，促进信息技术和
AI
应用行业相关标准制定、资源建设、特色培训、国际交流等工作，通过建立科学规范的服务体系和运行机制，打造全国信息技术和
AI
应用行业产教融合共同体品牌。我校将以校企合作共建品牌课程为抓手，推进资源共建共享，深化产教融合，探索校企双元育人，充分发挥职业教育服务区域经济和产业发展功能，推动职业教育打通产教融合、人力资源、科技创新、技术服务等方面信息壁垒，为全国信息技术和
AI
应用行业发展贡献力量。








供稿︱人工智能学院 岳

墁 王召廷


编发︱刘太山


",,165,https://www.suet.edu.cn/info/1026/1094.htm
健身气功比赛 看这家学校身手不凡, 发布时间: 2023-11-21,"

11
月
11
日至
12
日，
2023
年山东省学校健身气功比赛于在章丘体育馆举行。山东工程职业技术大学选手张艺琳、马玉双、许赢兮、王京茹、孟帅宇、莫谦同学，在基础教学部领队司文召、
教练员管延茂率领下，
勇往直前，在强手如林的赛场上倾心演绎体育热血精神。经过激烈角逐，荣获集体项目健身气功·五禽戏二等奖、集体项目健身气功·八段锦三等奖。








此次比赛由山东省体育局、山东省教育厅指导，山东省学校体育协会、山东省健身气功管理中心主办，共有来自省属
36
所高校
200
多名运动员参赛。








战绩的背后，都有着参赛师生不屈不挠、顽强拼搏的精神支撑，激励着广大师生不断追求自我突破、超越自我。比赛也促进了校际间“健身气功”方面友好交流，体现了蕴藏深厚的文化软实力，为弘扬学校传统体育、激发普及热情、坚定文化自信奠定了坚实基础。












图文︱基础教学部

司文召


编发︱刘太山



",,166,https://www.suet.edu.cn/info/1026/1087.htm
未来设计 设计未来 我校这项设计大赛收获颇丰, 发布时间: 2023-11-22,"



截至今年
10
月份，由工业和信息化部人才交流中心主办的“未来设计师•全国高校数字艺术设计大赛（教师组）”已成功举办十届。在今年赛事中，我校被评为优秀组织单位，荣获优秀组织奖，建筑工程学院翁建英及其团队荣获课程赛道三等奖，现代艺术学院徐乐及其团队荣获课程赛道三等奖。




此项大赛一年一届，已成为高校艺术设计类专业教师交流的重要平台，具有广泛影响力。为更好推动艺术设计学科教学创新，培养一流设计师资，
2022
年组委会将原教师组竞赛升级为“未来设计师•全国艺术设计教师教学创新大赛”，成为国内首个聚焦艺术设计学科教学创新的竞赛，并连续入选中国高等教育学会发布的《全国普通高校教师教学竞赛项目》。大赛采取校级赛、省级赛、全国赛三级赛制，致力打造艺术设计学科权威、公正、领先的教师赛事，“学习强国”学习平台、《半月谈》等媒体曾对优秀作品进行展示。



大赛旨在推动艺术设计教学创新•培育艺术设计一流师资，提高教师教学创新能力，优化教师团队协作能力，更好地服务于教学，创新课堂教育教学新模式。本届大赛设立
29
个赛区，共有来自
465
所高校的
1773
支参赛队伍
7252
名教师参赛。大赛筹备中，学校教务处、各相关院部通过个人自荐、组织审核推荐等过程，层层选拔出优秀选手。各学院群策群力，教研室领导及资深教授严格把关，教务处组织召开提高教师教学能力培训会，学院积极了解参赛选手备赛情况，给予精神上、心理上的鼓励和关怀，克服重重困难，建筑工程学院翁建英、现代艺术学院徐乐两位老师，带领其团队在此次大赛中取得优异成绩。其中，翁建英老师所带团队带队以《装配式新技术应用》为课程载体，教学对象为高职建筑工程技术专业二年级学生，基本学情如下：学生已掌握相关建筑工程基本概念、工程识图的知识及软件绘图等能力。课前任务已自学完成，通过网络教学平台课前作业的情况来看，装配式建筑标准化设计过程理解不够透彻，需要进一步讲解，装配式建筑概念已经理解清晰。接触装配式建筑构件较少，装配式实验室内模拟施工操作技能较差。结合行业发展前沿，融入课程思政元素：火神山医院基础采用现浇式施工，病房采用箱式板房装配式施工。通过视频展示，加深了现浇式建筑、装配式建筑的概念，让人们感受到了平凡岗位上劳动者的奋斗、奉献精神与中国速度，
激发起了当代大学生对技能知识的不懈探求和报效国家的美好情怀。












供稿
︱
建筑工程学院

翁建英

现代艺术学院

李艳霞

教务处

吴丽萍


编发
︱刘太山


",,166,https://www.suet.edu.cn/info/1026/1085.htm
我校参加IT职业教育产教融合论坛暨第十三届全国职业院校计算机系主任年会, 发布时间: 2023-12-05,"
12
月
1
日至
2
日，由全国工业和信息化职业教育教学指导委员会计算机职业教育教学指导分委会、全国高等院校计算机基础教育研究会联合主办的
IT
职业教育产教融合论坛暨第十三届全国职业院校计算机系主任年会在深圳举办。人工智能学院院长牛翔、教学副院长许艳春、教师代表王召廷参加会议。





大会聚焦“融合 赋能 创新——提高
IT
职业教育关键办学能力”主题，围绕
11
项现代职业教育体系建设改革重点任务，从现代职业教育体系建设、人才培养模式改革、专业群建设、“三教”改革、教学成果奖培育等方面进行分享和交流。


此次大会聚焦
IT
职业教育产教融合赋能院校关键办学能力，安排了
4
个分论坛，分别聚焦高水平专业群建设，核心课程、优质教材与教师团队建设，中国特色高水平学徒制与现场工程师培养，中职“双优”学校和专业建设等议题，来自全国相关职业院校、行业协会、企业的近
21
名专家分享了高水平报告。


人工智能学院将继续以学生价值创造为中心，充分发挥自身技术优势，为
职业院校“三教”改革持续发力，做好职业教育教学改革，携手合作院校，用更高的教育质量、更好的教育服务，培养出更多高素质技术技能型人才。







供稿︱人工智能学院 杨 源


编发︱刘太山


",,168,https://www.suet.edu.cn/info/1026/1064.htm
我校参加光电技术领域职业教育专业建设标准课程国际化主题研讨与培训竞技活动, 发布时间: 2023-12-14,"
为进一步推进产教融合，建立国际专业标准，紧跟国家共建“一带一路”倡议，输出中国标准，为中国企业投资海外实现人才本地化布局，在国际光电产业上建立中国优势：广东唯康教育科技股份有限公司承接第
47
届世界技能大赛五个赛项并与上海电子信息职业技术学院共同举办光电技术国际标准专业共建共享和课程资源项目研讨与培训竞技活动。电子信息工程学院院长马玉英应邀参加研讨。






本次研讨会的主题是“关于举办光电技术领域职业教育专业建设标准课程走向世界研讨会与培训竞技活动的通知”。有来自全球
11
个国家的参与，包括中国、奥地利、韩国、巴西、南非、墨西哥、日本、罗马尼亚、牙买加、菲律宾、巴巴多斯等国家。





以国际视野共探国际标准专业建设。研讨会的主要亮点有：数字教育国际案例分享、数字徽章的国际应用报告、光电技术的教学实践案例分享；世赛标准的课程转化及案例分享；光电技术项目技能师资国际化研修培训；光电技术领域职业教育专业建设标准课程国际化共建共享闭门会议。





我校作为光电技术国际标准专业共建共享联盟成员，与世界技能组织董事会成员一起，共同见证了光电技术国际标准专业共建共享联盟成立仪式。此次研讨会，是我院积极探索搭建学术交流平台，引领协同创新的又一举措。同时，标志着光电技术专业建设又将迎来一个新的发展阶段。电子信息工程学院将以此次研讨会为契机，充分利用现有资源，整合产学研资源，构建更高层次、更高水平的产教融合平台，培养高素质技术技能型人才。







供稿︱电子信息工程学院 韩启凤

编发︱刘太山


",,170,https://www.suet.edu.cn/info/1026/1048.htm
我校承办2023年山东省“技能兴鲁”职业技能大赛再添风采, 发布时间: 2023-12-18,"
<!--  /* Font Definitions */  @font-face {font-family:宋体; panose-1:2 1 6 0 3 1 1 1 1 1;} @font-face {font-family:""Cambria Math""; panose-1:2 4 5 3 5 4 6 3 2 4;} @font-face {font-family:Calibri; panose-1:2 15 5 2 2 2 4 3 2 4;} @font-face {font-family:仿宋_GB2312;} @font-face {font-family:仿宋; panose-1:2 1 6 9 6 1 1 1 1 1;} @font-face {font-family:""\@宋体""; panose-1:2 1 6 0 3 1 1 1 1 1;} @font-face {font-family:""\@仿宋""; panose-1:2 1 6 9 6 1 1 1 1 1;} @font-face {font-family:""\@仿宋_GB2312"";}  /* Style Definitions */  p.MsoNormal, li.MsoNormal, div.MsoNormal {margin:0cm; margin-bottom:.0001pt; text-align:justify; text-justify:inter-ideograph; text-indent:48.0pt; font-size:14.0pt; font-family:""Calibri"",""sans-serif"";} h1 {mso-style-link:""标题 1 Char""; margin-top:17.0pt; margin-right:0cm; margin-bottom:16.5pt; margin-left:0cm; text-align:justify; text-justify:inter-ideograph; text-indent:48.0pt; line-height:240%; page-break-after:avoid; font-size:14.0pt; font-family:""Calibri"",""sans-serif"";} h2 {mso-style-link:""标题 2 Char""; margin:0cm; margin-bottom:.0001pt; text-indent:44.15pt; line-height:150%; page-break-after:avoid; font-size:15.0pt; font-family:""Arial"",""sans-serif"";} h3 {mso-style-link:""标题 3 Char""; margin-top:13.0pt; margin-right:0cm; margin-bottom:13.0pt; margin-left:0cm; text-align:justify; text-justify:inter-ideograph; text-indent:48.0pt; line-height:173%; page-break-after:avoid; font-size:14.0pt; font-family:""Times New Roman"",""serif"";} p.MsoToc1, li.MsoToc1, div.MsoToc1 {margin:0cm; margin-bottom:.0001pt; text-align:justify; text-justify:inter-ideograph; font-size:14.0pt; font-family:""Calibri"",""sans-serif"";} p.MsoNormalIndent, li.MsoNormalIndent, div.MsoNormalIndent {margin:0cm; margin-bottom:.0001pt; text-align:justify; text-justify:inter-ideograph; text-indent:21.0pt; font-size:14.0pt; font-family:""Calibri"",""sans-serif"";} p.MsoHeader, li.MsoHeader, div.MsoHeader {mso-style-link:""页眉 Char""; margin:0cm; margin-bottom:.0001pt; text-align:center; text-indent:48.0pt; vsb_temp-mode:char; border:none; padding:0cm; font-size:9.0pt; font-family:""Calibri"",""sans-serif"";} p.MsoFooter, li.MsoFooter, div.MsoFooter {mso-style-link:""页脚 Char""; margin:0cm; margin-bottom:.0001pt; text-indent:48.0pt; vsb_temp-mode:char; font-size:9.0pt; font-family:""Calibri"",""sans-serif"";} p.MsoToaHeading, li.MsoToaHeading, div.MsoToaHeading {margin-top:6.0pt; margin-right:0cm; margin-bottom:0cm; margin-left:0cm; margin-bottom:.0001pt; text-align:justify; text-justify:inter-ideograph; text-indent:48.0pt; font-size:12.0pt; font-family:""Arial"",""sans-serif"";} p.MsoAcetate, li.MsoAcetate, div.MsoAcetate {mso-style-link:""批注框文本 Char""; margin:0cm; margin-bottom:.0001pt; text-align:justify; text-justify:inter-ideograph; text-indent:48.0pt; font-size:9.0pt; font-family:""Calibri"",""sans-serif"";} span.3Char {mso-style-name:""标题 3 Char""; mso-style-link:""标题 3""; font-family:""Times New Roman"",""serif""; font-weight:bold;} span.1Char {mso-style-name:""标题 1 Char""; mso-style-link:""标题 1""; font-family:宋体; font-weight:bold;} span.2Char {mso-style-name:""标题 2 Char""; mso-style-link:""标题 2""; font-family:""Arial"",""sans-serif""; font-weight:bold;} span.Char {mso-style-name:""批注框文本 Char""; mso-style-link:批注框文本; font-family:""Calibri"",""sans-serif"";} span.Char0 {mso-style-name:""页眉 Char""; mso-style-link:页眉; font-family:""Calibri"",""sans-serif"";} span.Char1 {mso-style-name:""页脚 Char""; mso-style-link:页脚; font-family:""Calibri"",""sans-serif"";} .MsoChpDefault {font-size:10.0pt;}  /* Page Definitions */  @page Section1 {size:595.3pt 841.9pt; margin:72.0pt 90.0pt 72.0pt 90.0pt; vsb_temp:15.6pt;} div.Section1 {page:Section1;} -->


我校承办
2023
年山东省“技能兴鲁”职业技能大赛再添风采







近日，
2023
年山东省“技能兴鲁”职业技能大赛——“运华
-
翰霖杯”新能源汽车营销技能竞赛落下帷幕。此次比赛分为职工（教师）组和学生组，吸引了全省
29
所院校、
117
名选手参赛展示了他们的新能源汽车营销技能和才华。



大赛由山东省人力资源和社会保障厅指导，山东省技能人才开发协会主办，山东工程职业技术大学承办，山东翰霖信息技术有限公司协办，北京运华科技发展有限公司提供技术支持。经裁判员们客观、公正评选，我校教师冯增雷、山东四方技师学院孙婷婷等
18
名选手分获职工（教师）组一、二、三等奖
;
烟台汽车工程职业学院亓金刚、山东水利技师学院李展颜等
31
名选手分获高职（含职业本科）学生组一、二、三等奖
;
山东四方技师学院席长超等
13
名选手分获中职学生组一、二、三等奖。





裁判长、仲裁长、裁判员合影



比赛现场

职工（教师）组：
参
赛选手为
全省汽车生产销售、维修、售后服务的从业人员，各级各类院校相关专业的教师
，竞赛内容
分为
汽车营销活动策划和汽车电商运营与管理作业两个子赛项。



职工（教师）组抽取加密号





职工（教师）组汽车营销活动策划方案陈述比赛现场




职工（教师）组汽车电商运营与管理作业比赛现场



学生组：
参赛选手为山东省职业本科、高职、中职等各级各类职业院校（含技工院校）全日制正式在籍的学生。
中职组竞赛包含客户关系管理与网络营销（
H5
）和汽车电商运营与管理作业两个子赛项；高职组（含职业本科）竞赛包含客户关系管理与网络营销（直播）和汽车营销活动策划两个子赛项。





学生组抽取加密号





高职组汽车营销活动策划方案陈述比赛现场




中职组客户关系管理与网络营销（
H5
）比赛现场









高职组客户关系管理与网络营销（直播）比赛现场


获奖名单





职工（教师）组





高职（含职业本科）学生组



中职学生组



此次大赛适应山东省对新能源汽车产业的高度重视和对人才培养的迫切需求，不仅为参赛选手提供了展示自我、提高技能的平台
,
也为新能源汽车行业的发展提供了有力的人才支撑，对于推动新能源汽车营销技能人才培养
,
提高职业技能水平具有重要意义。








供稿︱交通学院 王 霞

编发︱刘太山

",,170,https://www.suet.edu.cn/info/1026/1044.htm
苗祥坤副校长带队赴济南大学交流学习, 发布时间: 2024-01-12,"
为进一步推动我校有组织科研及成果转化工作，密切校际合作，提升科研工作水平，
1
月
9
日,校党委委员、副校长苗祥坤，科技处处长申之炫，以及科技处其他同志赴济南大学交流学习。济南大学党委常委、副校长黄加栋、合作发展处处长刘振、科技处副处长王传平、合作发展处副处长陈广立等参加座谈交流。





黄加栋对苗祥坤一行表示热烈欢迎。他简要介绍了济南大学基本情况以及近年来在学科建设、科学研究、队伍建设、平台建设、成果转化等方面取得的成绩。苗祥坤对济南大学热情接待表示衷心感谢，他介绍了学校近几年的建设发展情况，希望通过此次交流深入学习济南大学在科研管理、成果转化等工作中的先进经验和做法，加强两校在科研工作上的密切合作，合力推动有组织科研、科教融汇和成果转化，共同促进两校科研工作提质量、上水平。

与会人员就各自高校科研工作情况及科研管理等方面的重点工作任务、痛点难点问题、共性个性问题展开充分交流，并在高水平科研团队建设、成果转化等方面达成合作意向。








此次交流学习，不仅学习了济南大学先进的科研管理经验和科研服务理念，开拓了科研工作思路，同时也增强了我校与高水平院校之间的交流合作，对提高科研管理水平、提升科研能力有着十分重要的推动意义。






供稿︱科技处 李周阳

编发︱刘太山


",,172,https://www.suet.edu.cn/info/1026/1024.htm
表扬！我校选派优秀教师志愿服务这场盛会, 发布时间: 2023-08-01,"
7月25日至7月26日，山东省青年企业家协会第十次会员大会暨青年企业家助力高质量发展主题论坛在济南举行，大会层次高、规模大，筹备工作时间紧、任务重。为圆满完成大会各项工作任务，我校李双洋、翟雪宇、张梦玥、卢然、付亚芹五位同志被省团委抽调至此次活动工作小组，于7 月4 日起配合省团委工作至大会结束。近日，主办方特向学校发来感谢信，对以上5位同志表示感谢、予以表扬！

大会开始前，副校长苗祥坤对5位同志“面对面”谈心谈话，强调抽调工作期间要端正工作态度，切实提高协调沟通、心理调适能力，推动政治素质和业务能力同步提高，积累大会筹办经验、拓宽工作思路、补足短板，提升水平。

论坛筹备期间，我校5 位同志认真负责、快速熟悉工作内容。他们坚持高标准、严要求，勤勤恳恳，任劳任怨，认真做好了嘉宾接待、会务服务等工作，展现出高度的政治责任感、严谨细致的工作作风和饱满昂扬的工作热情。

下一步，我校将持续加强师资队伍建设，关心和支持山东共青团工作，共同开创我省青年工作新局面!









",,156,https://www.suet.edu.cn/info/1026/1186.htm
学校召开2023年第一次教学工作委员会会议, 发布时间: 2023-07-15,"
7月14日，我校在卓越楼第一会议室召开2023年第一次教学工作委员会会议，党委书记孔祥云、名誉校长胡小林、总督学匡奕珍、督学李佩禹、督学张玉惕、副校长苗祥坤等出席会议，会议由匡奕珍主持。

会议听取了教学工作委员会办公室主任、教务处处长张文硕关于教学工作委员会成员调整、2023级各类人才培养方案修订、学生竞赛管理办法、教学工作量管理办法、教育教学工作奖励资助办法和本学年奖励资助项目等情况的汇报，与会委员对相关议题进行了逐一审议。

会议审议通过了新调整的学校教学工作委员会成员名单，讨论研究了2023级本科、专升本、专科人才培养方案的修订情况，对修订依据、修订过程、修订变动等方面予以肯定，对教学进程安排等方面提出了修订意见。

会议审议通过了《学生竞赛管理办法》和《教学工作量管理办法》。新修订的学生竞赛管理办法增加了国际级竞赛，竞赛级别由原来的三个级别增加到四个级别，目的是调整优化指导教师工作量补助标准和学生竞赛奖励标准。工作量的计算将在实验实习实训类任务的类别系数、指导教师人数和岗位实习的要求等方面有所调整，旨在进一步提高我校工作量管理的科学化和规范化水平。

会议审议通过了《教育教学工作奖励资助办法》（以下简称办法）和2022—2023学年教育教学工作奖励及资助项目。修订后的办法更加明确了奖励项目和资助项目的内容和标准，特别是对国家、省部、厅局等不同级别的项目，在资金配套与劳务支出等方面都设有不同的经费资助标准。本学年教学工作奖励资助项目涵盖了教学成果奖、教师技能竞赛教师荣誉、教师团队建设、精品课程、教材建设、教研教改项目和其他建设项目等7个类别62项成果。重点对4项教学成果奖、5项教师创新团队和1项黄大年式教师团队、23项教研教改项目、3项在线精品课程、3项社区教育优秀课程资源、2项A类教师教学技能竞赛、2项省级荣誉称号、2项“十四五”国家规划教材、8项其他建设项目等进行奖励或经费资助。奖励费用合计40余万元，资助经费合计50余万元。学校将在今年教师节期间对获奖的团队和教师进行表彰奖励。

匡奕珍强调，教学工作是提高整个教育质量的重点和关键，要充分认识到该项工作的重要性。对于学生竞赛要突出奖励大赛、兼顾教育公平、调动师生参赛积极性为宗旨，教学工作量计算办法要以按劳分配、注重质量为原则，教育教学工作奖励资助办法要重点奖励全省甚至全国有影响的教学成果和技能竞赛获奖教师，激励教师不断追求爱岗敬业、教书育人、精益求精的精神。

会议指出，教学工作是学校一切工作的核心，各委员要认真研究学校的教学工作，充分履行工作职责，提升教学工作委员会的工作实效；要对学校的教学和人才培养工作多调研、多研究、多思考，从实际出发，多提出一些建设性意见，不断提高学校教学水平和人才培养质量。






作者：教务处（学位办） 孙文惠    编辑：宣传部

",,155,https://www.suet.edu.cn/info/1026/1202.htm
“弘传统文化 建书香校园” | 第二届校园读书节圆满闭幕, 发布时间: 2023-07-07,"
在春暖花开的四月，我们启动了第二届校园读书节活动；在繁花似锦的五月，我们的读书节系列活动如火如荼开展；在麦浪金黄、桃李芬芳的六月，我们的读书节活动收获累累硕果！

从暮春到盛夏，校园里不仅花香四溢，更是书香满园。读书节期间，我校以“弘传统文化，建书香校园”为主题，开展了一系列丰富多彩的读书活动，从启动仪式的精心准备到每一项活动的组织开展，校园内阅读理念已深入人心，阅读的乐趣就像一粒种子，播撒在校园的沃土中。

本届校园读书节活动包括“读书成习惯、书香满校园”摄影比赛、“品悦书香，共读好书”读书沙龙分享会、“春日共读，书香为伴”图书漂流、“阅读丈量世界，成长更有力量”读书打卡、专题讲座《中国楹联与传统文化》《读书与修身》、“追寻火红岁月、奏响青春华章”创意朗诵大赛等，学校师生积极参与，全方位助力阅读推广。

诵读红色经典，传承红色文化，弘扬时代精神。为激发当代大学生爱国热忱，引导广大青年把爱国之志化为报国之行，增强文化自信，活跃校园文化氛围，6月15日下午，由图书馆、数字财金学院主办的“追寻火红岁月 奏响青春华章”创意朗诵大赛在诚基楼学术报告厅举行。经过紧张激烈的初赛，共有来自各学院、学生社团的15支队伍脱颖而出进入决赛。同学们用饱含深情的朗诵叙说家国情怀，赓续红色血脉，抒发报国之志。

此次读书节通过系列阅读推广活动，得到了广大师生的踊跃参与和学院相关部门的大力支持，让山东工程学子品味悦读馨香，愿阅读伴青春展翅，知识助梦想飞扬！

读书节虽已闭幕，但阅读之路永无止境。读书节是一把火炬，它点燃了我们阅读的火种，点燃了对读书的渴望，对书籍的向往。愿每一位老师、同学在今后的每一天里继续以书为友，沐浴书香，不负时光。













作者：图书馆  崔文娟   编辑：宣传部


",,154,https://www.suet.edu.cn/info/1026/1209.htm
优秀从哪里来，人工智能学院强化练兵，以实干作答！, 发布时间: 2023-06-21,"

近期，随着主题教育工作的深入开展，人工智能学院突出党建引领，以“党建
+
”为核心，积极打造“阵地建设为基、队伍建设为本、学训结合为重”宣传引擎，着力加强宣传师生综合素养，为推动学院各项工作上台阶、出成效营造良好氛围。







奔赴现场是我们的“最美姿态”。
6
月
21
日，学院举行宣传业务培训会，党总支书记薄金龙就“做好新时代媒体宣传工作”作部署，强调全体宣传老师要牢记使命，牢记新闻宣传工作职责，勤学习、多锻炼，吸收新知识提升自身素质，提高业务能力，努力用全媒体理念做好新闻宣传工作。








来自宣传部门老师与学院宣传师生一同交流探讨全媒体时代如何找准校园新闻“最佳视角”，保持“最美姿态”，荟聚“最优效能”。刘太山老师从“自带头条属性的标题”、“新闻导语如何用事实说话”讲起，把采编人员需具备提升的政治“眼力”、作风“脚力”、思维“脑力”、文风“笔力”基本功加以传述分享。在“做一名优秀编辑”条目环节，讲述“有情怀”“讲政治”“懂理论”“具匠心”等基本素养养成，能够把“正确”“准确”“精确”统一起来的才称得上一名优秀编辑。倡导在研究中工作，在思考中前行，以思考弥补经验、学养上的不足，凝视时代，凝练智慧，凝聚效力，不断创新报道内容和形式，以一颗匠心，扬职教声音，做强做优校园新闻宣传工作。










一直以来，人工智能学院坚持党建引领，提升队伍攻关创新素养，夯实技能练兵功底，把学习培训融为日常，培训成果运用到实际工作中，以实干作答，凭实绩交卷，潜心立德树人，为学院事业高质量发展提供源源不断的文化滋养和精神力量。学院党总支书记薄金龙作总结，“此次业务培训练兵，旨在提高宣传队伍素质，提升整体战斗力，强化宣传老师工作责任感和使命感。下一步学院将持续以党建统领，从师生视角强化岗位练兵，夯实基础，完善良好的宣传运行机制，充分发挥宣传育人功能，谱写学院工作提质增效新篇章。”








供稿︱薄金龙


编发︱宣传部


",,153,https://www.suet.edu.cn/info/1026/1221.htm
智能制造学院：这件参赛作品，入围国家总决赛, 发布时间: 2023-06-12,"

近日，由全国三维数字化创新设计大赛组委会、中国图学学会、国家制造业信息化培训中心、光华设计发展基金会等单位共同主办的全国
3D
大赛
15
周年精英联赛（山东赛区）落下帷幕，智能制造学院组织师生代表队参赛，最终荣获省级特等奖
1
项、一等奖
1
项，特等奖作品直接入围国家总决赛。















由指导教师韩龙、殷淑霞，团队成员张忠信、赵琳、崔芸菲、刘丰硕提交的作品《履带式沙滩垃圾清理车》获得特等奖，指导教师郑健、程巧君，团队成员宫晓文、于加林、崔文硕、万忠超提交的作品《高效螺旋状电发热体成形机》获得一等奖。



全国
3D
大赛自
2022
年
9
月份启动以来，吸引了来自全国
31
个省、直辖市、自治区赛区
600
多所院校以及
1000
多家企事业单位参加，各赛区、院校参赛报名团队近
10000
个，提交初赛作品近
10000
件。我校参赛师生不懈努力，精益求精，将大赛作品与企业研发产品相结合，通过初步概念设计、二维图纸绘制、用三维数字化设计来仿真验证产品方案的可靠性，大大缩短了产品研发周期，充分展示了自身所学知识技能，激发了创新能力，最终在大赛中荣获佳绩。








供稿
︱
南庆霞


编发
︱刘太山


",,152,https://www.suet.edu.cn/info/1026/1229.htm
马玉英 张文硕 荣获这项荣誉称号！, 发布时间: 2023-05-30,"
近日，山东省电子学会
组织开展了“
2022
年山东省电子信息行业优秀科技工作者”评选活动，评选出山东省电子信息行业
44
位优秀科技工作者、
19
位优秀青年科技工作者、
10
位优秀女科技工作者。我校
人工智能学院院长马玉英、教务处
处长
张文硕被授予“
2022
年山东电子信息行业优秀女青年工作者”荣誉称号。








据悉，“
2022
年山东省电子信息行业优秀科技工作者”评选活动，旨在表彰电子信息领域从事研究与开发、普及与推广、人才培养或成果转化一线
优秀
科技工作者。经过专家评审委员会严格评审，
马玉英、张文硕脱颖而出，成为广大科技工作者的优秀代表。荣誉面前，两位老师表示将以此为动力，大力弘扬“爱国奉献、求实创新、协同育人”的新时代科技创新精神，在科技攻关岗位锐意进取，勇于奉献，以行动实绩为学校和学院专业建设发展作出贡献，助力学校事业高质量发展。







供稿︱人工智能学院

编发︱刘太山


",,151,https://www.suet.edu.cn/info/1026/1243.htm
秦美娜，获奖！, 发布时间: 2023-05-22,"

近日，在全国民办高校学生工作者联席会主办、武汉生物工程学院承办的“第十届全国民办高校学生工作创新研讨会”上，智能制造学院副院长秦美娜主持撰写的《常态化疫情防控下大学生朋辈互助模式》案例，荣获
2023
全国民办高校学生工作创新奖三等奖，案例参与老师吴燕、冯启明、薛利霞。







秦美娜以《常态化疫情防控下大学生朋辈互助模式》为题作分享。分享了以科学的研究、详实的数据剖析了大学生疫情前、中、后差异等方面内容，重点提出创建大学生朋辈互助工作模式，从思想互助、生活互助到学业互助，以润物细无声的互助模式做好疫情防控期间学生的日常管理和思想政治教育工作，是当前较为可行的一种方式。以此为契机，大力培养辅导员老师坚定理想信念，补足精神之钙，守牢思想政治教育主阵地，做负责任的学生成长引路人。







此次研讨会聚焦“后疫情时期民办高校学生工作创新”主题，总结疫情下各民办高校学生工作创新实践，以“破墙而生”概括学生工作新常态：“组织优化、评价升维、场域赋能、课程育人”，基于情感的转向与数字化转型视角，审视重构育人生态圈。为期两天的研讨会闭幕式上，全国民办高校学生工作者联席会理事长张振笋，以“共创与涌现”概括本次会议成果。强调全面贯彻落实全国民办高校思想政治工作，创新学生工作实践模式，提升民办职教老师理论水平、职业能力和专业素养，推进职教队伍职业化、专业化建设。










图文︱薛利霞

编发︱刘太山

",,150,https://www.suet.edu.cn/info/1026/1253.htm
【考研学子风采展（二）】商学院学子：丰收的喜悦来自风霜雨露的洗礼, 发布时间: 2023-05-16,"
商学院丰收：经历风雨

丰收在望










班级：商学院
19
电商本
3


录取院校：东北林业大学

专业：林学

感悟心得

路漫漫其修远兮，吾将上下而求索。
每天坚持背诵知识点，定期复习学过的知识。坚持信念，坚持每天至少学习
4
小时，学习时不分心。针对自己各科短板制定学习计划，重点学习偏弱科目，打好自身基础。
人生其实是一个不断学习的过程，而考研只不过是一段旅途。这场旅途不一定总是一帆风顺，考研路上伴随着心酸苦楚与激昂斗志。
踏踏实实付出不一定成功，但总有收获，保持热爱、勇敢、自信与坚强，历经风雨洗礼，收获季节丰收的喜悦
。




黄思雨：拥有
“高效率
+
好心态”









班级：商学院
19
电商本
4


录取院校：贵州民族大学专业：社会工作


感悟心得



少年应有鸿鹄志，当骑骏马踏平川。英语方面最重要的就是单词，单词一定要从备考开始背到考前，不要死记硬背，根据语境记住单词意思效率会更高。对于复试，找出考纲确定考试内容，整理好英语问答，重视专业课的热点问题。紧张是正常的，一定要好好利用好自己的紧张，让大脑飞速运转，稳住心态，流畅的表达更加分，遇到不会的题不要慌。“高效率
+
好心态”是备考过程中的两大法宝，你只管努力，静待花开。




李龙真：坚持，考研是场持久战








班级：商学院
19
电商本
3


录取院校：
扬州大学 专业：学科教学（思政）


感悟心得


坚持，考研是场持久战，过程很艰辛，但也很充实。
3-6
月份，确定学校、专业
+
找资料
+
找学姐辅导
+
打好各科基础。每天定好任务量按时完成。
7-9
月份，开始集中学习专业课，计划好每天任务量并按时完成背诵和练习，背诵完成后一定要及时复盘。
9-12
月份，着重背诵和练习重点内容。找到适合自己的学习方法，提高效率是关键。保持良好心态，学会利用碎片化时间，充分利用一切可以利用的时间。每天从清晨到深夜的奋战，都是为了让自己更有底气，踏过的每一步，都是实在的努力。星光不负追梦人，愿所有选择考研的学弟学妹旗开得胜，一战成硕。



李雪培：持久的事情持久做 久久为功









班级：商学院
19
电商本
2

录取院校：
沈阳理工大学 专业：思想政治教育


感悟心得


人文社科类主要是需要背诵，因此要掌握多种背诵方法，利用框架、关键词串联背诵。想的多了都是问题，做的多了才是答案。考研是场持久战，做好计划并坚决执行，睡前记得复盘反馈。所有的散事，杂事都放到一边，不要让它们过多的占据你有限的时间和精力，想要的那就自己去争取，相信自己一定可以。
稳住心态，讲究方法，从容面对，祝君早日圆梦。




王雪茹：拥有阳光良好的心态









班级：商学院
19
电商本
1


考公单位：
国家税务总局天津市河西区税务局 一级行政执法员


感悟心得



在整个备考过程中一定要稳住心态，一个不以物喜、不以己悲的淡定心态是非常重要的。良好的心态是我们战胜困难取得成功的关键。心态决定情绪，情绪决定心情，心情决定心境，心境决定生活。只要有良好的心态，你才能每天保持饱满的心情。要让生活充满阳光，用实干托起梦想。努力拼搏，劳逸结合，希望学弟学妹们只争朝夕
,
不负韶华。





赵君如：
路再长，一步步也能走完；路再短，不迈开双脚也无法到达









班级：商学院
19
电商本
1

录取院校：
河北经贸大学
专业：
公共管理


感悟心得



考研是一个痛苦并快乐着的过程。不懈怠，不忧虑，要对自己说不留遗憾，我要努力，不停的努力，天天努力。考研也是对心志的一种磨炼。当你坚持不下去的时候，不妨提醒自己“天将降大任于斯人也，必将苦其心志，劳其筋骨……”。再长的路，一步步也能走完，再短的路，不迈开双脚也无法到达。



郑方权：感动自己，
无需用一些花里胡哨的打卡方式









班级：商学院
19
电商本
2


录取院校：
中国海洋大学
专业：
学前教育


感悟心得

效率重于时间，掌握程度重于背诵轮数，要做感动自己的事情，休息好高效率掌握知识更重要。固定每个时间段需要做的事，形成一种习惯，不要每天变更计划。专注于学习，无需用一些花里胡哨的打卡方式证明自己。适当的休息有助于高效的学习和压力的释放，压力过大时可以暂时更换学习内容，保持良好心态不要钻牛角尖。真正经过一年考研，我收获最大的不仅是结果更是过程。如果你真正经历了考研的整个过程，我觉得不管是在专业知识的掌握上，还是自己的内心，都会有很大的提升，你会对自己的人生有着新的感悟。考研是持久战，要防止前期用力过猛后期热情全无，它不是终点而是一个新的起点！










组稿︱李 敏

编发︱刘太山


",,149,https://www.suet.edu.cn/info/1026/1261.htm
【考研学子风采展（三）】建筑工程学院学子：正值青春，体会一次全力以赴, 发布时间: 2023-05-18,"
王钰梁：“心态好
+
坚持住”你就赢了









班级：建筑工程学院
19
土木
1
班


录取院校：兰州交通大学


心得感悟



为梦想而奋斗，一定会苦尽甘来。我觉得凡事想要成功，就必须有所规划，按照规划付诸行动。当初在决定好考研的那刻起，我就开始为自己制定一个合理的复习规划，并定时定量去完成每天的任务。首先我会为自己制定一个阶段性规划，包括在这一阶段我要完成哪个学科的哪些任务，以及在保证完成的情况下还要保证达到我自己满意的复习效果。慢慢地随着不断的计划实施，你会找到自己的复习节奏，这样一天下来，一个阶段下来，当你完成你所规定的计划时，都会有一种充实感，而这种充实感就是你考研路上的动力所在。心态调整，考研最主要的还是一个心态的问题。我的感想是意志够坚定，中途不放弃，坚持再坚持。调整好心态，不要精神内耗。考研是艰辛的，在这个过程中，我们一定要耐得住寂寞，抗拒得住诱惑，万不可心浮气躁，要静下心来投入到复习当中。考研考的就是你的毅力，你的坚持和信心，同时还要学会放松。既然已经选择了走上考研这条艰辛的旅程，那么我们就要以全部的热情和信心去完成它，不要朝三暮四，举棋不定，
“
心态好
+
坚持住”你就赢了。


吕桂贤：在拒绝平庸中奔涌前行








班级：建筑工程学院工程造价本科二班


录取院校：延安大学


心得感悟


从三月份的备考，到次年四月份的复试，或许拿到录取通知书的那一刻才算是心定。考研确实很苦，但经历过也很酷，体会到其中的幸福，是与学友们清晨六点的相约，是学习过程中一次次的挫折和求索，是专业课背熟之后的成就，更是对自己一次次成长的深刻体悟。回想这一年的经历，我收获的不仅仅是一纸通知书，更是良好的作息和对待生活不妥协的态度。更重要的是知道了自己的平庸，这并不是一件坏事，这可以让我们少走很多弯路，知道平庸而不甘于平庸，在普通人的世界里努力做好自己的事，谁说普通人不能发光呢？我们都是追梦人，成长过程中挫折和苦难是不可避免的，不只是存在于考研，这都会成为我们未来坚硬的铠甲，在生活一次次的奔涌中，我们阔步向前。




鹿艳艳：在足够年轻的时候，体会一次全力以赴










班级：建筑工程学院
19
造价本一


录取院校：沈阳大学


心得感悟


欲戴皇冠，必先承其重。考研是一段沉默的时光，不同于昔日的三五成群，有的更多的可能是一个人的独来独往，那也是一段付出了努力和汗水的旅程。是否做到了无愧于心，就连对于生活的抱怨和诉苦仿佛也成为了一种奢侈，有的大概就只是和时间赛跑，每天给自己制定的任务是不是已全部完成。所谓努力，指的是主动而有目的的活动。对自己努力的回望，一年的早出晚归，厚厚的草稿纸，只期做到“此刻竭尽全力以后我不后悔”。考研过程中一定遇到了很多困难，但如果一个人知道前进的方向，那么去哪里都是顺风，从暖春到凛冬，天空没有极限，人生不被定义，可以向阳而生也能逆风翻盘。从来不是让你把一次考研当成人生成败的赌注，只是想让你在足够年轻的时候，体会一次全力以赴。




李诚诚：扎实打基础 勤练基本功










班级：
建筑工程学院
19
级工程造价本科
4
班


录取院校：天津城建大学


心得感悟


说起考研这段经历，感触最深的还是时间过的太快了！从
3
月份接近
4
月份下定决心考研到
12
月份考试结束，感觉瞬间就过了。考试结束到出成绩到最终被录取，这对我来说绝对是一种惊奇，结果是好的，遗憾也是有的。踏踏实实打好基础，刻苦、勤奋练习，学习上我习惯总结知识点，每个学科准备了一个知识点笔记本，数学总结每一章节题的类型，做错的题目按知识点分类整理。英语记录每个小结，政治总结划线重要知识点，做错的题关键点就用荧光笔圈画，专业课也是整理一遍课本知识点。整理知识点，我习惯把课本内容用自己的理解翻译一遍，加深一下印象，然后顺下来，再按照课本标准的内容记忆，笔记本上也就多了很多自己的理解笔记。每个人都应有自己的学习方式，用最适合自己的方法学习。还有就是学习效率，一定不要打
“
时间仗
”
，强调多点时间学习，而不是不休息的学习。全神贯注的学习，高效率的学习。



康荣雪：努力和汗水是不会被辜负的










班级：建筑工程学院
19
造价本
4


录取院校：青岛大学

中外政治制度


心得感悟


还记得那段充实的岁月，天不亮就赶到图书馆，抱着书狂背，楼梯间从只有我一个人到整个楼道人声鼎沸，饿了就拿饼干面包充饥，终于背完了我的计划内容，已经到了吃午饭的时间了。三点一线的路途上，有我边走路边背单词的身影，当时确实感到很深的孤独感，但现在回想起来是那样的温馨而有力量。回想在那些永远也背不完的书本里，我伤心哭过、也重新振奋过。人说勤能补拙，勤劳的人学习肯定能好吗，我觉得“假装很努力”的人是看起来很勤快，可是他们的大脑是懒的，正是因为最关键的大脑不愿意工作，懒得将书本的信息经过大脑的加工整理成自己脑中、可以随时拿出来应用的东西，这才是有效学习，而不是简单的死记硬背。不要感到努力和汗水被辜负了，经受过几次三番击打的自信心才更为坚强。不必心灰意冷，采取高效学习方法，不必害怕自己的努力像一滴水掉进大海里一样无声无息，要知道，那是你奔赴星辰大海的努力契机与生机。




崔莹莹：一个人的强大，从自律开始









班级：建筑工程学院


录取院校：山东科技大学


心得感悟

考研对于我来说，既是一趟勇敢追寻自己梦想的全新旅途，又是一条注定孤独的人生之路。当我下定决心走上这条路，并忍受着孤独坚持到了最后，不管最后结果如何，我就已经成功了一大半。在备考的过程中，最困难的就是，我要卸载掉所有的娱乐工具，我要变得自律，每天更甚至于每时每刻都要在知识的海洋中遨游。没有了娱乐，这让我刚开始感觉精神寄托没有了，可当我真正开始享受学习后，我才发现学术研究才是我的精神伴侣。感谢自己一年来雷打不动的坚持，感谢我没有半途而废，感谢每一个在我备考过程中帮助过我的亲爱的伙伴们。








组稿
︱孙煜恒


编发︱刘太山


",,149,https://www.suet.edu.cn/info/1026/1260.htm
［热评］“五一”国际劳动节｜用金色劳动编织壮丽花环, 发布时间: 2023-04-30,"

礼赞劳动，褒扬模范，聚焦平凡，开创未来。在“五一”国际劳动节到来之际，请让我们把崇敬的目光投向劳动以及劳动者，大力弘扬劳模精神、劳动精神、工匠精神，诚实劳动、勤勉工作，推动全社会进一步形成崇尚劳动、尊重劳动者的良好氛围。




①金色的劳动 闪耀“她力量”





不忘携手来时路，同心奋楫新征程。在深入学习贯彻党的二十大精神的日子里，循着校长视线，山东工程职业技术大学校长、教授吴梦军倾情撰文《让“职教之花”绚丽绽放》，郑重纪念中共中央发布“五一口号”
75
周年这一重要历史事件，进一步弘扬多党合作优良传统，筑牢新时代团结奋斗共同思想政治基础，激发起广大师生员工高昂的劳动热情和创新创造活力。职教报国的经历，躬耕回眸的感切，团结奋斗，勇毅前行，让“职教之花”绚丽绽放在中华民族伟大复兴的历史使命中、壮阔道路上。《让“职教之花”绚丽绽放》温情展现了致公党与中国共产党同心同行光辉历程，以不懈探索、卓著实绩彰显我国新型政党制度的独特优势，多角度展示职教领域致公党党员时代风采和精神风貌，热情抒发爱党爱国爱社会主义的真挚情怀。












一程程金色的劳动，让“她力量”在新时代绽放璀璨光芒。以劳动的名义，
吴梦军向全校师生致以节日的祝贺和诚挚的慰问。




②拼搏的汗水 激荡“燃青春”





离你最近的地方，路途最远；最简单的音调，需要最艰苦的练习。相信自己，相信奔跑的力量，相信日复一日、辛勤跋涉的足迹和汗水。第十七届春季运动会上，青春飞扬，为梦上场。一骑绝尘，赛场沸腾，成功的渴望，信念的力量，都将在运动场上、竞技赛中报以深情凝望。胜利的桂冠，美丽的花环从来都属于拼搏奋斗、永不言弃的奔跑者，哪怕就只剩下最后一点力气，我也要坚持、再坚持，坚强、再坚强。一声呐喊，就是对胜利最长久的纪念，一曲赞歌，就是对成功最热烈的拥抱。

















“我把这个春天的热泪和汗水挥洒，只因这方赛场，这条赛道上，驻扎着我青春无悔的梦想！”




③火热的劳作 点亮“新希望”







没有回音的山谷，不值得纵身一跃；而看得见希望的未来，却注定让我们全力以赴。当前，学校事业发展正处于提质培优向高质量进军的重要机遇期，全校上下都在辛勤劳作中笃定前行，在提升质效中扎实作风，在勇毅突破中寻求变革，激活一池春水，掀起头脑风暴，为创建高水平职业技术大学添砖加瓦，再攀高峰。逐梦新征程，激发新动力。当劳动与奋不顾身的、忘我的境地和境界相逢，那生活的河流、基业的航程该会掀刮起怎样奔腾的浪花、浩荡的东风啊！
创新教法，活力课堂，是“赋能”，是点燃新引擎；访企拓岗，直播带岗，是“带路”，带出路、带思路……
引领“精”到位，服务“暖”到心，织就出一幅欣欣向荣火热劳作的新画卷。每一步铿锵的步履，都合着时代发展的节拍，不断增强职业教育适应性，积极服务创新驱动战略，奋力创建高水平职业技术大学新辉煌，为全面建成社会主义现代化强国、实现第二个百年奋斗目标提供源源不断的技术人才和技能支撑。











新希望，新开创。加快培养高素质技术技能人才，为高质量发展提供有力支撑，用金色劳动编织壮丽花环，正成为山东工程人塑造未来的不凋谢的守望。




图文
︱刘太山


编发︱宣传部


",,147,https://www.suet.edu.cn/info/1026/1276.htm
【考研学子风采展（一）】吹响梦想集结号 我们时刻准备着, 发布时间: 2023-05-15,"


生活的辩证法常给人以启示：机会总是垂青有准备的人。技能改变命运，研路成就梦想。青春因奋斗而出彩，人生因磨砺而升华。我校“考研学子风采展”将陆续展示他们励志追梦、刻苦攻读的榜样形象，激发学习动向，励志青春成长。




华雪晴：守得云开见月明









华雪晴
，女，汉族，中共预备党员，马克思主义学院法律社社长，
2023
年考取西京学院土木工程硕士研究生。

自
2020
年加入法律社以来，秉持“活跃法律学术氛围，历练学子实务能力”宗旨，积极组织参加一系列社团活动，开展了“
3
·
15
”国际消费者权益日宣传、“国家宪法日”普法进校园宣传、法律知识汇演、学术讲座等一系列丰富多彩的活动。荣获学校廉政文化“清廉如水”作品二、三等奖、“党史知识竞赛
”三等奖、“厚植爱国情怀，争做向上青年”演讲比赛一等奖。








备考感悟

回顾备考的整个过程，有艰辛、有汗水，更有收获成功的喜悦。十分感激自己一路走来的坚持和对梦想的执着追求。考研之路并不轻松，我过着每天图书馆、食堂、宿舍三点一线看上去“枯燥乏味”的生活，但我始终保持一种积极乐观的心态，每天给自己制定一个小计划，不断地鼓励自己，争取每天进步一点点。引用《当幸福来敲门》里面的一句话与大家共勉，“如果你有梦想的话，就要去捍卫它。如果你有理想的话，就要去努力实现”，放弃不难，但坚持一定很酷。










寄语学弟学妹

考研就像一场战斗，你要有信心打赢这场战斗，不必因为你的课业差而怀疑自己，你要做的就是时刻满怀斗志，敢于相信自己能够披荆斩棘成为一名研究生。考研的意义就是在于你真正投入的过程。请务必坚持信念，守得云开见月明，静待开花终有时！我们终将上岸，阳光万里。



吕颖：星光不问赶路人 时光不负有心人









吕颖，女，汉族，中共党员，山东枣庄人，马克思主义学院习语社社长，
2023
年以复试第一名的成绩考取天津工业大学（双一流）法律（非法学）硕士研究生。

自
2020
年加入习语社以来，秉持“学思想”“守初心”“勇担当”宗旨，在院校老师的指导下，积极组织参加了一系列社团活动，创办了“山东工程习语社”公众号，开展了“理论大学习”“红色经典诵读”“党史知识竞赛”“唱响红色歌曲”等一系列丰富多彩的活动。通过这些活动，锻炼了组织协调表达能力；通过这个平台，使自己更快成长起来；通过这些年的历练，让自身变得更加自信。荣获校“优秀学生干部”、省“红色经典诵读”优秀奖等称号。






在做好社团工作的同时，时刻没有放松对学习的要求。勤奋好学，成绩优异，表现突出，通过了
CET-6
、计算机二级
(MS Office)
、初级会计职称等考试，荣获数字财金学院“学习标兵”、
2021
年度“一带一路”金砖国家智能会计大赛（团队赛）全国二等奖、
2022
年参加大学生英语词汇能力大赛荣获山东赛区三等奖。


备考感悟

一定坚持每天必学。备考过程中一定要有耐心，学习要细致。在习语社的任职经历与我的考研成功有很大的关系，通过一年半的锻炼，我能更好地了解自己、相信自己、成为更好的自己。我的语言表达能力、组织能力等在社团得到了很大提升，在复试中充分展示了这些优势。自信登场，努力向前奔跑吧，去追赶那个曾经被寄予重望的自己。



智能制造学院学子：为梦想，时刻准备着



陈风辉：
埋头苦干，前程就在脚下










班级：智能制造学院
19
机制本
2

录取院校
：吉林农业大学 专业：社会工作


心路历程

考研过程中踏踏实实，一步一个脚印，步步为营，把课本基础知识弄清楚逻辑，出什么题我们都可以答得上来。备考过程中心态要放平，当你每天都付出了，你可能还是觉得自己没学到东西，其实你学的东西已经在你心里扎根了，这些东西就会在你考试的时候全都涌现出来，所以在平时要不断积累，不断复习。行百里者半九十，持久战需要我们有坚定的理想信念，埋头苦干，前程自在脚下。每个人情况不一样，不能教条搬运，走出适合自己的考研道路，备考过程不要光看别人的复习速度，更不要被焦虑束缚，把握好自己的考研节奏，不贪多求快，稳扎稳打。



韩旭哲：
相信自己，不要焦虑










班级：智能制造学院
19
智能本
1


录取院校
：鲁东大学 专业：机械工程



心路历程


去年的这个夏天，我经历了许多的内心挣扎与煎熬。时常陷入焦虑。但是今天我挺过来了。真的，没有人可以随随便便上岸。倾听自己的内心。我从来没和人讲过，一个人独自坚持近
300
天的早起早读；我从没讲过一年内，几乎每天一个人在去图书馆的路上边吃早餐边看书背题有多孤独；我从没讲过自己在等待图书馆开门的间隙，一个人去食堂楼道背书、在室外背书；我从来没讲过自己穿梭在图书馆和教室，看着同学们成帮结对在玩我有多落寞；我从来没讲过和朋友聚餐时，自己偷偷在桌下看当天的学习任务完成了没有……我想说：相信自己！选择了考研，并且做出了改变，无论结果如何，你都会是一个敢于尝试的勇士。一步一个脚印，人生的路，只有自己走过，才知道其中的深义。过来人的路是走过的路，你的路在脚下，在前方。



李志祥：人生规划很重要








班级：智能制造学院
21
机制专升本一班

录取院校
：
大连海洋大学 专业：渔业发展


心路历程

我觉得凡事想要成功，想要得到自己想要的结果，就必须有所规划，按照规划付诸行动，这才是走向成功必不可少的一部分。首先我会为自己制定一个学习计划，一定百分百执行。关于执行计划，不要盲目跟风，我的体会是劳逸结合，刚开始的学习过程中，我会在上午拿出两小时，下午两小时，晚上两小时来进行学习，初期会累，但是熟能生巧。保证效率的同时要注意休息好，对于大篇幅需要背诵的科目，如果背不下去，可以抄写，然后慢慢试着默写。



薛连金
：
磨炼意志
，苦即是乐










班级：智能制造学院
19
智能本
1

录取院校
：齐鲁工业大学

专业：智能制造技术


心路历程


开始迷茫不知所措，中期互相鼓励，最后调整心态，成功应战。从开始准备到复试通知，大约经历了九个月，最终有幸被录取。
学习规划很重要。从
选择报考学校和专业
、
打基础
、
强化
学习、
做模拟题
、
初试
、
复试
、被录取一路走来，
感谢
学院领导、导员、专业课老师及
舍友们
的支持与帮助。若要功夫深，铁杵磨成针。在成长的道路上，不会一路坎坷，更不会一路平坦，难免会经受一些意志的磨练。



赵天煜：
低头赶路，敬事如仪，要像奔向喜欢的人一样奔向图书馆







班级：智能智造学院
19
级机制本
3

录取院校
：内蒙古工业大学 专业：机械专硕

心路历程

回想这一年多的时光，即使没上岸，也并不觉得自己是个失败者，因为除了分数，真的收获了很多，专业知识的增长和深化，备考经验、答题技巧，自我薄弱点，自我学习能力以及处理情绪的能力，独立思考的能力，处理亲朋关系的能力，还有思维的深度广度等。这些收获，可能不如分数那样显得直接些，也没有那么功利，可个人认为，它们是比分数和上岸更为重要、更有意义的收获。

边吃饭边背单词，黑眼圈和痘痘，无数次的汗水和泪水，一个人的宿舍，作文模版、背诵宝典，家人的鼓励、朋友的陪伴组成了我的整个考研。初试那两天，刚好是感染新冠最严重的时候，爸妈一直鼓励我，让我再坚持坚持，事后想来，若当时爸妈因为心疼说不想考就不考了的话，现在的心情就是遗憾了吧。直到现在，终于又找回了那个看到美景会驻足、走着路会哼歌、热爱拍照、热爱运动、热爱生活，“把疲乏往期装进朴质的长街，把仰头月色化为潇洒的释然，把起舞的今日写成诗篇，多年后也不遗憾”的那个我。







组稿︱王连友 薛利霞

编发︱刘太山


",,148,https://www.suet.edu.cn/info/1026/1264.htm
抓住新机遇 合作创未来︱学校创办人、三庆实业集团董事长吴立春在2023中阿企业家峰会发表主旨演讲, 发布时间: 2023-05-20,"
2023
中阿企业家峰会开幕式
18
日在迪拜举行。
200
余名来自中阿政商各界的代表齐聚一堂，围绕“抓住新机遇，合作创未来”的主题进行交流，分享对把握新机遇、开创中阿合作发展新时代的思考。山东工程职业技术大学创办人、三庆实业集团董事长吴立春受邀参会并发表主旨演讲。





据了解，峰会历时
7
天，先后在阿联酋的迪拜、阿布扎比和沙特利雅得举办主论坛、行业圆桌会、省市推介及交流会、对话、答疑会、企业拜访及文化调研等系列活动，致力于打造中阿企业间交流合作、共谋共赢发展平台，分享如何把握新机遇，开启新时代合作新征程、新赛道的真知灼见和战略思考，开创中阿合作发展新时代。





中国驻阿联酋大使张益明阁下





外交部大使、中国前驻埃及和英国大使刘晓明阁下





阿联酋经济部监测与跟进副部长助理H.E. Abdullah Sultan Alfan Alshamsi先生






围绕“中阿科技创新合作新机遇”主题，中国侨商联合会常务副会长、山东宝雅新能源汽车股份有限公司名誉董事长、山东工程职业技术大学创办人吴立春先生，分享了山东工程职业技术大学和宝雅新能源汽车在各自领域中取得的成就。他强调了数字化时代下创新精神和可持续性战略的重要性，提出了有关人力资源培训和新能源汽车方面如何寻找结合点等方面的建议。此次演讲不仅使与会者对于三庆实业集团和山东工程职业技术大学有了更深入的认识，也为三庆实业集团和山东工程职业技术大学的未来发展赢得更多信任与支持。







信源︱党政办公室


图片︱凤凰新闻

编发︱
刘太山



",,149,https://www.suet.edu.cn/info/1026/1257.htm
首届全国汽车维修案例大赛 张营获奖, 发布时间: 2023-03-20,"


传播汽车文化，讲好汽修故事。近日，由全国汽车维修行业协会举办的“首届全国汽车维修案例大赛”第一季落下帷幕。交通学院张营老师报送的“插头进水导致仪表不收点火开关控制”典型故障案例荣获二等奖。





心心在一艺，其艺必工；心心在一职，其职必举。本次大赛参赛选手覆盖全国多个省份，共收到大赛案例作品千余个。大赛打破时间、地点、场地限制，以短视频的方式加以呈现。通过赛事选拔，力争推选出一批争当先进、辛勤劳动、诚实守信、技艺高超的中国汽车维修技师代表，大力弘扬劳模精神、劳动精神、工匠精神，用技能托举职教梦想，以匠心开创美好未来。










供稿︱宋志强

编发︱刘太山


",,144,https://www.suet.edu.cn/info/1026/1313.htm
我校召开2023年全面从严治党暨纪检监察工作会议, 发布时间: 2023-03-09,"
3
月
9
日上午，我校在卓越楼
5
楼会议室召开从严治党暨纪检监察工作会议。校纪委委员、各党总支纪检委员参加会议，副校长粘洪青主持会议。






会议传达学习了二十届中央纪委二次全会和十二届省纪委二次全会精神；通报了学校
2022
年纪检监察工作情况和
2023
年工作要点。粘洪青强调，过去一年，在校党委领导下，纪委严格落实管党治党责任，综合发挥各类监督作用，推动全面从严治党工作取得新成效，为支持学校教育事业发展提供了坚强的政治保证。
2023
年是学校全面贯彻落实党的二十大精神的开局之年，也是学校职业本科办学质量改进提升整改的评估验收年，纪检监察工作要继续围绕立德树人根本任务，持续加强政治监督，扎实做好全面从严治党、党风廉政建设和反腐败工作，发挥好监督保障作用，为建设高水平职业技术大学提供坚强纪律保障。粘洪青对新学期纪检监察工作提出三点要求：


一是深入学习贯彻习近平总书记重要讲话和中央纪委、省纪委全会精神，落实好学校全面从严治党暨纪检监察工作会议部署要求，坚持把全面从严治党作为长期战略、永恒课题，始终保持全面从严治党永远在路上、党的自我革命永远在路上的坚定执着，以严的基调、严的措施、严的氛围持之以恒正风肃纪，一体推进“三不腐”。


二是落实全面从严治党的主体责任和第一责任人责任，各级领导干部尤其是主要负责人一定要认真履行从严治党第一责任人职责，做到亲自抓、负总责，带头查找岗位廉政风险点，带头落实防控责任，带头做出廉政承诺。


三是加强学生纪检监察队伍建设，规范管理，定期召开纪检监察员会议，第一时间发现问题、解决问题，有效预防腐败现象和损害师生利益的行为发生，为学校的教育教学创造清正廉洁的校园环境。







撰稿︱张 娜

编发︱刘太山


",,143,https://www.suet.edu.cn/info/1026/1317.htm
王霞荣获“山东省技术能手”称号, 发布时间: 2023-03-10,"

近日，山东省人力资源和社会保障厅下发《山东省人力资源和社会保障厅关于公布
2022
年度“山东省技术能手”名单的通知》（鲁人社字〔
2023
〕
14
号），我校交通学院王霞老师荣获
2022
年度“山东省技术能手”称号。












王霞，中共党员，交通学院院长、教授。山东省高等学校新能源汽车制造与服务新技术研发中心负责人，主持山东省职业教育教学改革研究项目重点项目
1
项，山东省高等学校科技计划项目
2
项，重点参与完成山东省科学技术厅重点科技计划项目
1
项。山东省高校黄大年式教师团队核心成员，山东省新能源汽车工程技术创新教学团队核心成员，济南市职业体验试点培育项目汽车体验中心负责人，济南市现代学徒制试点培育项目负责人。荣获山东省“技能兴鲁”职业技能大赛——“北汽杯”新能源汽车营销技能竞赛（职工组）一等奖（第
1
名）
1
项、山东省高等学校科学技术奖三等奖
1
项、山东省高等学校微课教学比赛三等奖
1
项。参与主编教材
4
部，获发明专利
1
项、实用新型专利
12
项，发表学术论文
6
篇，指导学生参加全国大学生智能汽车竞赛、山东省职业院校技能大赛等赛项，获得国家级一等奖等奖项
7
项。同时担任山东汽车工程学会专家委员会委员，主持、参与企业技术服务
10
余项。











稿源
︱交通学院


编发︱刘太山


",,143,https://www.suet.edu.cn/info/1026/1316.htm
我校荣获“责任耀齐鲁•2022山东企业（单位）社会责任榜”最具影响力单位奖项, 发布时间: 2023-03-10,"
3
月
9
日，齐鲁晚报·齐鲁壹点“蝶变
2023
——齐鲁晚报·齐鲁壹点年度盛典”在大众传媒大厦举行。同时“责任耀齐鲁·
2022
山东企业（单位）社会责任榜”活动榜单发布，山东工程职业技术大学荣获“责任耀齐鲁·
2022
山东社会责任榜”最具影响力单位
奖项
。





责任耀齐鲁
·
山东企业（单位）社会责任榜是齐鲁晚报
·
齐鲁壹点联合省内行业协会、学术机构，围绕企业、政务、教育、健康、消费等领域，推出的企业社会责任评选活动。自
2022
年
11
月启动以来，前后共有
300
余家企业（单位）报名参与，得到了企业（单位）和用户的广泛关注。经过单位自荐、公众推荐、资格审查等环节，活动组委会确定候选企业（单位）名单，再经过媒体实地采访调研、公众点赞、专家评审等环节，最终出炉了“责任耀齐鲁
·2022
山东企业（单位）社会责任榜”名单。













撰稿︱王玉珠


编发︱刘太山


",,143,https://www.suet.edu.cn/info/1026/1315.htm
学校召开2023年安全工作会议, 发布时间: 2023-03-16,"
3
月
16
日上午，学校在卓越楼五楼第一会议室召开
2023
年安全工作会议。党委书记孔祥云出席会议并讲话，副校长韩业文，各部门、各单位负责人参加会议。会议由韩业文主持。





安全保卫处处长徐永帅传达了全省教育系统安全稳定工作会议精神和学校有关安全稳定工作要求。





韩业文副校长对学校
2023
年安全工作进行部署安排，提出四点要求：一是要从全局高度充分认识到学校安全稳定工作的重要性，严格落实安全工作一岗双责，让工作真正落到实处；二是要落实隐患排查，推进问题整改。严格安全准入，强化源头管控，不放过任何一个环节、任何一个细节，防范遏制校园各类安全事故发生；三是要加强安全教育和演练，提高安全防范意识和逃生急救能力；四是要提升管理理念，注重工作方法，不断健全和完善学校安全风险防控体系，加大综合治理力度，筑牢校园安全防线。





党委书记孔祥云强调指出：各部门、各单位要高度重视、提升站位，切实增强做好学校安全稳定工作的责任感、使命感、紧迫感。坚持底线思维，树牢政治安全意识，坚持警钟长鸣，增强安全忧患意识，各部门、各单位要不推不躲，主动协调，加强沟通，营造一个部门联动、人人参与、齐抓共管、发挥合力的安全稳定工作新格局；要突出重点、把握关键，坚决守稳守牢安全线、生命线、警戒线。学校安全稳定工作是全方位、多角度、全天候的，也是繁重、复杂和充满挑战性的，要坚持“预防为主”，把预防工作和安全隐患排查整改常态化、制度化，确保安全隐患“处置在小、处置在早”；夯实责任、健全机制，严格落实安全工作责任追究和一票否决制，夯实校园安全稳定基础，确保全年安全稳定工作任务部署好、推进好、落实好。















文案︱刘淑平

图片︱程祚栋

编发︱刘太山


",,143,https://www.suet.edu.cn/info/1026/1314.htm
【点亮这盏灯】纸间情缘：我与《山东工程职业技术大学报》征文启事, 发布时间: 2023-03-21,"

《
山东工程职业技术大学报
》自创刊以来，始终与时代同行，与师生同心，用一篇篇鲜活的文字，一张张精彩的图片，一个个生动的镜头，讲好职业教育故事，奏响团结奋进强音。一路走来，采撷精彩片段，记录学校进步，抒发对学校事业发展的情感与期望，成为学校品牌形象的塑造者和传播者。





打开学习之门，有幸相遇相知，打开这张报纸便走进了开卷有益的行列，踏上了积极向上的阶梯。那些曾经，点燃你我梦想，见证一路成长的字里行间，或许就留有你真挚的汗水、辛勤的足迹。即日起，《
山东工程职业技术大学报
》诚邀全校广大师生员工、家长、校友、三方服务人员把你与《
山东工程职业技术大学报
》的缘分之旅、美好瞬间倾注于笔端、聚焦于镜头、凝练于作品，亦或是对于报纸发展的真知灼见、建议意见，《
山东工程职业技术大学报
》带给你的得与失记录下来，发给我们学习分享。





一直，给予我们营养，每每，成长路上的良师益友。有你参与的时光，真好！让我们共同点亮校园新闻宣传这盏灯。





征文体裁不限，题材不限，字数不限，题目自拟。署名作者、所属单位、联系方式。征文邮箱：
sdgctxy@163.com
。





",,144,https://www.suet.edu.cn/info/1026/1312.htm
【新春气象】“开学季”︱开班首日，4名委员说践悟, 发布时间: 2023-03-21,"

十三届山东省政协委员学习培训班“委员
践悟
”特别报道



showVsbVideo(""/__local/7/26/D7/8CAFD818B8A187FD75AE78E8EBD_887C1FC0_C5DB45.mp4?e=.mp4"",""height=\""280\"""",""width=\""420\"""","""",""float: none"",""false"");
",,144,https://www.suet.edu.cn/info/1026/1311.htm
我来服务 请您监督︱图书馆开通服务监督电话啦！, 发布时间: 2023-03-21,"
服务广大师生，共筑美好校园。这个号码
19153136608
，请您记住！有问题，直接拨打
，
图书馆老师将竭诚为您服务！





图书馆服务监督
电话开通啦！如果您一直以来关心我校图书馆的发展，如果您还对图书馆的服务有哪些建议和诉求，如果您发现图书馆内有哪些不文明现象或行为……欢迎您拨打图书馆服务监督电话，图书馆老师将以优良作风推动工作落实，共同推进我校图书馆工作健康蓬勃发展。









撰稿︱王红珍


编发︱刘太山


",,144,https://www.suet.edu.cn/info/1026/1310.htm
我校召开学生纪检监察员聘任暨工作任务部署会议, 发布时间: 2023-03-23,"

为增强学生纪检监察员工作热情，提高纪检监察工作专业化、规范化水平，
3
月
23
日下午，我校在卓越楼党员活动室召开学生纪检监察员聘任暨工作任务部署会议。学校副校长粘洪青、纪委办公室主任张娜、各党总支纪检委员、学生纪检监察员参加会议。纪委办公室主任张娜主持会议。






会议首先为受聘的学生纪检监察员颁发聘书。一纸聘书即是一份责任，作为学校第一届纪检监察员，他们将勇担重任，充分发挥学校与学生联系的桥梁纽带作用，围绕学校工作部署行使监督权，开创纪检监察工作新局面。纪委办公室主任张娜就近期工作安排做部署，特别是对每月开展的纪检监察信息反馈工作加以强调，要求纪检监察员依照督查工作要求做好信息反馈，认真履行监督职能，创新方式方法，及时发现、反映苗头性、倾向性问题，强化执纪职责，促进责任落实。






副校长粘洪青着重强调了廉洁文化建设工作。他指出，廉洁文化建设工作是一项具有战略意义的长期性工作，是省委教育工委今年部署的重要工作，也是学校今年的一项重点工作。为创建清廉、高效、平安、和谐的育人环境，学校制定了《
2023
年学校廉政文化建设行动方案》，要通过开展一系列的专题教育活动、主题教育活动和主题实践活动来充实工作内容。各党总支要按照工作方案总体安排和要求，坚持党建引领、问题导向、补齐短板，抓出特色，充分调动广大师生积极性，组织开展廉洁教育活动，促进廉洁教育工作制度化、规范化、经常化，形成廉洁文化建设工作长效机制。






会议要求，各党总支要高度重视纪检监察工作，切实加强对学生纪检监察员工作指导，为学生纪检监察工作创造有利条件。扬廉洁之风，建和谐校园。同学们要提高政治站位，做廉洁校园的参与者和践行者，让廉洁成为大学校园文化生活的新常态。








撰稿︱张 娜


编发︱刘太山


",,144,https://www.suet.edu.cn/info/1026/1306.htm
面对面 心贴心 商学院“院长面对面”座谈活动获好评, 发布时间: 2023-03-24,"
为更好了解学生诉求，提供针对性服务，
3
月
21
日，商学院在诚基楼党员活动室开展“院长面对面”座谈会。院长刘杰、副院长王燕、辅导员王威、
20
营销本科班
13
名学生代表参会，加强沟通交流，凝心聚力共谋学院发展。






刘杰针对各班收集的近期同学们反馈的问题逐一答复，尤其对于学风建设、专业学习、就业前景、未来规划和发展做出解答，增进师生交流，更好地规划未来发展方向。“当你真正投入学习的时候，是体会不到压力的”，王燕为同学们提出了缓解压力的几种方法，寄语同学们保持持之以恒的学习状态，勤于思考、努力学习，成为国家栋梁之材。





倾听学生心声，回应学生关切，以解决实际问题为出发点，不断增强同学们对学院的认同感和归属感。“院长面对面”
提供了学院领导与同学之间平等交流的机会平台，引导同学们坚定理想信念，汇聚奋进力量，做青春追梦者，
有力促进了学院学风建设，推动学院育人管理水平再上一个新台阶。











撰稿︱李 敏


编发︱刘太山


",,144,https://www.suet.edu.cn/info/1026/1305.htm
【考研学子风采展（四）】人工智能学院学子：“执行力起着决定性作用”, 发布时间: 2023-05-22,"
晋硕硕：“选择大于努力，但不努力，再好的选择也白费”










班级：人工智能学院物联网工程
1
班

录取院校：安徽科技大学


感悟心得

总结一年的备考带给我的经验教训，想给学弟学妹两点建议：首先，学习最重要的是坚持。万事贵在坚持，考研是个持久战，面对枯燥的学习内容，一定要坚持不懈并且找途径去缓解学习过程当中的压力。其次，选择大于努力。在报考之前一定要对自己要选择的专业和院校做好充分了解，例如报录比，一志愿考生来源等。是的，选择大于努力，但不努力，再好的选择也白费。



宋春燕：“执行力起着决定性作用”









班级：人工智能学院物联网工程
1
班

录取院校：吉林财经大学

感悟心得

任何事情都不是一朝一夕就能完成的，要做好持久战的准备，提醒大家不要打疲劳战，拥有良好的作息，精神饱满的学习状态。一定不要好高骛远，眼高手低，选择与自身能力相匹配的学校很重要。执行力起着决定性作用，敢于做别人做不了的，才能收获别人收获不到的。执行力强的人，每做一件事情都是自发的，特别注重细节，学习起来特别投入，坚定不移，让每一份投入都能结出甘甜的果实。



武晓萌

“脚踏实地，贵在坚持”









班级：人工智能学院软件工程
1
班

录取院校：沈阳农业大学

感悟心得

考研之路贵在坚持。认真对待每一天，不辜负自己，每一天的坚持都是对自己付出最大的回报。在考研期间遇到自己始料未及的情况时
(
例如目标院校停止招生，招生人数有所变动，专业课换书等
)
，需要及时调整心态，根据院校信息更新计划，减少情绪化对自己学习进度的影响。“静”“韧”“稳”是我在考研路上体会到的十分深刻的学习品格状态。一步一脚印，脚踏实地方能如愿。愿学弟学妹不负韶华，未来的路全力以赴，苦尽甘来的那一天，山河星月皆是贺礼。




欧璇璇：“选择考研，就是选择了一种生活方式”






班级：人工智能学院软件工程
2
班

录取院校：烟台大学

感悟心得

选择考研就意味着选择一种学习成长的生活方式，长伴你的是孤独和充实；选择考研意味着参加一场体力智力大拼杀的长久战，等待你的身心投入与快乐；选择考研意味着鼓舞起破釜沉舟般的士气，踏上一条不同寻常的成长之路。从自己考研经受来看，阅历也好，教训也好，可以归结为六个字：“坚持就是成功。”考研战线拉得比较长，最重要的就是要坚持到底。大学的时光像流星一样稍纵即逝，愿学弟学妹能做那执着一念的、执着追求的流星，在短暂的一瞬，给人们留下永恒的光明。


蔡立林

“将理论与实践相结合”









班级：人工智能学院软件工程
3
班

录取院校：齐鲁工业大学

感悟心得

将理论知识与实际应用结合，提升了我们的综合素质，在考研中让我们更胜一筹。一个又一个日夜奋战，一次又一次咬牙坚持，从酷暑到严寒，从白天到黑夜，你要相信，时光看得见你的每一份努力。看似波澜不惊的日复一日，一定会在来天让你看见努力的意义。希望日夜兼程的你，在考场上满满努力不留遗憾。




冯晓宇 “矛盾有普遍性和特殊性，形成自己的学习节奏”






班级：人工智能学院物联网工程
3
班

录取院校：西安邮电大学

感悟心得

备考期间，我平均每天学习时间为
10
小时左右，在英语上，前期以牢记单词和掌握阅读技巧为主，后期以作文背诵为主；数学前期通过基本概念的掌握和做题来形成自己的知识体系，后期通过做模拟卷和往年真题来继续查漏补缺；专业课前期以基本知识学习和课后题为主，后期通过历年真题来熟悉考察题型。矛盾具有特殊性和普遍性，每一个人的起点不同，这就需要我们在备考过程中形成自己的知识体系以及学习节奏。而每个人的考研之路也都存在一定的相似之处，所以也可以适当参考借鉴一些经验分享。



任常江：“脚踏实地，相信自己”







班级：人工智能学院物联网工程
2
班

录取院校：广西民族大学

感悟心得

半年多的备考时间，每天的早出晚归、三点一线，每天按照自己的计划进行学习和复习。脚踏实地，不抱怨，不浮躁，远离手机和不必要的社交，相信自己，你付出的努力都会得到回报的。希望学弟学妹们要有正确的选择，正确的选择可以让你事半功倍。选取良好的学习方法，好的学习方法可以提高学习效率，坚持不懈持之以恒努力下去，你定会有所回报。







组稿
︱
张梦玥


编发
︱刘太山

",,149,https://www.suet.edu.cn/info/1026/1256.htm
【考研学子风采展（五）】交通学院学子：念念不忘，必有回响, 发布时间: 2023-05-23,"
交通学院 常富堂 录取院校 大连海洋大学










学习需要快乐地投入。比如周一到周五集中全副精力好好学习，周六周日可以适量运动放松一下，劳逸结合，学习过程会有很多压力，遭遇挫折时，要保持稳定良好的心态。远离让你内耗的人与事，会有失去，但是成长的代价就是去经历挫折，体验生活的苦乐。每天充实学习的日子是最值得回忆的。每个人的内心都有一份信仰，这份信仰作为一种精神支撑我们，当遇到困难和挫折时，是这份信仰给了我们力量。备考的过程很艰难，支撑我们坚定不移走下去的就是一种精神，一种锲而不舍、百折不挠的信仰与精神。




交通学院 朱日宁 录取院校 临沂大学










备考之路持续了将近一年，这段时光里，一直都在低头赶路，不管经历多少迷茫彷徨，我都想跨过山海，看更好的风景。虽然过程曲折，好在结局美丽。所以，那些你努力学习的瞬间，你熬过的夜，终会化成点点星光，照亮未来的路。也非常感谢学校老师以及朋友们在这一段时间里给予的鼓励和支持。念念不忘，必有回响。



交通学院 邓宝超 录取院校 西南林业大学










考研经历，历历在目。感谢这一段艰难而又充满力量的难忘岁月，使我有了坚强的品质，热爱的所在，所以我才不会孤单。考研是一段沉默的时光，一段付出了努力和汗水，不抱怨、不诉苦、过后想起来自己都被感动的时光。那些看似不显山漏水的坚持，静静地发现，都有着无法细数的刻度。不要害怕失败，而应当更多的去期待成功。



交通学院 齐韶杰 录取院校 山东交通学院








拒绝安逸，你只管努力努力再努力，其余的交给时间。考研这个词，意味着坚持，意味着不要轻易放弃，一路向前，终会见到黎明的曙光。你的自信从不止步，毅力令人折服，勤奋镌刻一路，优秀有目共睹。少年的书桌上，没有虚度的光阴，不要把时间用来迷茫，那些闪闪发光的日子里，你走过的每一段路，其实都是必经之路。现在回想在最初的地方，有一个最原来的我。什么都不能阻挡梦想的脚步，学会让梦想每天壮大一点点。你要记住的是，你永远都无法借别人的翅膀，飞上自己的天空。



交通学院 王逊 录取院校 重庆三峡学院










勇敢追梦吧，在人生道路上奋力奔跑，不虚度光阴奋力燃烧，无需找什么借口，拼搏的身影就在自己日复一日的努力坚持中闪烁光辉。枯燥的学习中不乏精彩，只是有时候，我们的思绪总是放在那些不带来一丝光亮的的纷扰中。学习要加，骄傲要减，机会要乘，懒惰要除，只有启程，只有拼搏，才会有风景，才会到达理想目的地，才会获得辉煌的成功。








组稿︱宋志强


编发︱刘太山

",,150,https://www.suet.edu.cn/info/1026/1252.htm
【考研学子风采展（六）】数字财金学院学子：站在你所热爱的世界里闪闪发光, 发布时间: 2023-05-30,"
常根硕：开始行动，去做你热爱的事情








班级：数字财金学院
19
财管本
2

录取院校：新疆大学


感悟心得


英语应当在平时多多积累，从开始备考到考研结束背记单词是要一直坚持的事情。阅读，我比较推崇于积累好词好句。管综分为数学、逻辑和写作，学习时注重强化基础练习。对于作文，逻辑结构是重点，点题言简意赅，直奔主题。追风赶月莫停留，平芜尽处是春山。从懵懂青涩的少年到朝气蓬发的青年，我的每一份画卷精彩都在此描绘书写，聚合成绚烂的大学时光。遇到一群志同道合的同学，在风华正茂的年纪，信守坚持的力量，乘风破浪，披荆斩棘，开始行动，去做你热爱的事情，你终会迎来美好的未来。



王思维：只要你想赢，就没人能让你输！









班级：数字财金学院
19
会计本
4


录取院校：曲阜师范大学


感悟心得


这段时光里，一直都在低头赶路，不管经历多少迷茫彷徨，曲折过程，好在结局美丽。所以，那些熬过的夜，终会化成点点星光，照亮未来的路。付出的努力也许和当下的成绩不成正比，但所有的弯路都有它的意义，黑夜过后，总会迎来自己的灿烂星空。考研这条路确实承载不了所有人的梦想，但是只要你想赢，就没人能让你输！



于华文：没有横空出世的幸运，只有不为人知的努力









班级：数字财金学院
2019
级


录取院校：天津科技大学



感悟心得


考研是艰苦战，是身心的双重考验。考研也是一场持久战，只要能坚持到最后，就是赢家。关于考研我也有一点点感悟，希望能帮助到大家。考研期间要保持良好的心态；时间上要有规划，每天按照计划学习；要自信，有勇气相信自己；在拥有成功信念的同时不惧怕失败，敢于面对失败；每个人都有自己的学习方式，选择适合自己的，保持最佳学习状态；考研期间三餐要规律，一定要吃早饭，多喝水，冬天学习的时候要注意保暖。没有横空出世的幸运，只有不为人知的努力。所有的梦想都会随着时间的推移成为现实。



杨柳：握住平日里日积月累的努力









班级：数字财金学院
19
会计本
2


录取院校：新疆财经大学


感悟心得


考研这条路并不容易，要比别人下很大的功夫去学习，但只有日积月累的努力，就会有厚积薄发的可能。那些你为了走路，低头不语的日子会成为璀璨的星光，点亮你的未来。



张倩：站在你所热爱的世界里闪闪发光









班级：数字财金学院
19
级财管本

录取院校：鲁东大学


感悟心得


备考期间我会先制定周期性计划，比如在第一个周期完成专业课一轮的学习，第二周期加入英语和政治的学习等，并在此基础上划分月计划。在专业课的学习上，从最初的白纸默写到最后冲刺阶段的录音背诵，一定要多背，直至背熟。一开始会有彷徨，会怀疑自己的能力，在冲刺时会担心自己没有准备好，但是无论怎样都要坚持，坚持下去，相信自己，一定要站在你所热爱的世界里闪闪发光。







组稿︱万倩倩

编发︱刘太山

",,150,https://www.suet.edu.cn/info/1026/1245.htm
这场读书讲座，带给你什么？, 发布时间: 2023-06-02,"
思想碰撞智慧火花，激发校园读书热潮。
6
月
1
日，一场“读书与修身”的专场讲座燃起了当代大学生的梦想，仅能容纳几百人的讲堂内座无虚席，连走廊两侧、坐席后排都站满了前来学习听讲的大学生。讲座邀请潍坊医学院人文艺术教育中心主任马永安教授主讲，
督学吴倩连同几百名大学生参加讲座，图书馆副馆长颜丽蓉主持讲座。










适逢六一，“祝大家节日快乐”的开场白，赢得广大师生会心一笑。轻松愉快的氛围中，马永安教授开始了“为什么提倡读书、我们为什么读书、我们要读什么书、我们要怎样读书”的知识分享。结合多年投身人文艺术教育、著述创作的人生感悟，马永安以多维的视角、严谨的精神、真挚的语言旁征博引，带领广大师生走进文学世界，品读美文佳作，时不时激发起阵阵热情的掌声。






提倡读书就是提升自我。从当前需引起重视和反思的许多社会现象话题入手，马永安教授提出，“我们首先是社会的‘人’，然后才是
CEO
、记者、教师、学生、医生、工人……我们应当构筑完善的品格和独立的精神，努力做到有格调、品位、情怀和境界。”






读书，是为了遇见更好的自己。马永安从解读“关键词‘人文精神’”导入，对人的尊严、价值、命运的维护、追求和关切，对一种全面发展的理想人格的肯定和塑造的人文学科要义加以阐述，指出人文学科是集中表现人文精神的知识培育体系，它关注的是人类价值和精神表现，进而提出读书的三重境界：见自我、见天地、见众生。







读经典的书，做有根的人。围绕读什么书，马永安对“开卷有益”作了重新界定，区分“有用之书”和“无用之书”，杜绝“急功近利”，攀登精神的喜马拉雅，经典阅读是最稳妥的选择。“我们要打开怎样的阅读视野呢”，马永安从重新审视几个熟悉的词汇出发，比如知识、文化、教育，谈及要摆脱知识焦虑，静心读书思考，培养怀疑精神和独立思考（拒绝被替代思考）能力，关注内心，享受知识、文化、美感等阅读感受的滋润。








读书能让你眼神生动，读书能让你眼中的世界多姿多彩，读书能让你成为一个大写的人。督学吴倩发言倡导同学们要多读书，善读书，读好书，丰盈精神世界，涵养生命气象。






据悉，马永安系潍坊医学院人文艺术教育中心主任，作家、策划人、编导，
2008
年被授予潍坊市杰出文化工作者（潍坊市“百名文化名人”）。著有长篇小说《杂碎》《画都》（山东省齐鲁优秀文化传承创新重点工程项目），长篇报告文学《留住青山绿水》、音乐故事集《有没有一首歌曾让你泪流满面》、散文集《心归何处》（合著）等，文学作品曾获得山东省委宣传部、省作协“中国梦”长篇文学作品征集三等奖及风筝都文艺奖等。多次出任潍坊国际风筝会总撰稿，连续
20
多年担任包括春节晚会在内的各类大型活动的总策划、总撰稿，曾受邀担任中广协全国电视文艺百家奖和春晚奖颁奖晚会总撰稿，中华诵全国夏令营闭营式晚会总策划、总撰稿，山东省纪念建党
90
周年、“庆国庆迎十八大”、
2018
齐鲁最美教师颁奖典礼等大型晚会的策划和总撰稿。策划撰稿的大型晚会多次获得国家级、省级大奖，创作的作品曾获全国广播文艺专家奖一等奖，全国电视文艺 “最佳作词奖”（歌曲被央视五四晚会采用）和“最佳语言类节目奖”等奖项。




撰稿︱崔文娟


图片︱
李 泽


编发︱刘太山








",,151,https://www.suet.edu.cn/info/1026/1236.htm
创意朗诵大赛 让“青春+奋斗”火红呈现, 发布时间: 2023-06-16,"
诵读红色经典，传承红色文化，弘扬时代精神。为激发当代大学生爱国热忱，引导广大青年把爱国之志化为报国之行，增强文化自信，活跃校园文化氛围，
6
月
15
日下午，由图书馆、数字财金学院主办的“追寻火红岁月 奏响青春华章”创意朗诵大赛在诚基楼学术报告厅举行。督学吴倩、图书馆副馆长吴超以及工会、宣传、各学院团总支、学管老师与同学们齐聚一堂，共同奏响青春主旋律，讴歌奋进新时代。






经过紧张激烈的初赛，共有来自各学院、学生社团的
15
支队伍脱颖而出进入决赛。同学们用饱含深情的朗诵叙说家国情怀，
赓续
红色血脉，燃发报国之志。比赛在王笑宁与邀请嘉宾武洁老师带来的歌曲《领航》中拉开帷幕。






人工智能学院梁义
《商鞅》深挖历史，精心创排，还原商鞅变法历史事件，让历史文化“活起来”。故事情节跌宕起伏，舞台演绎惟妙惟肖，引人入胜。








雷
锋全心全意为人民服务的奉献精神代代相传，建筑工程学院张燕、邵缨涵、刘文琦、王轶凡
《驿路梨花处处开，雷锋精神代代传》把初心和使命扛在肩上，溢于言表，点亮新时代大学生青春逐梦、技能报国的理想信仰之火。






当工大之声广播站的“播音员”王守宣、崔睿、刘雨萱、焦文娟登上创意朗诵的舞台，精彩呈现的《精神力量》用心用情热情讴歌、感悟共产党人“精神谱系”。









交通学院纪华青、马梦达、程一诺、崔洪豪《月光下的中国》，
读书爱好者协会李泽、孙欣然、廖培智、王雪、赵浩然、梁云杰、赵浩然、丁志恩、单熙钰、王朝阳《满江红》，大学生通讯社张文智、杨浏祺、翟一曼、张雅楠《以奉献之我，赴时代之约》，人工智能学院王慧、张凤娇、李恩悦《不朽》，青年志愿者协会吴兴瑞、王俊洁、刘韦、杨茜、秦欣悦、段梦茹、刘林琳、梁馨婷、田欣冉、刘先锋、张莹、刘祥菲、张晓阳、苏颖、杨倪《重回汉唐》
，
现代艺术学院潘雅靖、殷欣彤、赵欣怡、宋明泽、朱宪理
《中国话》，
商学院曹心宇、王一帆、辛燕、王怡菲、赵锐、翟敬格、王林奇、孔政、翟然、邓海龙、孙宏霖
《致先辈》，社团联合会蔺玉双、任鑫磊《青春逢盛世 奋斗正当时》，大学生综合事务委员会梁淇、孟令硕、朱文烨、张元瑞《红船颂》，大学生宿舍管理委员会王泰行、姬广川、牛舒琦、杨婷婷、王康亨、周梦欣《中国红》，
智能制造学院王守宣、杨文博、张守瑞、焦文娟、陈昱彤、周姊璐
《大写的中国》等作品由古及今，把一帧帧
历史画卷徐徐铺展，以时空连线为轴，以青春信仰的名义，让同学们在仰望星空、投身奔涌的时代大潮中，把使命和担当化为职教报国锐意进取、开拓创新的精气神，
赢得了评委和观众的阵阵掌声。





































比赛期间，还特意穿插了主持人与观众互动、抽奖游戏环节，带给同学们观赏中被小幸运砸中的惊喜。宣传部刘太山用歌声《多情的土地》致敬新时代，感受脚下这片土地坚实的精神力量。











铁血今犹在，山河已无恙！今天，不忘却过往，更希冀未来。声入人心的表达，娓娓道来的讲述，数字财金学院
《山河无恙 红旗依旧》
通过生动的人物和故事，用新颖的朗诵艺术语言，打开那些熠熠生辉的精神坐标，
反映人民群众对美好生活的向往，
共同接受历史的震撼、教育和洗礼。观众与讲述人苗喆、高子晴、王占玉、夏荣博、常新雨、辛佳林、夏钰森、马莲莲、赵亚欣一起满怀崇敬之心，追寻红色足迹，
抒发家国情怀，
引发全场共鸣
！以特有的亲和力、共情力、感染力一举夺得大赛特等奖！

































供稿︱崔文娟 孙 宁

编发︱刘太山


",,152,https://www.suet.edu.cn/info/1026/1225.htm
我校召开2023年第一次教材工作委员会会议, 发布时间: 2023-06-28,"
6
月
27
日上午，学校在卓越楼第一会议室召开
2023
年第一次教材工作委员会会议。教材工作委员会全体成员及教务处相关人员参加会议，教务处处长张文硕主持会议。





教材工作委员会副
主任、督学李佩禹宣读了《山东工程职业技术大学关于调整教材工作委员会的通知》，教务处副处长朱宏雁汇报了
2023
年秋季学期教材选用情况，各院部分别汇报了本院部
2023
年秋季教材选用具体情况。教材工作委员会委员听取汇报，并对教材选用原则及选用过程中遇到的问题、提高自编教材质量等方面提出了建设性意见和建议。





与会委员结合国家相关要求和学校工作实际，对教材建设的规划、布局、推进以及教材选用等提出了科学合理的意见和建议。教材工作委员会副主任石忠指出，加强教材内容检查与编写人员审查工作，强化教材监督职能。通过教材审查工作，对相关教材提出教材预警提醒，进一步提高教育领域的风险防控意识与能力，加强对教材选编、使用、开发等环节的全覆盖监督，落实立德树人根本任务。教材工作委员会主任、总督学匡奕珍充分肯定了本次教材选用工作，提出两点要求：一是
鼓励教学名师、高水平专家主编或参加教材编写工作，增加教师教材建设培训次数，提高教材编写质量，打造精品教材；二是加快建设高质量职业本科教材体系，服务学生全面发展。教材建设要充分体现党和国家意志，深入推进习近平新时代中国特色社会主义思想进教材，培养德智体美劳全面发展的高层次技术技能人才。








供稿︱刘亚男

编发︱刘太山


",,153,https://www.suet.edu.cn/info/1026/1216.htm
马克思主义学院开展“政治生日忆初心，砥砺奋进新征程”迎七一集体“政治生日”活动, 发布时间: 2023-07-01,"
<!--  /* Font Definitions */  @font-face {font-family:宋体; panose-1:2 1 6 0 3 1 1 1 1 1;} @font-face {font-family:""Cambria Math""; panose-1:2 4 5 3 5 4 6 3 2 4;} @font-face {font-family:等线;} @font-face {font-family:""\@宋体""; panose-1:2 1 6 0 3 1 1 1 1 1;} @font-face {font-family:""\@等线"";}  /* Style Definitions */  p.MsoNormal, li.MsoNormal, div.MsoNormal {margin:0cm; margin-bottom:.0001pt; text-align:justify; text-justify:inter-ideograph; font-size:10.5pt; font-family:等线;} p.MsoHeader, li.MsoHeader, div.MsoHeader {mso-style-link:""页眉 Char""; margin:0cm; margin-bottom:.0001pt; text-align:center; vsb_temp-mode:char; border:none; padding:0cm; font-size:9.0pt; font-family:等线;} p.MsoFooter, li.MsoFooter, div.MsoFooter {mso-style-link:""页脚 Char""; margin:0cm; margin-bottom:.0001pt; vsb_temp-mode:char; font-size:9.0pt; font-family:等线;} p.MsoAcetate, li.MsoAcetate, div.MsoAcetate {mso-style-link:""批注框文本 Char""; margin:0cm; margin-bottom:.0001pt; text-align:justify; text-justify:inter-ideograph; font-size:9.0pt; font-family:等线;} span.Char {mso-style-name:""批注框文本 Char""; mso-style-link:批注框文本;} span.Char0 {mso-style-name:""页眉 Char""; mso-style-link:页眉;} span.Char1 {mso-style-name:""页脚 Char""; mso-style-link:页脚;}  /* Page Definitions */  @page Section1 {size:595.3pt 841.9pt; margin:72.0pt 90.0pt 72.0pt 90.0pt; vsb_temp:15.6pt;} div.Section1 {page:Section1;} -->


“
政治生日
”
是党员入党日，是一项严肃的组织生活。
“
我志愿加入中国共产党
”
这是一生一次的选择，也是一生一世的承诺。为强化党员宗旨意识、身份意识和责任意识，引导党员不忘初心、牢记使命、奋发作为，
6
月
29
日
,
马克思主义学院党总支组织开展了
2023
年
“
政治生日忆初心，砥砺奋进新征程
”
迎七一集体
“
政治生日
”
活动，共同庆祝中国共产党成立
102
周年。学校党委副书记、副校长李梅松，党委委员、组织统战部部长张彦卿，马克思主义学院党总支书记、院长孟宪勇，副书记、副院长孙勇出席活动。







学校党委副书记李梅松、组织统战部长张彦卿向集体过
“
政治生日
”
的马克思主义学院全体党员教师送上诚挚的问候和祝福，并赠送了精心制作的政治生日贺卡和礼品。李梅松在致辞中，回顾了马克思主义学院自成立以来的发展历程和教学科研方面取得
“
井喷式
”
成就，迫切需要坚守初心使命，争做爱党为党的忠诚表率，始终牢记入党誓言，始终牢记
“
第一身份
”
是共产党员、
“
第一职责
”
是为党工作，为学生做好
“
扣扣子
”
工作，任何时候都要与党同心同德，永远听党话、跟党走。



马克思主义学院组织委员王连友带领全体党员重温入党誓词，面对鲜红的党旗，党员们庄严宣誓，重温入党时的初心和使命，在思想上再一次接受洗礼。全体党员教师围绕入党初心，结合自身生活、工作等实际进行发言，通过回顾当初入党历程，畅谈入党以来的所思所想，分享心得感悟，并对今后如何发挥好党员先锋模范作用作出承诺。党员一致认为，集体过
“
政治生日
”
充分展现了组织的关心关爱，回首入党以来所取得的每一项成绩和进步，靠的是党的培养和组织的关怀，通过这次活动进一步强化了他们对党的认识，重新审视了自己的入党初心，激励他们始终保持一颗赤子之心，坚定理想信念，牢记使命，走好新时代的赶考路。







为向曾在马克思主义学院学生社团辛苦奋斗过的毕业生们表示感谢，孟宪勇向学生党员发放“政治生日”贺卡，送上“生日”问候和祝福。一张张“政治生日”贺卡，既是党组织对党员的真诚祝福，也是对初心使命的殷殷嘱托。优秀毕业生党员向党组织作总结汇报，回顾自己的大学生涯，总结学习工作上的经验，针对考研、考公、就业等方面给予学弟学妹们很多建议。






孟宪勇表示，简朴而庄重的
“
政治仪式
”
，不仅让党员们共同渡过了难忘的政治生日，收获了组织的关怀和温暖，追忆了入党初心，唤醒了使命担当，也引领党员们回望政治生命的起点，进一步牢记身份、牢记使命，激发了党员同志的政治热情，增强了党员同志的光荣感、责任感和使命感。下一步，马克思主义学院党总支将常态化开展过
“
政治生日
”
活动，不断丰富活动形式内容，提升党内政治生活质量和效果，把党员教育管理工作引向深入、融入日常，进一步增强党组织的创造力、凝聚力、战斗力。







供稿︱郭荣芳 廖姝清

编发︱刘太山

",,153,https://www.suet.edu.cn/info/1026/1214.htm
我校数字财商服务专业群立项为山东省第二批高等职业教育高水平专业群建设项目, 发布时间: 2023-07-13,"
7月11日，山东省教育厅发布了《关于公布山东省第二批高等职业教育高水平专业群建设项目的通知》（鲁教职函〔2023〕26号），我校以电子商务为核心专业的数字财商服务专业群获批山东省第二批高等职业教育高水平专业群建设项目，标志着我校专业建设综合水平再上新台阶。

我校始终坚持“新工科、融合性、职业型”的办学定位，紧密对接山东省和济南市支柱产业和战略性新兴产业，大力发展新工科、新商科专业，内涵建设质量持续提升。

近年来，数字财商服务专业群建设硕果累累，其核心专业电子商务、大数据与会计专业继承了校级重点专业群“智慧运营管理与服务专业群”优质教学资源，有近20年电商人才、财务会计人才培养的丰富经验，一大批优秀毕业生活跃于省内外知名企业及现代服务业岗位。市场营销专业拥有校级智能制造产品数字化运营技术应用科技创新团队，不断培育科技研发方向，打造优势特色，构建了“双师型”科技创新团队。婴幼儿托育服务与管理专业积极开展社会服务，专业资深教师获山东省家庭教育宣讲团专家荣誉称号。动漫制作技术专业师生作品在首届上海合作组织国家技能大赛中获银奖2项、铜奖1项，在山东省动漫游戏大赛中获二等奖1项、三等奖2项，《趣创优衣》获全国大学生广告艺术大赛省级三等奖。各专业优势与特色明显，强强联合相互支撑。

2023年，学校成立了济南市数字电商与现代服务业市域产教联合体和产教融合共同体，通过整合优质资源，深化成员合作，搭建数字电商与现代服务业产业的合作交流平台，提升数字电商和现代服务业育人水平，助力区域产业高质量发展。

此次获批省级高水平专业群立项，标志着学校以电子商务为龙头的“新商科”品牌专业群建成，该专业群立足现代服务产业经济发展，围绕山东省新旧动能转换，对接山东省“十强”产业中新一代信息技术、现代金融服务和济南市十大产业发展中新一代信息技术、电子商务等重点领域，加快专业群建设升级融合，通过创新人才培养模式、优化课程体系、重构课程资源、强化师资队伍、共建实训基地、打造高水平创新平台、加强国际合作交流，健全多方评价机制，将培养更多现代服务业急需、专业能力过硬、创新能力突出的高层次、高素质技术技能人才。






作者：教务处

孙良静

编辑：宣传部

",,154,https://www.suet.edu.cn/info/1026/1206.htm
学校召开2023年度学术委员会会议, 发布时间: 2023-07-14,"
7月13日下午，学校2023年度学术委员会会议在卓越楼第一会议室召开，学术委员会全体委员出席会议。会议由学校学术委员会主任、总督学匡奕珍主持。

会议听取了学校学术委员会办公室主任、科技处处长申之炫关于学术委员会委员调整、学校2022年度纵向科研课题配套经费和科研成果奖励等情况的汇报，与会学术委员会委员对相关议题进行了逐一审议。

会议审议通过了新调整的学校学术委员会委员名单。会议决定，重点对2022年度获批的15项市厅级以上纵向课题进行经费资助，总资助金额8.5万元；对评选出的2022年度优秀科研成果进行奖励，其中高水平论文4篇、专利22项、软件著作权7项、成果获奖3项，总奖励金额29.9万元；对2023年学生申报的165项校级大学生科研项目进行立项，其中理工科类重点项目11项（每项资助研究经费5000元）、一般项目79项（每项资助研究经费3000元），人文社科类重点项目6项（每项资助研究经费4000元），一般项目69项（每项资助研究经费2000元），总资助研究经费45.4万元。


会议指出，作为全国首批本科层次职业技术大学，学校积极发挥教师在教学、科研工作中的主体作用，鼓励广大教师积极开展学术研究和科技创新，大力推动科研工作提层次、上水平。2022年度学校取得了一系列科研工作成绩，广大教师的科研工作积极性、主动性得到有效增强，对进一步提高学校的科研水平和社会服务能力起到了重要作用，也为学校建设高水平职业技术大学奠定了坚实基础。

会议强调，要高度重视大学生科研工作，坚持为党育人、为国育才，坚持因材施教、改革创新，着力增强学生的创新意识，鼓励支持广大学生参与学术研究和科技创新。要规范学术行为、严明学术纪律、维护学术道德、倡导学术诚信，坚决抵制学术不端，维护好学校的学术声誉。相关职能部门和各学院要强化对大学生科研工作的指导和帮助，广泛开展各类学术交流、科研培训、学术论坛等活动，不断提高他们的科研能力和科研水平，努力推动大学生科研工作多出成果、出好成果。

会议要求，新调整的学术委员会委员要深刻认识党的二十大将教育、科技、人才进行一体部署的重要意义，以推动科技创新和学术进步为宗旨，充分发挥学术委员会委员在学校人才培养、学科建设、科学研究、队伍建设、学术道德等方面的重要作用，着力推动学校各项事业高质量发展。要切实提高履行委员职责的素质和能力，严于律己，履职尽责，肩负起学术委员会赋予的使命，引领和带动学校科研工作者维护学术尊严、珍惜学术荣誉，努力为建设高水平职业技术大学做出应有贡献。各相关职能部门要高度重视学校科技创新工作，强化科研团队、科研平台和智库建设，进一步浓郁学校的学术氛围，力争产出更多更高质量更高水平的科研成果，不断提升学校的办学水平。







作者：
科技处


肖圣颖

编辑：宣传部

",,154,https://www.suet.edu.cn/info/1026/1205.htm
【工匠精神在身边】建工学院黄炎培职业教育创新创业大赛传捷报, 发布时间: 2022-12-04,"
近日，由省中华职业教育社、省教育厅、省人力资源和社会保障厅联合举办的第六届山东省黄炎培职业教育创新创业大赛落下帷幕。经过初赛、复赛和决赛等环节，由山东工程职业技术大学建工学院学生王浩、徐欢、温佩龙、袁俊鹏共同完成的参赛项目《高校运维通——
BIM
云智慧运维平台》获得省赛学生创新创业规划大赛（高职组）三等奖，指导教师王雪璇获“优秀指导教师”称号。






黄炎培职业教育创新创业大赛是我校认定的省级
A+
类大赛，此次为我校首次在此比赛项目获奖。






大众创业、万众创新是加快创新型国家建设的重大战略。山东省黄炎培职业教育创新创业大赛旨在积极践行黄炎培职业教育思想，大力弘扬“劳动光荣、技能宝贵、创造伟大”的时代风尚，搭建职业院校创新创业平台，不断加强创新创业教育工作，努力营造关心支持参与创新创业教育的良好环境，加快培养创新型高素质技术技能人才。






自大赛启动以来，学院参赛团队学生王浩、徐欢、温佩龙、袁俊鹏在指导教师王雪璇的带领下，精心准备、积极应战。为了打造参赛项目，参赛团队进行了大量的调研，多方查阅资料，几经修改完善《高校运维通——
BIM
云智慧运维平台项目策划书》文稿撰写，大胆探索，勇于创新，
以矢志
奋斗的最美姿态、精雕细琢的工匠精神
刷新了我校“双创”赛场上新的记录，为职业教育高质量发展和新时代社会主义现代化强省建设贡献力量。








撰稿︱王雪璇


编校︱刘太山


",,139,https://www.suet.edu.cn/info/1026/1361.htm
【工匠精神在身边】扬工匠精神 展青春风采 喜看莘莘学子赛场绽芳华, 发布时间: 2022-12-07,"
为深入贯彻落实省委、省政府关于加快新旧动能转换重大工程战略部署，持续推进数字山东建设，日前，建筑工程学院学子参加了由省工业和信息化厅、省总工会、共青团山东省委、省教育厅、省人力资源和社会保障厅、省大数据局主办的山东省“技能兴鲁”职业技能大赛——第五届山东新一代信息技术创新应用大赛建筑信息模型（
BIM
）应用赛项。学院工程造价本科专业组成了三个参赛团队，技能比拼，不负众望，勇创佳绩，分别获得了一等奖
2
项、三等奖
1
项的优异成绩。









此次竞赛紧密结合建设项目各阶段
BIM
实施应用，采用鲁班
BIM
系统平台，围绕
BIM
建模算量、施工现场管理和综合应用等进行考核，主要考察选手的
BIM
技术基础知识和实践动手能力。备赛过程中，在学校领导、指导老师的大力支持和帮助下，参赛师生排除困难，沉着冷静，积极应对，结合理论知识熟练完成土建钢筋的计量、施工场地布置检查和施工进度管控等实践操作，展现出了扎实过硬的技术素养和良好专注的专业精神。赛场上顽强搏击，载誉而归；实训中，矢志不渝，强化基础，生动呈现出的是我校学子坚持不懈、练就过硬本领，在历次创新能力培养及专业技能大赛中再创新辉煌的豪迈与担当！





奋斗是青春最亮丽的底色，行动是青年最有效的磨砺。多年以来，众多学子不畏艰难、敢于创新，在历届规模赛事中挥洒汗水，用技能点亮人生，以匠心铸就梦想，用行动书写新时代工匠精神，以青春无悔的闪光足迹，谱写职教出彩新篇章。










供稿︱建筑工程学院 王 红 鲁绍宁

编校︱刘太山

",,139,https://www.suet.edu.cn/info/1026/1360.htm
【激扬青春赛场 技能点亮人生】学校承办2022年山东省“技能兴鲁”职业技能大赛佳绩频传, 发布时间: 2022-12-23,"
2022
年山东省“技能兴鲁”职业技能大赛——“北汽杯”新能源汽车营销技能竞赛于
12
月
20
日至
21
日在山东工程职业技术大学以线上形式举行。




大赛由山东省人力资源和社会保障厅指导，山东省技能人才开发协会主办，山东工程职业技术大学交通学院承办，北京汽车蓝谷营销服务有限公司、天津市岳华科技有限公司、山东翰霖信息技术有限公司协办，北京运华科技发展有限公司、山东鲲鹏教育科技有限公司提供技术支持。该赛事旨在深入贯彻落实习近平总书记关于新时代技能人才工作的重要指示批示精神，大力弘扬劳模精神、劳动精神、工匠精神，积极营造“劳动光荣、技能宝贵、创造伟大”的社会风尚，加快培养和选拔高技能人才，服务山东省新旧动能转换重大工程，推动汽车领域高素质、高技能新能源汽车营销人才队伍建设，以赛促教，以赛促学，为建设新能源汽车强省营造良好氛围。






裁判代表宣誓






参赛选手代表宣誓






裁判长宣布开幕




大赛分为职工组和学生组，均为个人赛。大赛收到
42
所单位
60
位职工、
88
位学生报名，通过层层选拔，最终
48
位职工、
75
位学生挺进决赛。







二次加密抽取考试号




职工组
参赛选手为山东省汽车生产销售、维修、售后服务等从业人员及各级各类院校相关专业教师，竞赛内容分为新能源基础理论知识测评、汽车销售业务流程操作和汽车展厅销售问答（含风采展示）等三个子赛项。







职工组汽车展厅销售问答（含风采展示）赛项比赛现场




学生组
参赛选手为山东省职业本科、高职、中职等各级各类职业院校（含技工院校）全日制在籍学生，竞赛内容分为新能源基础理论知识测评竞赛、
H5
制作操作和汽车维修接待问答等三个子赛项。







学生组
汽车维修接待问答
赛项比赛现场




职工组和学生组分别设一、二、三等奖，由竞赛组委会颁发获奖证书和奖品。获得竞赛一、二、三等奖选手的指导教师，由竞赛组委会授予“优秀指导教师”称号。职工组第一名选手，可经竞赛组委会向省人力资源和社会保障厅推荐申报“山东省技术能手”称号，经核准后颁发证书并给予奖励。




来自山东工程职业技术大学、济南职业学院、山东理工职业学院、淄博市技师学院、济南理工学校的
5
位选手获职工组一等奖；来自山东工程职业技术大学（两位选手）、济南理工学校、青岛第十四中学、山东水利技师学院、威海市职业中等专业学校、山东理工职业学院、山东水利技师学院的
8
位选手获得学生组一等奖。




此次大赛是在新业态背景下将新思维、新技术融入汽车营销技能的一次大胆尝试，对汽车行业转型升级后的思维创新，推进教育教学改革意义重大。
学校承办此次大赛，不仅提高了新能源汽车专业建设水平，更加深了与院校之间、行业企业之间交流合作，
有效提升了学校聚合力和影响力。











撰稿︱李

慧

编发︱刘太山


",,139,https://www.suet.edu.cn/info/1026/1357.htm
【本网快评】在迎新与刷新中奋然前行, 发布时间: 2022-09-05,"
金秋时节，阳光正好，美丽的山东工程职业技术大学园内草木葱茏，生机盎然。



怀揣新梦想，开启新征程，
8
月
29
日，
9
月
3
日、
4
日是我校北校区（商河）、主校区（章丘）新生入学报到日，来自全国各地的
2022
级新同学意气风发，走进山东工程“大家庭”，为美丽校园注入新的生机与活力。




激扬青春，绽放梦想。迎宾大道上，彩旗猎猎，“山东工程欢迎你”的旗帜迎风飘扬；图书馆楼前，彩虹门矗立，“热烈欢迎
2022
级新同学”“热烈欢迎新同学加入山东工程大家庭”的标语炫彩夺目；诚基楼墙侧，“志存高远 追求卓越 为建设特色鲜明的高水平职业技术大学奋勇拼搏”“锐意进取 砥砺前行 为推动新时代职业教育高质量发展作出新贡献”的横幅熠熠生辉……
随处可见的迎新横幅、往返不停的接驳大巴、奔跑忙碌的“青春蓝”“工程红”志愿者、翘首以待的学院师生、创意满满的迎新标识，辉映着新生青春洋溢的张张笑脸，迎接着从故乡站始发开往前程似锦站的八方学子。




①
关怀，超越季节





针对近期疫情防控形势，学校在迎新工作中采取了严格的防疫措施，从“两站一场”专车接站，到测温验码验证入校，再到校园各处的防疫提示，全力筑牢校园疫情防线，守护师生健康安全。立足服务，守护安全。学校制定了周密细致的迎新工作方案，成立迎新工作组，召开专题部署会，明确任务，责任到人，确保服务措施更贴心、报到流程更便捷、入学氛围更温馨，全力做好迎新工作。校园内随处可见由教师和学生组成的志愿者团队，为新生提供路线指引、搬运行李、解困答疑等志愿服务。学校在火车站、汽车站设立迎新接待点，流动班车直通校园。学校官网、微信公众号平台及时发布新生报到流程、报到须知，线上线下全程为新生提供咨询，实时“心”服务，满满“家”感觉。

























迎新期间，学校举办者、三庆实业集团董事长吴立春，校长吴梦军、党委书记孔祥云、名誉校长胡小林、总督学匡奕珍等领导深入迎新现场，走访新生接待点，详细了解新生报到情况，慰问奋战在迎新一线的师生员工，走进公寓楼与新生面对面交谈，对因疫情防控暂时隔离的新生送上关怀与温暖。殷切希望同学们以校为家，树立远大理想，练就过硬本领，技能成才，职教报国，要求全体迎新人员热情细致、周到服务，全力做好各项保障工作，让学生满意、家长放心。




吴立春表示，三庆集团将持续加大对学校支持力度，为学校职业本科建设提供坚强保障。




关怀，越过季节，暖上心头，点燃起学子们鹏程万里、职教闪亮的青春火焰。



②
你好，青春





一路乘风破浪，小萌新们与美好如期相遇。满怀着憧憬，渴望着辉煌，从祖国四面八方走来，相聚于美丽如许的大学校园，放飞青春与梦想。





跨越山海，逐梦而来。
带着青春的朝气奔赴而来，
2022
级萌新们，与你初见，
一切
焕然新生。直击新生报到现场，煦暖的阳光洒满校园，洒落在学子背包的肩头、盛满梦想的行李箱。卓越楼图书馆前，排队等候入场的新生，露出灿烂的笑容，兴奋着、期待着。各学院精心布置的迎新接待站，主打院系元素，带来创意无限。
图书馆新生打卡处，
新生们纷纷驻足定格，记录下这珍贵美好的瞬间，总是抑制不住内心的激动与喜悦，“希望自己在这丰富多彩的校园生活中，不负韶华，青春逐梦，拥有属于自己的浩瀚星空”。




















无奋斗，不青春。无论时代如何发展变化，奋斗永远是开启梦想、实现目标的金钥匙。无论是在美丽如画的校园打卡，还是在宽敞明亮的课堂听讲，好好努力，用奋斗成就梦想，在时代的考场书写青春答卷，做躬耕职业教育的践行者，是当下入学新生照的见的未来。那就从现在开始，从踏入校园的第一步开始，勇敢追梦、阔步前行吧！



③
请让我来帮助你





哪里有新生，他们的身影就在哪里停留；哪里有需要，他们的汗水就在哪里流淌；哪里有召唤，他们的热情就在哪里倾洒；哪里有困难，他们的精神就在哪里焕发。他们身着服装不同，但却有一个共同的名字：山东工程志愿者。南北校门两侧、迎宾大道中央，从出站口到校门口、从报到点到宿舍口，遍布于校内外的
500
余名志愿服务者，穿梭在校园每个角落，领新生心爱入门，带学弟学妹回“家”，每每烘托着温暖而热烈的迎新氛围。

























细节是会说话的，细节是记录进程的，细节是能够被感染的。所有志愿者优良的服务细节，无疑为今年的新生入学编织、铸造起了成长新起点、筑梦新征程的信心经纬和精神高地。




④
在迎新，再刷新




在新生报到处，数字财金学院副院长赵争手中的两张卡十分引人注目，“这两张都是学校、学院网格服务卡，你看这上面印着我们学校、学院热线电话，还有负责人的姓名，一个学生干部负责
6
名学生，一对一，点对点，心贴心，新生一个电话，我们就会全力以赴把优良服务送到他们身边。一卡在手，全程无忧。今年也是我从事迎新工作的第
12
个年头，每年也在迎来新希望、输出新力量中增长自身才干，和广大师生一起不断焕发着学院教育教学开拓进取的新模样、新气象。”






校长吴梦军
:
“每年的这个时候，我都会和新生们在一起，从他们身上我看到了国家的栋梁所在，民族振兴的希望所在。选择职业教育，为中华民族伟大复兴的中国梦贡献职教力量，让越来越多的职教学子通过这一赛道实现人生出彩，山东工程为你圆梦筑梦。希望广大
2022
级新生珍惜时光，勤学苦练，德技并修，成就精彩人生。”

























一年一度的新生入学，是迎新，更是刷新。刷新成绩，刷新精神风貌，刷新作风建设，刷新亮丽形象。




2022
级新生们，你和我，和这个伟大时代之间的故事才刚刚开始。展现新形象、奋发新作为、刷新新高度、开创新局面，作为山东工程的一员，让我们“志存高远

追求卓越”，努力交出一份自己满意的“入校答卷”，在波澜壮阔的时代征程上，镌刻下职教学子的坚实足印，书写属于自己也属于这个时代的精彩篇章，在职业教育的广阔天地中奋力前行，聚力刷新时代赋予我们的历史答卷吧！











现场采写
︱
刘太山


场景跟拍
︱
张含笑

喻海金

田君强

王羽西

李忠禹

孙昊楠

杨晓微

陈艳慧等


统筹编校
︱
刘太山


特别鸣谢
︱
疫情防护医务工作者，维护交通秩序民警、老师，各部门、单位志愿者，各二院迎新接待师生，后勤服务保障人员及新生家长








2022
年
9
月
4
日




",,134,https://www.suet.edu.cn/info/1026/1413.htm
奋楫新征程 扬帆再起航 | 我校圆满完成2022年度新聘教职工岗前培训, 发布时间: 2022-08-29,"
<!--  /* Font Definitions */  @font-face {font-family:宋体; panose-1:2 1 6 0 3 1 1 1 1 1;} @font-face {font-family:""Cambria Math""; panose-1:2 4 5 3 5 4 6 3 2 4;} @font-face {font-family:Calibri; panose-1:2 15 5 2 2 2 4 3 2 4;} @font-face {font-family:""\@宋体""; panose-1:2 1 6 0 3 1 1 1 1 1;}  /* Style Definitions */  p.MsoNormal, li.MsoNormal, div.MsoNormal {margin:0cm; margin-bottom:.0001pt; text-align:justify; text-justify:inter-ideograph; font-size:10.5pt; font-family:""Calibri"",""sans-serif"";} p.MsoHeader, li.MsoHeader, div.MsoHeader {mso-style-link:""页眉 Char""; margin:0cm; margin-bottom:.0001pt; text-align:center; vsb_temp-mode:char; border:none; padding:0cm; font-size:9.0pt; font-family:""Calibri"",""sans-serif"";} p.MsoFooter, li.MsoFooter, div.MsoFooter {mso-style-link:""页脚 Char""; margin:0cm; margin-bottom:.0001pt; vsb_temp-mode:char; font-size:9.0pt; font-family:""Calibri"",""sans-serif"";} p.MsoAcetate, li.MsoAcetate, div.MsoAcetate {mso-style-link:""批注框文本 Char""; margin:0cm; margin-bottom:.0001pt; text-align:justify; text-justify:inter-ideograph; font-size:9.0pt; font-family:""Calibri"",""sans-serif"";} span.Char {mso-style-name:""页眉 Char""; mso-style-link:页眉;} span.Char0 {mso-style-name:""页脚 Char""; mso-style-link:页脚;} span.Char1 {mso-style-name:""批注框文本 Char""; mso-style-link:批注框文本;}  /* Page Definitions */  @page Section1 {size:595.3pt 841.9pt; margin:72.0pt 90.0pt 72.0pt 90.0pt; vsb_temp:15.6pt;} div.Section1 {page:Section1;} -->




生逢盛世，肩负重任；不负时代，不负韶华。

激情燃烧的八月，山东工程迎来了一批新的“生力军”，有朝气蓬勃的青年教师，也有资历深厚的专家学者，还有来自行业企业的行家里手。他们的加入为学校发展注入了新鲜血液，带来新的生机与活力。

为
帮助新聘教职工快速融入学校环境，树立正确的教育思想与理念，提高职业道德素养与教学能力，学校近期举办了
2022
年度新聘教职工培训班，
140
余名新聘人员参加了本次培训。

学校党委书记孔祥云、校长吴梦军出席主校区开班仪式，总督学匡奕珍主持仪式。吴梦军对新员工的加入表示热烈祝贺，从学校历史沿革、师资力量、专业建设、实践教学、科研成果、育人成果等方面介绍了学校情况，并提出殷切期望，要求新以岗前培训为新起点，秉持热爱，以主人翁的姿态和担当意识，积极投入到教育教学工作中，为学校事业发展建功立业，为国家和社会培养更多高层次技术技能人才，为建设特色鲜明的高水平职业技术大学作贡献。

















副校长王守光，党委副书记、副校长李梅松出席北校区开班仪式。王守光表达了对新员工的欢迎，讲述了三庆实业集团吴立春董事长实业报国、公益办学的感人故事，希望新教师饮水思源、懂得感恩，牢记为党育人、为国育才的初心使命，坚持立德树人根本任务，尽快熟悉学校文化、人文环境，快速融入到山东工程大家庭中来，为学校事业发展贡献力量。















老教师代表韩晓敏、付姗姗和新入职教师代表庞文玉、崔晓燕作了表态发言。















开班仪式上，全体新聘教师进行了庄严的入职宣誓。



























此次培训邀请了名誉校长胡小林，党委副书记、副校长李梅松，北校区管委会主任刘爱林分别作了《新时代教师职责与职业素养》《校史校情以及职业本科探索》《如何做一名合格的教育工作者》专题报告。











胡小林结合国家要求、社会期待、工作体会等方面，剖析了大学教师的职业内涵和定位，从深刻的思维能力、坚实的学术功底和出色的教学艺术等方面阐述了大学教师应具备的基本素质；从爱国爱党红心、远大理想情怀以及良好道德素养等方面阐述了大学教师应具备的职业素养，使大家深刻感受到大学教师使命的庄严和崇高，为从事教育教学打下良好的思想基础。















李梅松从建设者、亲历者的视角，对学校基本情况、发展历程、办学成就及职业本科探索进行了介绍，使大家了解了校史校情和职教本科的探索路径，更加坚定从事职教教学的信心和决心，自觉将个人奋斗融入到学校壮阔发展中。







刘爱林结合自身经历，从热爱岗位、热爱学校、热爱学生、加强师德师风、构建知识体系和提升业务能力、具备教学艺术等方面，就如何做一名合格的教育工作者进行了深刻阐述，使新老师们更加明确努力方向。

培训中，借助国家智慧教育平台“
2022
年暑期教师研修”模块，进行了《中华人民共和国职业教育法》《时代楷模：黄大年先进事迹》《习近平关于教育的重要论述》《新时代教师职业行为十大准则》等学习。人事处、科技处、财务处、资产处分别对学校人事管理、教育教学、科研、财务制度以及多媒体教学进行了讲解，教务处朱宏雁副处长主持，对专任教师进行了教学研究、教学设计及经验分享等培训，学生处杨立超副处长主持，对新辅导员进行了能力素养、职业成长与提升、宿舍管理、心理问题识别与干预、资助政策解读、团学实务、安全教育、军训实务、案例及经验分享等业务培训。


































“专题报告、观摩学习、经验分享、线上线下学习”。本次岗前培训内容丰富、形式多样、系统科学，针对性和实效性较强，新教师们反响热烈，纷纷表示要尽快适应新环境、新岗位，全身心投入教育教学工作中，在山东工程这片追逐梦想的沃土上，播种新希望、开创新未来，为建设特色鲜明的高水平职业技术大学贡献自己的光和热。















供稿
︱人事处

图片︱含笑 太山

编校︱刘太山

",,133,https://www.suet.edu.cn/info/1026/1417.htm
校企合作 互惠共赢 | 我校智能制造学院与山东拓展智能装备制造有限公司举行校企合作签约仪式, 发布时间: 2022-08-11,"
8月9日，我校智能制造学院与山东拓展智能装备制造有限公司在学校第一会议室举行校企合作签约仪式。出席签约仪式的有副校长王守光，合作开发与产业处处长王振磊，智能制造学院院长宁玲玲、副院长王建强、工程训练中心主任郑健，山东拓展智能装备制造有限公司董事长王维国、总经理田湘泉等。会议由王振磊主持。

首先，副校长王守光致欢迎辞，对来访的企业领导表示欢迎。他指出，学校和企业的发展不能独善其身，必须谋求共赢，校企双向介入、优势互补、资源共享，通过校企双方共同努力，把合作推向新的高度，实现互利共赢的目标，共同谱写产教融合的新篇章，完成好协同育人的光荣使命！

山东拓展智能装备制造有限公司董事长王维国表示希望以本次签约仪式为契机，进一步深化校企合作，打造更加紧密的校企合作模式，尤其是在产学研合作、学生创新创业、社会服务、教学资源开发等方面，双方发挥各自优势，共同构建产学研联盟创新体系，建立产学研长期合作关系，推进全面技术合作，专业、产业相互促进，努力实现
“校企合作、产学共赢”。

智能制造学院院长宁玲玲代表学院与山东拓展智能制造有限公司签署校企合作协议，为企业颁授校外实践基地匾牌。

宁玲玲介绍了智能制造学院发展状况，分析了人才培养目前面临的问题，提出智能制造工程技术专业布局调整、紧缺人才培训、推进产教融合、校企合作等对策建议。她表示会根据企业提出的高新技术项目需求和企业技术难题，积极组织力量进行研究开发、成果转化和技术攻关，支持企业技术创新，为企业解决产业发展的关键技术、共性技术以及企业的具体技术工艺等问题。希望通过本次合作探索了一条
“互惠互利，合作共赢”的校企合作新思路，形成了“专业共建、人才共育、资源共享、优势互补”的人才培养模式，在人才培养质量、教学科研、招生就业、师资队伍、社会服务、品牌特色等方面产生明显成效。

本次签约标志着我校与山东拓展智能装备制造有限公司进入深度合作的阶段，未来将在产、学、研等各方面共同创新发展。企校双方均表示
“智能制造”已成为我国制造业转型升级的新方向、新趋势，结合“中国制造2025”发展纲要，围绕我校“工程性、融合型、职业化”的办学定位，努力培养高层次技术技能人才。


















作者丨智能制造学院

编审丨张元


",,132,https://www.suet.edu.cn/info/1026/1433.htm
智能制造学院走访相公庄商会企业进行调研, 发布时间: 2022-08-10,"
为
推进
我校
与章丘区企业深入交流，深化政、校、企合作，精准获取企业需求，加强我院
学生实习
就业工作，
8月9日，智能制造学院院长宁玲玲
、
教学副院长王建强、实训科科长郑健等一行，在章丘大学园区管理服务中心副主任
高震
等人的陪同下，对章丘区相公庄商会各企业进行走访调研。

据了解，为促进县域经济向城市经济跨越发展，相公庄商会于
2
021
年
成立，商会的成立是相公庄街道民营经济高质量发展的良好开端，本次走访企业是商会中的重要成员企业，
包括
山东三牛机械
集团股份
有限公司、济南章力机械有限公司、山东一然环保科技有限公司
、
山东明天机械集团股份有限公司
。

在座谈会中，学校一行受到商会和各企业领导的热情接待，相公庄商会会长、三牛机械董事长牛余会介绍了商会和三牛机械的发展现状，并着重强调了地方经济发展对人才的迫切需求；章力机械董事长韩纪光就校企合作模式以及如何促进学生更好的将专业知识应用到实际工作中展开讨论；
一然环保副总经理徐海健提出校招会和科研项目合作
中遇到的问题
；明天
机械人力资源部部长秦红艳提出将校内相关专业实训搬进企业，达到专业与产业
的
有机融合。
随后，
智能制造学院院长宁玲玲介绍了学校
的
发展现状，并对智能制造学院专业做了详细的讲解，
然后
针对企业提出的诉求，宁玲玲认为校企合作需扩展新模式，企业可以给与毕业生一个缓冲期，来适应工作节奏和强度。

随后，在各位领导的带领下，实地参观了山东三牛机械
集团股份
有限公司
的生产车间
和主要项目，三牛机械董事长牛余会介绍了各个工作模块和加工场景，以及主营产品，如
三牛风机、罗茨风机、罗茨鼓风机、罗茨真空泵等
。山东三牛机械
集团股份
有限公司
是一家有十余年设计、制造经验的集研发、设计、制造、经营于一体
的
罗茨鼓风机专业厂家
，
公司全部三期建设累计投资一亿五千万余元，四期建设预计投资一亿元人民币
。

在一然环保副总经理徐海健的带领下参观了山东一然环保科技有限公司
的
加工车间，徐海健介绍了主营产品天然气锻造加热炉、蓄热式台车炉、热处理炉等各类节能工业炉的生产情况。山东一然环保科技有限公司成立于
2007年，是一家集工业炉科技研发、生产制造、指导服务、商品贸易为一体的大型制造企业。

在明天机械
董事长
牛俊卜的带领下参观了
山东明天机械集团股份有限公司
的各生产车间，牛俊卜对各生产设备
、
产品研发和模块测试进行了介绍。
山东明天机械集团股份有限公司拥有先进的数控加工中心和检测设备，公司生产的
“
山鼓
”
牌系列三叶罗茨鼓风机被评为中国环保机械行业协会重点推介产品，注册商标
“
山鼓
”
荣获济南市著名商标。

最后，走访了济南章力机械有限公司，董事长韩纪光带领学校一行参观了企业
的
主要生产加工产品
，并介绍了企业的生产经营模式
。
济南章力机械有限公司始建于
2010年，是一家专门从事博斯曼品牌数控自动化设备、研发、生产、销售的综合性企业
，也是国家高新技术产业，高速数控钻行业的领航者
。

此次
商会
企业
走访调研
，
不仅对目前地方企业对人才需求有了一个深入的了解，还
增进了学校与企业之间的了解
。智能制造学院
也将开拓思路，深入探索校企共同发展的长效机制，结合企业和市场的需求创新人才培养模式，不断提高职业教育服务企业、服务地方经济的能力。


















作者丨夏玲月

编审丨张元


",,131,https://www.suet.edu.cn/info/1026/1435.htm
我校交通学院学子在第十七届全国大学生智能汽车竞赛上勇获佳绩, 发布时间: 2022-08-11,"
8
月
9
日，第十
七
届
全国大学生智能汽车竞赛
——
山东赛区
获奖名单公布，
交通学院在此次比赛中
获
山东省一
等奖
1
项
，
山东省二
等奖
1
项。

全国大学生智能汽车竞赛自
2006年开始，由教育部高等教育司委托高等学校自动化类教学指导委员会举办，是教育部倡导的大学生科技A类竞赛，在中国高等教育学会评价体系中是含金量最高的大学生竞赛之一。

“第十七届全国大学生智能汽车竞赛”
——
山东省赛区（专科组）共有
127支队伍参加，交通学院精心组织
，
派出
2支队伍参加比赛，“天韵队”获得一等奖，“森焱队”获得二等奖。其中“天韵队”被山东省组委会推荐参加全国总决赛。







作者丨窦孝娜

",,132,https://www.suet.edu.cn/info/1026/1432.htm
我校召开2022年第一次教材工作委员会会议, 发布时间: 2022-07-14,"
7
月
13
日上午，我校在卓越楼第二会议室召开了
2022
年第一次教材工作委员会会议。学校名誉校长胡小林，总督学匡奕珍及教学工作委员会成员参加会议。会议由总督学匡奕珍主持。








督学张玉惕宣读了《山东工程职业技术大学关于调整教材工作委员会成员的通知》。教务处副处长朱宏雁向参会人员汇报了《山东工程职业技术大学
2022
年秋季教材选用情况》，重点对
2022
年各学历层次秋季教材选用情况进行了说明。





总督学匡奕珍就教材工作作强调：
一是
优先选用国家规划教材、省级规划教材，确保选用高质量教材；
二是
进一步规范教材选用程序，严格落实工作责任制，确保选用教材的科学性、合理性和先进性；
三是
鼓励教师编写新型活页式、工作手册式教材，不断深化教学改革。

本次教材工作委员会会议的顺利召开，进一步规范了我校教材选用管理工作，有效提升了教材管理科学化、规范化水平，为学校加强教材管理工作奠定了良好基础。









供稿︱教务处 刘亚男

图片︱张含笑

编辑︱刘太山




",,129,https://www.suet.edu.cn/info/1026/1462.htm
职业筑梦 秉志前行, 发布时间: 2022-06-17,"
“职业筑梦新舞台。怀揣着励志成才、报效国家的愿望，我走进了山东工程职业技术大学的校门，从理论到实训，从课堂到工厂，我们都有技能名师指导，在校企一体的实训车间中学得一身真本领。在这里，我触摸到了现代职业教育生生不息的脉搏，倾听到了梦想开花的声音，秉志前行，在职业体验中筑梦未来。”

2020
级机电班许洋一边用卡尺精确检测着产品，边叙说着心声。

“心中有梦，才能明确目标，一步一个脚印持之以恒来坚持；心中有梦，才能生发强动力，激发调动主观能动性；心中有梦，才能追求卓越，向着理想和高远的境界进发。”

山东省青年技能名师、泉城首席技师、山东工程职业技术大学智能制造工程训练中心主任郑健，正在五轴联动加工中心操控台上精心指导着，顺手抹了下额头的汗珠，如数家珍般说到，“职业教育的梦在于对本质和规律的坚守。学校打造“新工科、融合性、职业型”特色办学思路，以特色促发展。社会需要什么类型的人才，我们就培养什么类型的人才，这就要求我们必须以市场需求为导向，采取“校企联合办学”“订单式培养”模式，学校依托企业办学，企业依托学校成长，坚持产教融合、校企合作一体式的发展模式，不仅提高了学生对产业和专业的认识，更促进了学校教学内容和教学方式的变革。”





对刀及工艺分析。



深度校企合作是职业教育类型发展最鲜明的底色。新《职业教育法》明确提出要深化产教融合、校企合作。深化产教融合，就是要拆掉职业教育和市场之间的“隔墙”。学校、企业要成为一体，共同投入、共同制定人才方案、共同进行人才培养，达到共建共赢。作为全国首批职教本科试点院校之一，山东工程职业技术大学严格按照职业教育的办学规律和人才培养目标，长期定位于类型教育，定位于以工科为主，大力提升学生“文化素质
+
职业技能”综合能力，以社会需求为导向，加快推进职业教育改革。积极探索院系融合、学科融合、专业融合的职业教育特色发展之路，同
300
多家企业单位建立了稳固的校企合作关系，累计向社会输送了
10
万余名高素质技术技能人才，为经济社会发展贡献“职教力量”。





产品检测。



矢志追梦，思想是图样，行动是建筑，良好的敬业精神、踏实的作风和高超的技能，一直助力我们在职业教育的阵线上行稳致远，向着高质量发展进军。截至
2021
年底，我国技能劳动者总量超过
2
亿人，其中，高技能人才超过
6000
万人。近期，人社部发文，补设学徒工，增设首席技师、特技技师，形成“新八级工”职业技能等级序列，并建立与等级序列相匹配的岗位绩效工资制，打破成长“天花板”，提高技能“含金量”，进一步畅通技能人才成长通道，提高技能人才社会地位，为技能人才的职业发展打开了更广阔的空间，以更好地体现技能劳动和技能创造的价值。

有向上的职业梦想可以追求，有更高的进步阶梯可以攀登，有无限的美好未来可以实现。山东工程职业技术大学，一个梦开始的地方……








图文采编
|
刘太山


",,128,https://www.suet.edu.cn/info/1026/1473.htm
我校学子在“外教社·词达人杯”全国大学生英语词汇能力大赛中再创佳绩, 发布时间: 2022-05-30,"
5
月
21
日，我校
3
8
名学生代表我校参加省赛，最终我校人工智能学院的张文豪、闫昌文、建筑工程学院的胡雪菲以及财金学院的吕颖
，
分别斩获省级一等奖、二等奖、三等奖
.

本次赛事
实现了我校在
该
赛事上的又一突破。其中，张文豪同学成功晋级国赛，并于
5月2
8
日代表我校与来自全国各省、自治区、直辖市的特等奖和一等奖选手展开了巅峰对决，最终取得优异成绩。

本届
大赛
，我校基础教学部
组织报名、模拟演练
，历经
校级初赛、省级比赛
直至
国赛，历时近
2个月，规模宏大。大赛的成功举办，离不开基础部领导的关心和指导，也离不开外语教研室各位老师的宣传和配合，更离不开同学们的积极参与。在本次比赛中，同学们赛出了成绩、展示了风采，为我校赢得了荣誉，此次比赛在我校也掀起了一股英语词汇学习的热潮，这为我校后续开展词汇教学和传播中华优秀文化带来了极大的动力。

作者
：
基础教学部

刘振凤

编辑：翟小溪



",,127,https://www.suet.edu.cn/info/1026/1483.htm
山东交通学院李景芝教授应邀为我校作毕业设计（论文） 指导培训, 发布时间: 2022-05-09,"
5
月
8
日下午，学校特邀山东交通学院的李景芝教授来我校进行讲座，讲座采用腾讯会议形式。副校长李章泉、学校督学兼教务处处长张玉惕、各学院执行院长、教学副院长、教学科长、实践科长、专业课教师、教务处全体人员、质量管理处相关人员等近
200
人参加了此次会议。会议由张玉惕主持。

李景芝教授以《毕业设计内涵与组织实施》为题，用两个半小时的时间，从毕业设计（论文）与综合训练评估指标合格标准解读开始，详细讲述了制度及执行、教师与指导、选题及任务、开题与报告、中期及检查、论文与质量、答辩及成绩和归档之材料等八个方面的内容。作为本科教学工作评估专家和工程教育认证骨干专家，李景芝教授结合多年评估工作经历和具体案例，针对毕业设计（论文）工作中可能存在的问题进行了详细解读。

张玉惕在总结中指出，李景芝教授的讲座丰富全面，讲解幽默生动，给予我校教师指导毕业论文（设计）工作很大的启发。希望全校教师以此次指导为契机，深入学习，学以致用，进一步规范指导毕业设计（论文）工作，切实提升毕业设计（论文）质量，稳步推进本科教学合格评估工作。





作者：教务处 孙文惠              编辑：翟小溪

",,126,https://www.suet.edu.cn/info/1026/1493.htm
山东工程职业技术大学被评为2021年度1+X电子商务数据分析职业技能等级证书考试优秀试点院校, 发布时间: 2022-04-26,"
2022年4月20日，在北京博导前程信息技术股份有限公司主办的2021年度1+X电子商务数据分析、农产品电商运营职业技能等级证书试点工作表彰会上，山东工程职业技术大学被评为优秀试点院校，商学院宁山聪老师被评为优秀指导教师。







在全球数字经济蓬勃发展的时代背景下，数据与其它要素不断产生迭代、加速交叉融合，引发生产要素多领域、多维度、系统性、革命性群体突破，成为数字经济全新的发展要素，也对人才的数字化技能素质提出了更高的要求。培养数字化人才，成为经济社会发展的必然要求。基于此，1+x电子商务数据分析作为一门新兴的、以职业技能标准开发的课程，日渐融入到电子商务专业的建设中。这表现在：

融入人才培养方案
。将电子商务数据分析所需要的技能点进行标准颗粒化模块分析，将其所需要的技能分解到统计学基础、办公软件应用、市场调查方法与技术、会计基础，通过学习统计学，掌握数据收集过程中所需要的基础数学知识，为后期学习电子商务数据分析课程奠定良好的基础，最终回归于服务网店运营推广，让学生成为高端的、可以进行数据化分析的运营人才。

师资队伍建设
。教师进行1+x证书考试，进行初、中、高级阶梯型的提升，电子商务专业教师基本全覆盖，师资队伍建设积极适应1+x职业技能要求。

教学资源
。博导前程提供了线上教学资源，课程内容根据不同技能进行颗粒化，并且创建了不同技能对应的项目练习。学生可以通过线上课前预习，完成项目化作业中的任务。在完成项目化模块化教学任务中，学生掌握效果明显，提升专业课程培育效果。





作者：宁山聪

编辑：翟小溪


",,125,https://www.suet.edu.cn/info/1026/1503.htm
我校召开专业资源库建设项目专题讲座, 发布时间: 2022-04-08,"
4
月
7
日下午，我校召开了专业资源库建设项目专题讲座，本次会议采用腾讯会议方式进行。特邀校外专家库波教授主讲。副校长李章泉、教务处处长兼督学张玉惕，评估督导处、各二级学院执行院长、教学副院长（副主任）、各专业（群）资源库负责人及各课程建设负责人等
60
余人参加了此次会议。本次会议由教务处副处长毕丽萍主持。

库波教授从职业教育教学资源库的现状、建设、应用、验收等四个方面进行了讲解。资源库项目是在
“
国家示范性高等职业院校建设计划
”“
国家中等职业教育改革发展示范校建设计划
”
后设立的又一项深化职业教育综合改革的重大项目。库教授特别提到专业资源库建设要遵循“一体化设计、结构化课程、颗粒化资源”的建构逻辑。“一体化设计”是前提
;
“结构化课程”是重点；“颗粒化资源”是基础。课程资源建设时要注意“知识技能树”的逻辑构建，梳理“专业”的课程清单，拆分若干模块并细化为最小知识点或技能点等。

讲座最后，张玉惕作总结。他讲到，库波教授的讲座内容，指明了当前教学资源库建设的重要性，明确了我校资源库建设的思路和步骤。他要求各专业资源库负责人会后根据本次讲座内容，结合实际做好长期建设规划，根据我校办学定位建设具有山东工程特色的教学资源库。

作者：教务处   段倩    编辑：翟小溪

",,124,https://www.suet.edu.cn/info/1026/1512.htm
家校携手，同心战“疫”——致山东工程学子家长的一封信, 发布时间: 2022-03-14,"
亲爱的家长朋友们：

大家好！

近期，国内疫情多点散发，防控形势严峻复杂。为有效控制疫情传播风险，学校实施了严格的防控措施，在此呼吁家长们的配合与支持，共同为孩子们的平安健康保驾护航。

1.请各位家长落实当地和学校的疫情防控要求，增强疫情防范意识，注意个人防护，减少非必要的外出，避免参加聚集性活动，及时完成新冠疫苗接种。

2.请您注重与学校的沟通配合，对于学校推送的摸排要求以及学生的健康状况，务必及时反馈，要提醒学生务必做到“非必要不离校”。

3.请您提醒学生，积极配合学校完成相关疫情信息的流调摸排，及时正确填写相关信息，积极参与全员核酸检测和核酸抽测。

4.请您叮嘱学生要科学防疫，按学校疫情防控程序做好相关安排。做好个人防护，养成科学规范佩戴口罩，勤洗手、常通风、少聚集、一米线等良好生活习惯。

5.请您关注学生的身体健康状况，提醒学生按照学校要求，做好健康监测，出现发热、干咳、乏力、咽痛、嗅（味）觉减退、腹泻等健康异常状况，第一时间向辅导员报告，同时坚持积极健身，健康饮食，提高自身免疫力。

6.请您加强与学生的交流沟通，及时了解学生的思想动态，引导学生理性对待疫情，不造谣、不信谣、不传谣，积极传播正能量，有效调整心理情绪，保持乐观平和的心态。

家长朋友们：学生在校一切安好，请放心！

我们坚信，阴霾终将散去，阳光依旧温暖，让我们携手并肩，共同抗疫，赢得最后的胜利！





山东工程职业技术大学



新冠肺炎疫情防控领导小组办公室



2022年3月13日

",,123,https://www.suet.edu.cn/info/1026/1523.htm
我校两部教材入选山东省第一批“十四五”职业教育省级规划教材, 发布时间: 2022-03-17,"
3月17日，
山东省教育
厅发布《
关于公布第一批
“十四五”职业教育省级规划教材的通知
》
，我校申报的
《
Windows Server 2012
组网技术项目教程（第
4
版）（微课版）
》
、《钳工技术（第
2 版）》
等
2
部教材入选第一批
“十四五”职业教育省
级
规划教材，
并被
推荐参加国家
“
十四五
”
职业教育规划教材遴选
。

一直以来，
我校
高度
重视教材建设工作
，
学校针对教材建设出台了一系列相关制度文件，鼓励全校教师结合教法和教材改革的新特点建设一批
精品
的教材。

今后，
学校将进一步大力推进活页式、
工作
手册式和校企合作为主要形式的新型教材建设，不断提升学校教材建设水平，落实立德树人根本任务，为人才培养和专业建设提供坚实保障。








作者：教务处

朱宏雁
编辑：翟小溪


",,123,https://www.suet.edu.cn/info/1026/1521.htm
我校召开学生纪检监察信息员业务培训会, 发布时间: 2022-03-18,"
3月17日下午，我校在诚基楼506室召开
我校
学生纪检监察信息员业务培训会。学校党建联络员赵晶磊、纪委（监察处、审计）办公室人员和各二级学院党总支纪检委员参加会议。纪委（监察处、审计）办公室副主任张娜主持会议。

张娜首先就学生纪检监察信息员队伍
的
建设情况进行汇报。本届纪检监察信息员分别来自
9个二级学院，由各二级学院党总支按一定比例择优推荐，共计108名学生。纪检监察队伍的建立旨在发挥学生的主力军作用，让学生成为
廉洁校园的参与者和建设者。

党建联络员赵晶磊
结合纪检监察工作，从五个方面出发，详细解读了纪检监察工作内容，阐明了学生纪检监察信息员的主要职责，并对如何做好纪检监察工作进行详细说明，有很强的针对性和指导性。

会议强调，廉政风险防控工作是反腐倡廉建设的一项常规工作，
廉政风险预警防控队伍的建立能够有效预防腐败现象和损害师生利益的行为发生，为学校的教育教学创造清正廉洁的校园环境。会议
要求同学们深刻理解纪检监察信息员职责，提高政治站位，严格履责，
行使好监督权，提高监督能力，充分发挥学院和广大师生联系的桥梁纽带作用。





作者：
纪委（监察处、审计）

张娜
编辑：翟小溪

",,123,https://www.suet.edu.cn/info/1026/1520.htm
我校召开人才培养方案制（修）定规范与人才培养模式创新专题讲座, 发布时间: 2022-03-18,"
3月17日下午，我校在卓越楼党员活动室召开人才培养方案制（修）定规范与人才培养模式创新专题
讲座
。此次讲座邀请到齐鲁医药学院中医药产业研究院院长张平平教授作报告。
副校长李章泉、学校督学兼教务处处长张玉惕、
各院部执行院长、教学副院长、教学科长、教研室主任、中青年骨干教师等
60余
人参加了本次会议。会议由张玉惕主持。

在
报告
中，张平平教授首先介绍了
人才培养方案的重要性及
制定人才培养方案的主要文件依据，对《教育部关于职业院校专业人才培养方案制定与实施工作的指导意见》进行详细解读。其次
,她
从规划与设计、调研与分析、起草与审定、发布与更新等方面详细介绍了人才培养方案制（修）订规范的制定程序
。她以药学专业为例向与会人员分享了人才培养方案修订的经验和体会。报告最后，她分享了对人才培养模式创新的理解与认识。她指出，理念创新是人才培养模式创新的前提，顶层设计是关键，教师创新是主体，教学条件是创新的物质基础，制度是创新的羁绊（动力），要坚持社会需求为导向。在人才培养模式改革中，要遵循教育规律和人才成长规律，深化教育教学改革，更新理念，创新教育教学方法，注重学思结合、知行统一、因材施教，有机融合学科、专业、课程建设。只有不断整合和完善教学资源，建立健全人才培养全过程的体制机制，完善规章制度，持续提高人才培养质量，才能真正做到人才培养模式改革与创新，实现人才培养目标。

李章泉作最后讲话。他强调，一是要深入学习本次专题讲座内容，坚持目标导向，提升规范意识、标准意识、质量意识，强化指导，明确职责，在学校规定的时间内高质量完成专业人才培养方案的修订（制定）工作；二是要强化效果导向，认真落实和执行专业人才培养方案，确保人才培养质量。

作者：教务处
朱宏雁    编辑：翟小溪

",,123,https://www.suet.edu.cn/info/1026/1519.htm
关于进一步加强校园常态化疫情防控的几点要求, 发布时间: 2022-03-02,"
各部门、各单位：

当前全国疫情呈现多点散发态势，且山东省已出现多例确诊病例，开学初人员流动性大，疫情防控形势严峻复杂。全校各部门、各单位要把疫情防控作为当前一项核心工作，从严、从紧、从实、从细、从快抓好春季学期学校常态化疫情防控各项工作，确保校园安全平稳。具体要求如下：

一、严格校园相对封闭管理，外来人员非必要不入校，学生非必要不出校，确需出校人员严格落实请假审批和缺勤追踪制度，教职员工要确保生活工作空间相对固定，非必要不外出。

二、强化信息掌控，配合属地疾控部门做好重点人员摸排检测工作；做好重点学生管控，按要求做好转运隔离等工作。

三、完善线上教学预案，做好线上教学各项保障工作，确保线上和线下授课模式的即时切换。

四、加强餐厅、教室、宿舍和图书馆等重点场所的疫情防控管理和环境消杀工作，做好预防性消毒和通风换气，保持校园环境的安全整洁。

五、师生员工要自觉遵守疫情防控相关规定，关注官方发布的权威信息，不发布不真实信息，不信谣、不传谣，时刻保持个人防护意识，戴口罩，勤洗手，常通风，少聚集，用公筷，保持安全社交距离。如出现发热、咳嗽、腹泻、乏力等症状，佩戴好一次性医用外科口罩，及时到就近的发热门诊就诊，就诊过程中应避免乘坐公共交通工具。

六、做好疫情防控与学生安全管理的结合，坚持
“提前干预、动态追踪、过程关怀”的原则，充分做好学生的心理疏导，做深入人心的学生工作，确保常态化管理做在经常、做在平常和做在日常。

七、进一步强化值班值守制度，严禁擅离职守和脱岗漏岗，要加强部门联动，快速有效处置紧急情况并做好第一时间报告，各工作组、各部门要主动作为，宁可向前一步形成交叉，绝不后退半步形成空挡。

八、未尽事宜，请与学校疫情防控领导小组办公室联系。

学校疫情防控领导小组办公室



2022年3月2日

",,122,https://www.suet.edu.cn/info/1026/1533.htm
学校党委书记孔祥云、校长吴梦军一行 赴三涧溪考察调研, 发布时间: 2022-01-12,"
1月12日，学校党委书记孔祥云，校长吴梦军，党委副书记、副校长李梅松等一行8人赴章丘区三涧溪村开展实地调研和考察活动，重走习近平总书记考察路线，切身体验乡村振兴的时代风貌。

三涧溪村高淑贞书记详细介绍了三涧溪村的历史概况以及党组织的发展历程、建设经验、先进做法，让大家对三涧溪村的文化历史、发展历程、振兴实践有了全面的了解。学校孔祥云书记和吴梦军校长对三涧溪村乡村振兴取得的成绩给予高度评价。并表示，学校将积极寻求合作点，助力三涧溪村打造乡村振兴齐鲁样板。





与会领导参观了三涧溪村展览馆和党群服务中心等场所，三涧溪村“抓班子、带队伍、由乱到治”“抓产业、谋发展、富民强村”“抓环境、有生态、回归自然”“抓人才、强服务、引贤聚智”“抓文化、促和谐、传承家风”等基层党建经验做法使大家深受触动。

三涧溪村是以党建为统领，推动乡村振兴的典型基层代表，曾得到国家领导人的高度评价。2020年7月，学校与三涧溪村签约，建立“思政教育实践基地”。

近年来，学校党委认真学习和领会党的十九大和十九届历次全会精神，立足中心、服务大局，不断开展校地、校企合作，以高质量党建引领高水平职业技术大学建设，助力区域地方经济发展。





作者：党政办公室
王允芹  编辑：翟小溪  编审：汪少龙

",,121,https://www.suet.edu.cn/info/1026/1543.htm
我校现代艺术学院师生受邀担任山东春晚化妆造型工作, 发布时间: 2022-01-14,"
1月7日-1月11日，受山东春晚节目组邀请，我校现代艺术学院美容美体艺术专业师生前往潍坊市，参加了“2022山东春节联欢晚会”的录制工作。我校师生担任了晚会主持人、艺人及其他演员的化妆造型工作，并取得圆满成功。

此次晚会的录制工作时间紧、任务重、要求高，化妆造型工作是演员上台前重要的一部分，后台化妆间要同时为上百位演员进行化妆造型，对化妆师是个严峻考验。我校师生顶住压力、不惧困难，精益求精，追求卓越，出色地完成了春晚节目组的各项工作，多次受到山东春晚导演组、编导组及演职人员们的肯定与赞扬。《甄嬛传》中
“温太医”的扮演者张晓龙老师对我校师生的工作表示高度认可，并
与我校师生合影。

本次活动开拓了师生眼界，提升了专业水平，更是将师生所学知识应用于实践，是教学与实践的完美结合；是课程内容与岗位标准的无缝对接，为深入探讨项目化教学提供了宝贵的经验和参考。






作者：现代艺术学院

徐召君
编辑：翟小溪 编审：汪少龙

",,121,https://www.suet.edu.cn/info/1026/1542.htm
中国心理健康工程专家委员会副主任张晓丽教授一行来访我校, 发布时间: 2022-01-16,"
1月15日上午，中国心理健康工程专家委员会副主任张晓丽教授一行来访我校。校长吴梦军，学校顾问刘雅东，副校长韩业文，党政办公室主任韩启斌，学生工作处处长王万里，心理健康教育中心主任闫秀云接待了张晓丽教授一行。

双方在参观了机械工程实训中心、鼎利学院、个体心理咨询室后，在卓越楼第一会议室进行了座谈，座谈会由刘雅东主持。





座谈会上，吴梦军校长对张晓丽教授一行来访表示欢迎，并介绍了学校历史沿革、办学特色、职业本科教育试点工作开展情况以及我校心理健康教育工作情况。她表示加强大学生心理健康教育是新形势下全面贯彻党的教育方针，实施素质教育的重要举措。我校高度重视学生心理健康教育，它是一项系统的育人工程，她希望各位专家能经常来校诊断把脉，传经送宝，帮助解决大学生心理健康问题，教育引导广大学生树立起为实现中华民族伟大复兴梦而努力奋斗的坚定信念，把个人的小我融入祖国和人民的大我，成长为德智体美劳全面发展的社会主义建设者和接班人。





闫秀云从组织领导、课堂教学、教育活动、危机干预、培训学习等方面详细介绍了我校
“五位一体”心理健康教育工作模式。

张晓丽教授充分肯定了我校的心理健康教育工作模式，介绍了社会心理服务孵化平台、心理咨询师成长孵化平台以及心理成果转化的成功案例，希望在心理教育人才培育、成果转化、心理科研等方面加强合作，搭建大学生心理服务合作平台，共享和谐幸福校园。

与会人员围绕心理课题研究、心理服务平台的搭建、学科专业建设等方面展开了深入交流并初步达成共识。







作者：心理健康教育中心
闫秀云  编辑：翟小溪   编审：汪少龙

",,121,https://www.suet.edu.cn/info/1026/1540.htm
2022年春季学期教职工开学返校有关疫情防控要求的通知, 发布时间: 2022-02-16,"
各位教职工：

根据山东省教育厅和济南市教育局关于做好
2022年春季学期开学工作的通知，为保障2022年春季学期开学返校工作平稳有序进行，现将教职工开学返校有关疫情防控要求通知如下：

一、严格落实健康打卡制度

全体教职工依旧严格落实每日
8点-17点“钉钉”健康打卡制度，全体人员须准确定位，如实填报个人体温及所在地区，学校会不定期抽查，不得瞒报、迟报、漏报。

二、暂不返校教职工范围

（一）根据上级要求，中高风险地区或
14天内出现本土疫情所在县（市、区、旗，直辖市为所在街道）的教职工暂缓返校，待降为低风险地区后再安排返校。

（二）本人或共同生活的家庭成员为确诊病例、无症状感染者、疑似病例，或被疾控部门判定为密切接触者、次密切接触者的，暂不返校，经属地卫生健康部门解除健康管理限制后方可返校。

（三）有发热、干咳、乏力、咽痛、嗅（味）觉减退、腹泻等症状的教职工，暂不返校，待治愈且经学校同意后方可返校。

暂不返校教职工须履行请假手续，及时报告个人健康情况。

三、其他教职工返校要求

（一）返校教职工做好途中防护，返校时要出示健康码
+行程码。符合返校条件的省外（含省外旅居史的）教职工需持48小时内核酸检测阴性证明，核酸检测报告备注好所在部门。



（二）存在以下情况，师生员工须持
48 小时内核酸检测阴性证明，到校后由学校会同属地社区第一时间组织进行 1 次核酸检测，并继续做好返校后 14 天健康监测管理：

1、所在地级市有中高风险地区或 14 天内出现本土疫情的〔直辖市为所在县（市、区），下同〕；

2、返校途经地级市有中高风险地区或 14 天内出现本土疫情的。

（三）存在以下情况，教职工到校后由学校会同属地社区第一时间组织进行
2次核酸检测（间隔24小时），并继续做好返校后14天健康监测管理：

1、进校查验行程码出现“*”的；

2、公布中高风险地区前14天内已返校的。

境内的外籍教职工，参照境内中国籍教师返校要求安排开学，境外的外籍教职工申请返校要按照国家有关规定执行。

四、返校流程及要求

（一）教职工返校前应及时掌握当前所在地及学校所在地的疫情形势、防控规定。掌握个人防护与消毒等知识和技能。注意合理作息，均衡营养，加强锻炼，返校前确保身心状况良好。

（二）需提交
48小时内核酸检测阴性证明的，应提前将电子版发给考勤员。

（三）教职工凭健康绿码
+行程码，在学校入口处接受体温检测合格后，方可进入校园。需做核酸检测的到校后第一时间到指定地点做核酸检测，结果检出前须在办公室等待，核酸检测阴性方可正常活动。

（四）未按时返校者，应主动与部门考勤员联系，说明情况。



五、注意事项

目前尚在济南市区以外的教职工，请妥善安排返回行期，返程途中认真做好个人防护。乘坐汽车、火车、飞机等公共交通工具时，需全程佩戴口罩，减少换乘，非必要不在换乘城市停留。

山东工程职业技术大学

新冠肺炎疫情防控工作领导小组

2022年2月14日


",,121,https://www.suet.edu.cn/info/1026/1539.htm
我校举办2022年教师教学创新大赛线上指导会, 发布时间: 2022-02-21,"
2月20日上午，我校召开2022年教师教学创新大赛线上指导会。此次指导会邀请山东交通学院李佩禹教授作《高校创新大赛：之困、之思与之行》专题辅导讲座。副校长李章泉、学校督学兼教务处处长张玉惕、教务处副处长毕丽萍、各院部教学副院长及参赛教师等95人参加了本次会议。会议由张玉惕主持。





会上，李佩禹教授结合多年的工作经验，从两届教师教学创新大赛的变化，课堂教学实录视频评分解读，教学创新成果报告写法，教学设计创新汇报等八个方面做了详实讲解，重点突出，针对性强，得到与会老师的一致好评。





会后，张玉惕针对2022年教师教学创新大赛的备赛工作做了进一步布置和安排，并对李佩禹教授的精彩讲座表示感谢。他希望参赛教师以此次培训为契机，进一步理清参赛思路、明确努力方向，助推学校教学水平的整体提升，同时力争在省级比赛中取得优异成绩。

作者：教务处
朱宏雁 编辑：翟小溪

",,121,https://www.suet.edu.cn/info/1026/1538.htm
山东工程职业技术大学召开领导干部2022年寒假培训学习班, 发布时间: 2022-02-24,"






2月24日上午，领导干部2022年寒假学习班开班仪式在诚基楼学术报告厅召开。校领导、科级及以上管理干部、教研室主任共200余人参加了本次会议，会议由学校党委书记孔祥云主持。





开班式上，校长吴梦军教授为大家作了“锐意进取 深化改革，全面推进职业本科教育试点工作。——学校2021 年度工作总结”的报告，全面客观地回顾了2021年工作，既肯定了成绩和做法，找出了差距和不足，也指出了目标和方向。鼓舞人心，催人奋进。吴校长指出，2021年，学校在发展道路上稳步前进，有计划、有部署、有成效，下一步，学校将进一步解放思想、脚踏实地，强优势、补短板、抓创新、促融合，乘国家大力发展职业教育的东风，稳中求进、行稳致远。





学校总督学匡奕珍教授对学校2022年工作进行了全面部署和解读，明确了今年工作的总体思路，提出了12项工作目标，从12个方面对全年工作任务进行了详尽安排，吹响了新征程的冲锋号。他指出：我们学校正处在职业本科办学质量整改的关键时期，希望全校教职员工牢记初心使命，扎实开展各项工作，为加快推进学校高质量发展，建设高水平职业技术大学努力工作，作出应有的贡献。





开班仪式后，校长助理杨淑平同志对学校深化人事制度改革，特别是专业（学科）带头人、教学名师、技能名师、中青年骨干教师、辅导员名师等选聘与管理办法进行了解读。





24日下午，学习班进行分组讨论，并在卓越楼五楼党员活动室举行总结大会，会议由学校党委副书记、副校长李梅松主持。

汇报总结会上，智能制造学院执行院长宁玲玲、人工智能学院执行院长张文硕、质量管理处处长初福民、学生工作处处长王万里分别就分组研讨情况进行了汇报，对学校今年的工作目标和
5项人事制度提出了宝贵的意见和建议。





学校党委书记孔祥云作总结讲话，孔书记指出部署新学期各项工作是十分必要的，我们要紧紧围绕办学质量整改工作，找准差距和痛点难点，进一步更新观念、创新思路，增强信心，强化责任，统筹谋划学校2022年各项改革建设任务，为全面完成学校工作，开创新的更好的发展局面打下坚实基础。





最后，李梅松提出了三点要求，一是各部门、各单位要认真贯彻落实研讨班精神；二是要做好当前各项开学准备工作。要时刻紧绷“疫情防控”这根弦，制定好返校报到方案和应急预案，确保安全稳定；三是要以改革创新精神真抓实干。通过这次学习研讨，各部门要抓紧制定好规划和落实方案，把任务落实到具体责任人，切实提高工作效率。“蓝图已绘就，奋进正当时”，2022年学校各项工作已经明确。我们要以习近平新时代中国特色社会主义思想为指导，以“职业本科教育质量提升整改”为全年工作主线，以立德树人为根本任务，全面树立“教学中心”理念，以改革创新为动力，以高质量发展为主题，不断提高师生满意度和服务质量。新学期，我们要以虎虎生威的雄风，以龙腾虎跃的干劲，以气吞万里如虎的豪情，始终坚持党建引领，充分发挥党组织战斗堡垒和党员先锋模范作用，开足马力、铆足干劲，以优异的成绩向党的二十大献礼，为加快建设高水平职业本科大学而不懈奋斗！




作者：人事处      编辑：翟小溪


",,121,https://www.suet.edu.cn/info/1026/1537.htm
喜报！我校在2021年山东省大中专学生志愿者暑期“三下乡”社会实践活动中荣获多项表彰, 发布时间: 2022-02-25,"
近日，在中共山东省委宣传部、山东省文明办、山东省教育厅（省委教育工委）、共青团山东省委、山东省学生联合会联合下发的《关于表彰
2021年山东省大中专学生志愿者暑期文化科技卫生“三下乡”社会实践活动先进集体和先进个人的通报》中，
我校青春实践团荣获
“优秀服务队”称号；
辛宽、徐锡林、李传鸿三位教师荣获
“优秀指导教师”称号；
现代艺术学院潘文硕、姬忠圆、苏泓滔、谢佳慧、耿思远、邵亚东六名学生荣获
“优秀学生”称号。









近年来，我校高度重视大学生暑期“三下乡”社会实践工作，志愿者们在活动中始终秉承着“奉献、友爱、互助、进步”的志愿服务精神，坚守在各自岗位，不辞辛苦、认真负责，得到社会各界一致好评。此次获奖既是上级团组织对学校团委志愿服务工作的肯定，也引导着更多青年学生积极投身到志愿服务中来，在今后的志愿服务中，学校学子将再接再厉，不断取得新的成绩，展现当代大学生积极向上的精神面貌和无私奉献的风采。





作者：团委 皮娜  编辑：翟小溪

",,121,https://www.suet.edu.cn/info/1026/1536.htm
我校举行2022年校级教师教学创新大赛复赛, 发布时间: 2022-02-25,"
2月25日，我校2022年校级教师教学创新大赛复赛在卓越楼306顺利举行。本次复赛经过初赛的选拔，共有来自各学院（部）的8名教师进入校级复赛环节。学校督学兼教务处处长张玉惕，教务处副处长池光胜、毕丽萍，山东交通学院李佩禹教授4位专家担任评委。







复赛由教学设计创新汇报、专家点评两个环节组成，在整个比赛过程中，参赛教师们教学设计选题典型、内容完整、立意新颖，讲解深入浅出、细致独到、幽默风趣，充分展示了我校青年教师良好的精神风貌和创新精神。





我校遵循公平公正的原则，最终评选出2名候选教师参加2022年山东省教师教学创新大赛。


作者：教务处

朱宏雁
编辑：翟小溪

",,121,https://www.suet.edu.cn/info/1026/1535.htm
我校召开廉政风险防控暨学生纪检监察信息员队伍建设会议, 发布时间: 2022-03-02,"
3
月
1日下午，我校在卓越楼5楼会议室召开廉政风险防控暨学生纪检监察信息员队伍建设工作会议。学校副校长粘洪青、党建联络员赵晶磊、纪委（监察、审计）办公室成员和各党总支纪检委员参加会议。副校长粘洪青主持会议。

纪委办公室副主任张娜首先就学校开展廉政风险排查防控工作情况进行汇报。根据中共山东省委教育工委《关于继续开展廉政风险排查防控工作的通知》（鲁教工委函〔
2022〕13号）要求，为进一步加强对关键环节和重点岗位的监督，压实全面从严治党主体责任，将在全校范围内开展廉政风险排查防控工作。同时，还就学生纪检监察信息员队伍建设工作进行部署，旨在调动学生积极性，建立一支廉政风险预警防控队伍。

副校长粘洪青强调，廉政风险防控工作是反腐倡廉建设的一项常规工作，也是中央和省委、市委重要工作部署，全校要进一步提高认识，统一思想，抓好廉政防控各项工作。一要确保按期完成廉政风险防控任务。从现在开始，精准查找关键环节和各岗位的廉政风险点并确定风险等级，建立岗位权力行使风险防控一览表。其次，要认真制定防控措施，确保建立廉政风险防控长效机制。

粘洪青还就学生纪检监察信息员队伍建设进行强调。指出
纪委坚持以
“抓早抓小，抓细抓常”为出发点建立廉政风险预警防控队伍，目的就是能够深入最基层，第一时间发现问题、解决问题，有效预防腐败现象和损害师生利益的行为发生，为学校的教育教学创造清正廉洁的校园环境。

会议要求各部门、各单位高度重视廉政风险防控和学生纪检监察信息员队伍建设工作。在廉政风险防控工作中，
各级领导干部尤其是主要负责人一定要认真履行党风廉政建设第一责任人的职责，做到亲自抓、负总责，充分发挥表率作用，带头查找岗位廉政风险点，带头制定防控措施，带头落实防控责任，带头做出廉政承诺。在
学生纪检监察信息员队伍建设工作中，要提高政治站位，做好学生的组织选拔和推荐工作，让学生成为廉洁校园的参与者和建设者。

作者：纪委办公室
编辑：赵珣

",,121,https://www.suet.edu.cn/info/1026/1534.htm
“鲁班杯”全国高校BIM毕业设计大赛建筑工程学院喜获三等奖两项, 发布时间: 2022-03-03,"
3月3日，由中国建筑教育协会主办的2022年“鲁班杯”全国高校BIM毕业设计大赛圆满结束。

我校建筑工程学院师生代表学校参赛，在
A1-BIM建模房建模块喜获三等奖两项，
本科组及专科组各获一项。赛前，建筑工程学院师生积极备赛，在大赛中体现出了我校学子良好的技能水平、综合素质及团队合作精神。

今后，我校将本着大赛的精神，进一步明确人才培养定位，加强
BIM教学和人才培养的经验交流，培养技术技能人才，推进学校教学改革，以赛促教，提升教师教学质量，打造一支高素质和高技能的人才队伍。







作者：鲁绍宁
、王红
编辑：翟小溪

",,122,https://www.suet.edu.cn/info/1026/1532.htm
我校人工智能学院新基建信息技术专业群入选山东省高等职业教育高水平专业群建设项目, 发布时间: 2022-03-07,"
2月底
，山东省教育厅公布了《山东省高等职业教育高水平专业群建设项目的通知》（鲁教职处函〔
2022〕5 号），我校新基建信息技术专业群成功立项。







新基建信息技术专业群在
2021年9月立项为济南市产教融合示范专业群培育项目
。

高水平专业群建设项目是教育部实施中国特色高水平高职学校和专业建设计划的重要项目。近年来，学校深化产教融合、校企合作，整合优质教学资源，提升课堂教学、实践教学、教学管理和校园文化等育人条件的信息化水平，加强高水平师资队伍培养，拓宽产学研合作渠道，构建内部质量管理保证体系，专业群办学水平、人才培养质量、行业影响力和社会服务能力显著提升。





建设期内，学
校
将根据建设方案，严格落实目标责任制，构建项目建设绩效评价与考核体系，加强项目建设过程管理，加强资金管理，确保项目建设实效；同时，通过新基建技术专业群建设，创新人才培养模式、全面推进三教改革，培育一批标志性成果，推动学校整体发展能力与水平的提升，实现学校高质量发展。


作者：
人工智能学院
马玉英


编辑：翟小溪

",,122,https://www.suet.edu.cn/info/1026/1530.htm
我校大学英语四、六级考试再传佳音, 发布时间: 2022-03-08,"
2022
年
2月2
4
日，全国大学生英语四、六级考试成绩揭晓，我校
2021年12月大学英语四级整体通过率创历史新高，
高达
3
3.65%
；
2
019
级大学英语六级考试初次通过率达到了
2
8
.
40%
，与同类院校相比，处于较高水平
。

此次
四级
考试中，
来自商学院的李新秀同学以
5
60
分的高分位于我校四级榜首，
500分以上高分段学生共50人
；六级考试中，来自信息工程学院的徐志超同学取得
5
49
分的高分，高居我校六级榜首，
5
00
分以上学生
1
4
人。以上成绩的取得离不开学生自身的努力，也离不开基础教学部
外
语教研室各位老师的耐心辅导。

近两年
,
基础教学部
进一步深化大学英语教学改革，以生为本，
开展培优，因材施教，
分
类别
教学。在第二课堂上，以课堂为根基，依
托
竞赛
、考研、专升本、四六级考试进行了
个性化指导，为学生配备专门指导教师，
教学、科研、竞赛成果丰硕。

大学英语教研室坚持学生为本，育人育才
理念，从学生学情和需求出发，集体备课、磨课，重点提升学生的语言实践能力，利用
线上线下
平台
针对
四
、六级
英语
听、说、读、写、译
强化训练，
积极组织线上线下四级模拟考试，为学生制定四六级每日听力和阅读计划，并提供听力教室，每日早晚进行听力训练，
监督学生线上线下持续学习，有效保障学习效果。

作者
：
基础教学部

刘振凤

编辑：赵珣

",,122,https://www.suet.edu.cn/info/1026/1529.htm
“一起向未来”——防疫“心”指导, 发布时间: 2022-03-09,"
亲爱的同学们：

近日，
我省青岛等地不断
新增新冠肺炎确诊病例，疫情防控形势严峻，疫情面前，
大家一方面要严格按照学校疫情防控要求，做好个人的日常防控
，
一方面
还要
关注自身的
心理健康，减少焦虑、恐慌和抑郁等负面情绪对大家的影响，
为此
心理健康
教育
中心为您准备了一份疫情防控心理疏导指南
，
请广大同学查收
。

一、理性对待疫情

（一）
做好日常
防护措施



1、不接触、不食用野生动物，不生吃奶类、蛋类和肉类。

2、勤洗手。在咳嗽或打喷嚏后、制备食品前后、饭前便后、处理污物后及时洗手，洗手时要用肥皂或洗手液洗手，搓手最少20秒，用流动水冲洗。

3、注意环境卫生，多通风。

4、保持良好的呼吸道礼仪。打喷嚏和咳嗽时避免对着他人，应用纸巾或手肘（而不是手）遮掩口鼻。把用过的纸巾放入有盖的垃圾桶内。

5、尽量减少到封闭、空气不流通的公众场合和人流密集的地方活动。

6、出现发热等症状，主动就医。

（二）
关注
疫情的发展动态



通过正规的官方渠道获取讯息，比如政府机关、医疗机构、官方媒体发布的信息。未经证实的传闻和微信推文，需要理性对待，切不可成为谣言的传播者。

二、接纳自我的情绪

面对
当前的
疫情
形势
，我们可能会出现恐慌、担忧、焦虑、猜疑、愤怒等情绪，这时我们要积极察觉，正视以及接纳这些不良情绪，同学们需要理解
“我可以恐慌”，“出现这些情绪说明我很正常”。

三、掌握合理的情绪调适方法





（一）
合理宣泄

1、
情绪
崩溃时允许自己哭泣
，并写下自己当时的想法和感受；

2、
学会
交流和分享
，目前大家都
在
关注
省内
疫情，有很多相似的感受，这时互相分享不仅可以帮助自己，也可以帮助对方。交流和分享时尽量用语音和视频等方式，实现
双向沟通
；

3、
可以泡泡脚或洗个热水澡，让
身体
先
放松
下来。

（二）呼吸放松

1、找一个安静舒适的环境，确保一刻钟内不被打扰；

2、找一个很舒服的姿势，可站可坐可躺；

3、双手放在腹部，尝试腹式呼吸，吸气时腹部尽量鼓起，呼气时腹部尽量收回，双手可以感受腹部的起伏；

4、鼻吸气、口呼气；

5、呼吸尽量放慢放缓，可内心默数1、2、3、4、5，每次5分钟，每天2-3次；

6、将注意力引导到自己的呼吸上；

7、尝试体会气流划过鼻腔的感觉。

（三）肌肉放松

很多人不知道我们的有些肌肉是处于长期紧张状态的。当进行肌肉放松时，首先把注意力放在正进行的一组肌肉紧张的感觉上，然后再体验这一组肌肉放松时的感觉。

从一组到下一组这样练习全身肌肉，不断重复，每次时间
15分钟，持续1-2周。可以躺下或者坐在椅子上练习；每组肌肉绷紧5-7秒，然后马上（不要缓慢）放松20-30秒；整组练习至少做1次。如果一组肌肉很难放松，可以反复练习至5次。注意：如果肌肉受伤，可不用绷至最紧；随着熟练程度增加，绷紧的力度可慢慢减缓，直至“注意当下肌肉群的紧张度”。

（四）规律的作息

保证规律睡眠，尽量不要熬夜，因为睡眠时间短，睡眠质量不高，会影响身心修复，加重焦虑状态。而焦虑加重后，又会影响睡眠，形成恶性循环。容易焦虑的同学尽量不要在睡前吃饭和运动，或者看让人兴奋的书以及电影，也不要进行需要脑力高速运转的工作。

如果有难以入睡的同学，可以进行呼吸和肌肉放松，也可以泡个脚，喝杯热牛奶，帮助睡前放松。如果睡觉时不断出现一些干扰入睡的画面或者想法，思考它们是否重要，是否可以等到第二天去专门考虑。但是，不要去强制自己不要想，如果想法和画面出现了，就让它们自然的浮现，然后温柔地把注意力放在当下的呼吸上。

四、积极应对

此次疫情发生正值
学期初，疫情防控安排也
打乱了很多
同学
的计划，因此我们需要建立新的
学习和生活目标以应对疫情发展
。

如果焦虑、恐惧情况比较严重，已经超过了自己可以调控的范围，同学们不要害怕，也不要忽视，及时寻求专业老师的心理支持，主动寻求帮助。

我校心理健康教育中心热线：

0531-80958048

工作时间：周一至周五
上午8:30-11:30；下午13:30-16:00（心理危机情况除外）

在这特殊时期，心理健康教育中心的老师将和你
“
一起
向未来
”。






山东工程职业技术大学


心理健康教育中心


202
2
年
3月
8
日


",,122,https://www.suet.edu.cn/info/1026/1528.htm
喜报 ▏我校在2021年济南市大中专学生志愿者暑期“三下乡”社会实践活动中荣获多项荣誉, 发布时间: 2022-03-10,"
近日，
共青团济南市委
对
2021年
济南市大中
专学生志愿者暑期文化科技卫生
“三下乡”社会实践活动
中表现突出的集体
和
个人进行了通报表彰，我校
两支实践团队荣获
2021年济南市
大中专学生
志愿者暑期
“三下乡”社会实践活动优秀服务队
；团委书记王万里、团委副书记辛宽、团委老师蔡雷停、皮娜荣获
2021 年济南市大中专学生志愿者暑期“三下乡”社会实践活动优秀指导教师
；王志远、闫美玲等
9名同学荣获2021 年济南市大中专学生志愿者暑期 “三下乡”社会实践活动优秀学生。

2021年暑期，我校以庆祝中国共产党成立100周年为契机，以“永远跟党走 奋进新时代 ”为主题，将“三下乡”与“返家乡”相结合，共组建
3
支实践团队，走进城乡、贴近群众，开展了党史学习、理论宣讲、文化宣传、科技下乡、卫生知识普及等为主要内容的
“三下乡”、“返家乡”社会实践活动。实践团队以党史学习教育为抓手，引导团队成员赓续红色精神血脉，转化党史学习成果，在“我为群众办实事”的生动实践中勇担青春使命。接下来，学校团委将以此次活动为新的起点，在
2022年
工作中继续做好实践育人工作，助力学校高水平职业本科大学建设，以更优异的成绩向党的二十大献礼。












作者：团委

皮娜
编辑：赵珣




",,122,https://www.suet.edu.cn/info/1026/1527.htm
我校召开项目化课程改革研讨会, 发布时间: 2022-03-11,"
3月10日下午,教务处组织在卓越楼310召开项目化课程改革研讨会。本次研讨会邀请副校长李章泉、
教务处处长张玉惕
、
评估督导处处长初福民
对项目化课程改革进行指导，各项目负责人和教务处相关人员参加了本次会议。

各项目负责人从课程整体设计、课程单元设计、首次课和末次课课程设计等方面进行汇报。

评审专家在听取老师们的汇报后，提出以下三点建议：一是做好课程设计。项目化教学要体现综合性、创新性和挑战度，围绕岗位任务开展项目化课程设计。二是体现
“以学生为中心”。通过项目化课程改革，让学生真正“忙起来”，使“课堂”为中心转变为“工作场景”为中心，着力培养学生解决复杂综合问题的能力。三是项目化课程改革要突出能力目标，要将职业核心能力渗透到课程中。

本次会议有助于进一步提升授课水平和业务素质，推动我校教学改革和课程资源建设。







作者：教务处
邓英霞   编辑：翟小溪



",,122,https://www.suet.edu.cn/info/1026/1526.htm
我校召开党史学习教育总结大会, 发布时间: 2022-03-11,"
3月11日下午，我校在卓越楼第一会议室召开党史学习教育总结大会。全体党委委员、党建联络员、各党总支书记和支部书记参加会议。党委副书记李梅松主持会议。





会议传达了济南市委教育工委党史学习教育总结会议精神，基层党组织代表作交流发言，党委书记孔祥云作总结讲话，对我校党史学习教育工作进行了全面总结，对下一阶段推进党史学习教育常态化长效化进行了部署。







孔祥云指出，党史学习教育开展以来，学校认真贯彻党中央和上级的决策部署，紧紧围绕“学史明理、学史增信、学史崇德、学史力行”总要求和“学党史、悟思想、办实事、开新局”总目标，构筑“贯穿一条主线、围绕学校中心、利用红色基因、着眼五个聚焦、实施五大行动”的工作模式，科学统筹谋划，精心组织实施，注重示范引领，引导全校党员从历史中汲取经验教训，坚决守初心、担使命的思想自觉和行动自觉，推动学习教育取得了明显成效：突出政治引领，强化理论武装，全校党史学习教育实现全覆盖；突出思想引领，强化典型教育，广泛凝聚推动学校高质量发展的强大共识；突出实践引领，办好民生实事，持续统筹推动学校改革进展。2022年是我们踏上第二个百年奋斗目标新的赶考路的关键一年，也是“十四五”进入全面实施的重要一年，让我们更加紧密地团结在以习近平同志为核心的党中央周围，全面贯彻习近平新时代中国特色社会主义思想，弘扬伟大建党精神，以饱满的精神状态和奋发有为的坚强意志，以科学的工作谋划和脚踏实地的实际行动，奋力开创山东工程高质量发展新局面，以优异成绩迎接党的二十大胜利召开！





最后，李梅松强调，为切实做好党史学习教育总结工作，推动党史学习教育常态化，一要认真做好党史学习教育总结工作。要聚焦各项重点任务，逐项梳理工作开展情况，注重提炼好经验好做法和特色亮点，全面盘点取得的积极成效。二要探索建立党史学习教育常态化机制。要坚持不懈强化思想建党、深化理论强党，坚定不移用习近平新时代中国特色社会主义思想培根铸魂，把稳思想之舵，筑牢信仰之基。三要把党史学习教育成效转化为开创改革、开展新局的强劲动能。



作者：张彦卿
编辑：翟小溪


",,122,https://www.suet.edu.cn/info/1026/1525.htm
喜报！我校马克思主义学院思政党支部成功获批全国样板党支部, 发布时间: 2022-03-21,"
3月18日，从中华人民共和国教育部官网获悉，根据《教育部办公厅关于公布第三批全国党建工作示范高校、标杆院系、样板党支部培育创建单位名单的通知》（教思政厅函〔2022〕4号），我校马克思主义学院思政党支部成功获批第三批全国新时代高校“党建工作样板党支部”。





本次遴选根据《教育部办公厅关于开展第三批新时代高校党建示范创建和质量创优工作的通知》（教思政厅函〔
2021〕16号）安排和遴选工作方案，经省级党委教育工作部门推荐、资格审查、专家评审、教育部党的建设和全面从严治党工作领导小组成员单位集中审议，产生了11个全国党建工作示范高校、100个全国党建工作标杆院系、1000个全国党建工作样板支部。我校马克思主义学院思政党支部获批全国新时代高校“党建工作样板党支部”。







近两年，马克思主义学院思政党支部以全省首批
“双带头人”教师党支部工作室为依托，创新形成了“一中心双牵引五融合”党建工作模式。紧紧围绕“七个有力”，以强基工程、政声工程、先锋工程、提升工程等“四大工程”为抓手，将支部建在课程上、身份亮在课堂上、党旗飘在项目上，播“红种子”、培“新青马”、育“新青年”、塑“出彩人”。

下一步，马克思主义学院思政党支部将严格按照全国党建工作样板支部培育创建标准要求，以习近平新时代中国特色社会主义思想为指导，全面贯彻落实党的十九届历次全会精神，按照新时代党的建设总要求，全面贯彻党的教育方针，从抓好党建主责主业、强化支部政治功能、提升思想政治工作质量、促进学校事业发展、抓好支部班子建设五个方面着手，坚持软件建设和硬件建设相结合、统筹规划和分步实施相结合、整体提升和品牌塑造相结合，按计划、分步骤开展培育创建工作，积极探索培育符合学校实际、兼顾专业群特点、可示范可推广的样板党支部工作体制机制，充分发挥党支部的战斗堡垒作用和党员的先锋模范作用。





作者：马克思主义学院

编辑：翟小溪


",,123,https://www.suet.edu.cn/info/1026/1518.htm
我校建筑工程学院为企业开展线上评审会议, 发布时间: 2022-03-23,"
3月22日，受山东华森建材集团有限公司济西分公司的委托，我校建筑工程学院组织多名专家对其“双体系”文件进行线上评审。

山东华森建材集团有限公司济西分公司总经理赵宗刚、总工张勇、经理彭德成，山东省应急管理专家高致远教授，建筑工程学院副教授王玲玲、张珊珊，教师李雪、武云芬等教授和专家出席本次线上评审会议。会议由李雪主持，主要是针对该公司的
“双体系”文件进行评审。

会上，各位专家根据
《安全生产法》、《山东省安全生产条例》、《风险管控通则》、《隐患排查通则》
等法规文件
，
对山东华森建材集团有限公司济西分公司的文件资料、风险清单和隐患排查清单进行逐项审查。

本次评审会议对落实山东省安全双重预防安全管控体系，推进我校对外技术服务工作奠定了基础，对提高我校教学水平和人才培养质量具有重大的意义。





作者：
建筑工程学院
武云芬

编辑：翟小溪

",,123,https://www.suet.edu.cn/info/1026/1517.htm
我校建设完成BIM实训室, 发布时间: 2022-03-23,"
近日，
我校建筑工程学院从人才培养方案的实际需求出发，紧扣职教本科专业教学、科研，根据智慧工程管理基地建设所需，经充分调研论证，在原有
BIM的基础上，进一步加大投资力度，完善配齐BIM全过程模块。在
副
校长张诚的统一指挥调度下，资产与实验设备管理处紧密配合建筑工程学院，建设完成了
BIM实训室。


BIM
即
建筑信息模型，是以三维数字技术为基础，将建筑工程各阶段相关数据进行集成的信息模型，是对建设工程项目综合信息的详尽表达。建筑信息模型是近年来一项引领建筑数字技术走向更高层次的新技术，它的全面应用大大提高建筑领域的生产效率，提升建筑工程的集成化程度，使设计、施工到运营整个全生命周期的质量和效率显著提高、成本降低。

我校的
BIM实训室对内能承担智慧工程管理技术的教学、科研、培训等工作，对外为企业提供技术支持，为社会培养能够从事BIM建模、数据分析、工程经济等工作的高素质技术人才，为“数字化建筑设计”、“智能建造”、“智慧工程管理”提供强有力的装备保障
。

寒假期间，资产与实验设备管理处放弃休息时间，加班加点，严把施工质量，在我校建筑工程学院建成
61点位的工作站机房，软件系统业已安装到位。为确保任课教师熟知熟会，3月15日至19日，对建筑工程学院全体专任教师进行了BIM软件的使用培训。现阶段，采用了线上培训方式，系统地进行了培训，讲练结合，主要培训了鲁班BIM系统平台管理软件、鲁班工场软件、鲁班工场APP、鲁班协同软件、建模算量模块（鲁班钢筋软件、鲁班土建软件、鲁班安装软件）、鲁班造价软件、鲁班场布软件、BIM评分软件等。培训结束后，对参训教师进行了初步考核。待条件允许后，再进行线下强化培训。







作者：
资产与实验设备管理处

编辑：翟小溪

",,123,https://www.suet.edu.cn/info/1026/1516.htm
我校召开“全国党建工作样板支部”创建经验座谈会, 发布时间: 2022-03-25,"




3月24日上午，学校党委在第一会议室召开
“全国党建工作样板支部”
创建经验座谈会。学校党委委员、党建联络员和各党总支书记参加了会议。会议由党委副书记李梅松主持。





党委书记孔祥云首先对获批的
“
全国党建工作样板支部”予以祝贺，并表示马克思主义学院思政党支部的好经验在全校支部中起了很好的引领示范作用，且对其创建工作提出了五点建议：一是要认真落实工作计划，做到有计划实施，定期推进，及时总结；二是要将培育创建项目任务和学校中心工作、日常工作紧密结合，抓好落实；三是结合学校中心工作，积极开展创新；四是加强对支部工作特色的提炼，进一步强化语言表达的规范；五是创建过程中，落实党建工作的根本要求，落实立德树人的根本任务，培养好中国特色社会主义合格接班人。

孔祥云强调，近年来，学校党委高度重视基层党建工作，积极探索创新党建工作模式，“大党建”工作格局基本形成。学校各级党组织以党建为统领，以党史学习教育为载体，以党支部规范建设提质引领行动为抓手，按照“党支部标准化、规范化，争创样板党支部”的目标，完善“三标准三规范”，扎实有序开展各项工作，取得了比较明显的成效。学校今后的党建工作，特别是各基层党组织的工作要做到以下三点：一是要强化典型引领，以点带面，发挥好榜样的引领和示范作用，发挥党员先锋模范作用和支部的战斗堡垒作用，在学生成长、师德师风培养等方面要取得更好的成效。二是要强化主体责任，做好梯队建设，纳入整体工作部署和党的建设整体规划，各党支部要牢牢扭住规范化这个重点，突出组织力建设这个关键，按照创建标准，坚持缺什么补什么的原则，补齐短板,夯实基础,使每个基层党支部都成为党的健康细胞、坚强堡垒，争取在各个层次上都能有成果。三是要强化融会贯通，立足本单位实际，与人才培养、专业建设、学科发展等业务工作紧密结合，要有更务实的举措，避免“两张皮”。做到党政同心、党政融合，发挥党建引领，做到党建与中心工作、师德师风建设、学生成长相结合，同时要运用新技术，引入新理念，积极创新学校基层党建工作。





李梅松指出马克思主义学院思政党支部作为全国党建工作样板支部培育创建单位、首批山东省高校“双带头人”教师党支部书记工作室培育创建单位，党建工作一直走在学校各支部前列，在全校发挥了较好的示范效应。希望各基层党组织进一步以“样板支部”为标杆，在规范落实上下功夫，切实打牢基层党建基础。本次座谈会对学校党建基层工作具有示范引领推动作用，各级党组织要认真领会座谈会精神、凝聚信心，将党建工作真正落到实处，成为推动学校发展的强大力量。






会上，组织统战部部长张彦卿宣读了教育部办公厅《关于公布第三批全国党建工作示范高校、标杆院系、样板支部培育创建单位名单的通知》，马克思主义学院党总支书记孟宪勇介绍了全国第三批党建工作样板支部入选单位——马克思主义学院思政党支部的创建经验，基层党组织代表表示将向马克思主义学院思政党支部学习，在学校党委“一支部一品牌”创建过程中，结合自身总支的优势特点，早日开花结果。





与会人员对“全国党建工作样板支部”创建工作的下一步建设与发展，保持党员的先锋模范作用，支部坚强的战斗堡垒作用，做到“五个到位”“七个有力”等方面也进行了深入讨论并交流意见。



作者：张彦卿
编辑：翟小溪



",,123,https://www.suet.edu.cn/info/1026/1515.htm
我校践行劳动教育 锻造时代新人, 发布时间: 2022-04-11,"
为深入贯彻落实中共中央、国务院《关于全面加强新时代大中小学劳动教育的意见》文件要求，弘扬中华民族崇尚劳动、热爱劳动的美好品德，近日，我校学生工作处组织各二级学院，对划定的各自卫生环境责任区进行清理。

疫情当前，我校实行封闭化管理。广大学子服从学校安排，他们没有抱怨无聊与烦闷，而是用积极健康的方式面对生活，以劳为美，加强锻炼，共抗疫情。他们对校园的主干道、绿化带等场所，特别是对校园卫生死角、绿化带里的杂草、落叶等进行了仔细的清扫。草坪中若有若现的垃圾“无处遁逃”，落叶也“销声匿迹”，整个校园环境整洁一新。

习近平总书记曾在全国教育大会上强调，要在学生中弘扬劳动教育，教育引导学生崇尚劳动、尊重劳动，懂得劳动最光荣、劳动最崇高、劳动最伟大、劳动最美丽的道理，长大后能够辛勤劳动、诚实劳动、创造性劳动。

我校自开展劳动教育以来，坚持劳动教育理念传授和劳动实践教育相结合的方式，把劳动教育活动与我校开展职业本科试点相结合，以“工匠精神”为引领，树立劳动光荣观念，以劳动实践教育为突破口，广泛开展劳动教育活动。不断修订完善《山东工程职业技术大学关于进一步加强学生劳动教育的实施方案》，加强组织机制建设，注重理念引导，将校园公共区域纳入学生劳动教育实践场所，鼓励更广泛的学生参与劳动实践教育，营造全员参与、全方位参与、全过程参与的劳动教育局面。

我校学生在集体劳动实践的氛围中，不仅感受到劳动的快乐，同时也激发了他们身为新时代青年的奋斗激情，在劳动中创造价值，实现价值。通过劳动实践，同学们形成了正确的劳动观和价值观，达到了“以劳树德、以劳增智、以劳强体、以劳育美”的教育目的。







作者：学生工作处

李冰

编辑：翟小溪

",,124,https://www.suet.edu.cn/info/1026/1511.htm
第十三届蓝桥杯全国软件大赛在我校顺利开赛, 发布时间: 2022-04-11,"
4
月
9
日，由人工智能学院承办的第十三届
“
蓝桥杯
”
全国软件大赛顺利开赛。来自人工智能学院的三十名学生参与了此次
“
蓝桥杯
”
程序设计大赛。

由于疫情此次大赛采用线上比赛方式，“蓝桥杯”大赛以“启迪思维，以赛促学，校企合作，选拔人才”为目的，竞赛题目以趣味性、知识性、工程型、技巧性著称。以软件类为例，题目要求能够与实际工作中的某个重要环节或常见问题相关，问题的解决要对于实际开发有借鉴意义。同时，竞赛题目在出题思路上力求新颖，可以是算法的组合，乃至数学成果的合理运用，充分考验选手综合处理问题的能力。

人工智能学院秉承“以赛促教，以赛促学”的理念，认真制定比赛计划和方案，切实保障赛事项目有序、高效开展。本次比赛有效促进了专业建设，加快了计算机相关专业的教学改革，提高了学生自主创新意识和工程实践能力。

通过此次“蓝桥杯”大赛，不仅有效的调动了同学们的积极性，展现了我校学生的风采，又提高了同学们的综合素质，更加为同学们之间的学术交流和思维碰撞提供了一个良好的平台。







作者：人工智能学院      编辑：翟小溪

",,124,https://www.suet.edu.cn/info/1026/1510.htm
马克思主义学院开展“观影悟感”实践教学活动, 发布时间: 2022-04-12,"
近日，马克思主义学院围绕《概论》课在20级开展《周恩来的四个昼夜》观影实践活动。

在活动开展之前，概论教研室对实践教学的目标、环节、要求、考核等进行了细致的安排，还专门设计了作业模板。本次活动按照安排，共分为三个环节。首先是分组讨论，同学们利用课余时间观看教师提前上传至超星学习通的《周恩来的四个昼夜》影片和相关学习资源，通过课下讨论，选派出小组代表进行课堂汇报。在此环节同学们结合影片谈到了群众路线、实事求是的工作作风、伟大的人格力量，相较于课堂讲解，这样的方式有血有肉，受到学生们的广泛欢迎。另外，还有部分学生从影片中的片段，结合社会现实谈到了家庭教育、文艺作品创作等方面的问题，让人看到不一样的00后。然后是撰写观后感，同学们通过搜集资料、分组讨论以及小组汇报，形成影片观后感，有独立思考，也有思想的碰撞，充分调动了学生“看、听、说、写”各方面的感官，达到很好的思政育人效果。最后一个环节是“评”，相关教师就分组讨论、观后感对教学效果进行评价，学生则通过分组讨论环节的生生互评、作品展示阶段的投票，对本次活动进行评价。

本次活动通过观看影片的方式让学生们看到革命先辈们躬身实践、调查研究、实事求是的工作态度，和人民想在一处、干在一起的工作作风，廉洁奉公、勤俭节约、忧国忧民的高尚人格，提高了学生实践教学的参与感和获得感。这是《概论》教研室实践教学一个新的尝试，教研室将继续以此为抓手，组织开展更多生动活泼多样的实践教学活动，提升思政育人成效。









作者：马克思主义学院   吴春梅    编辑：翟小溪

",,124,https://www.suet.edu.cn/info/1026/1509.htm
马克思主义学院教师参加全国高校思想政治理论课集体备课会, 发布时间: 2022-04-16,"
4
月
15
日下午，全国高校“中国近现代史纲要”课程贯彻落实《教学建议》集体备课会通过线上方式举行。本次集体备课会由全国高校“中国近现代史纲要”教学创新中心（浙江大学）负责人段治文教授主持。我校马克思主义学院“纲要”教研室全体无课教师参加了这次备课会。

本期备课会，围绕贯彻落实《党的十九届六中全会精神融入“中国近现代史纲要”课的教学建议》，分别由华南师范大学陈金龙教授、清华大学王宪明教授、浙江大学段治文教授三位专家进行了辅导并答疑。首先，陈金龙教授就党的十九届六中全会精神融入“纲要”课的教学原则、教学重点和教学建议进行了辅导；接下来，王宪明教授主要从培养学生科学的历史观和正确的党史观角度进行了讲解；然后，段治文教授就党的十九届六中全会精神如何融入“纲要”课程的具体章节进行了指导。最后，三位专家就老师们在线上提出的一些问题进行了答疑。

将党的十九届六中全会精神有机融入到各门思政课中，是当前思政课教学中的一项重要任务。通过参加这次全国高校思政课集体备课会，使老师们对《教学建议》有了更深刻的认识和把握，对如何有机融入到“纲要”课程中增强了信心。下一步，“纲要”教研室还会通过集体学习《教学建议》以及就具体章节的融入进行研讨，不折不扣地将党的十九届六中全会精神融入到“纲要”课程教学中去，稳步提高教学质量。






作者：马克思主义学院   赵世磊     编辑：翟小溪

",,124,https://www.suet.edu.cn/info/1026/1508.htm
“疫”路有爱 情暖校园—哈啰出行向我校捐赠爱心物资, 发布时间: 2022-04-22,"
4月22日，哈啰出行向我校捐赠爱心防疫物资，助力学校疫情防控工作。哈啰出行北方大区校园部总监陈鑫源，我校副校长韩业文、党政办公室主任韩启斌、学生工作处处长王万里、招生就业处副处长马仕军参加捐赠仪式。





陈鑫源表示学校疫情防控任务重、难度大，希望通过捐赠物资为学校疫情防控工作贡献绵薄之力，履行好企业的社会责任。韩业文对哈啰出行的捐赠表示感谢，同时他表示，将严格管理受赠物资，物尽其用，继续做好疫情防控工作，让师生和家长安心，让社会放心。





凝心聚力战疫情，共克时艰显担当，一份付出，传递一份感动；一份爱心，传递一份温暖。学校继续从严从紧从细落实疫情防控要求，切实筑牢校园疫情防控屏障，全力打赢这场疫情阻击战！






作者：招生就业处

马仕军

编辑：翟小溪

",,124,https://www.suet.edu.cn/info/1026/1507.htm
第三批泉城首席技师，郑健入选！, 发布时间: 2022-04-26,"
近日，济南市人民政府根据济南市泉城首席技师选拔管理有关规定，按照泉城首席技师选拔工作有关程序，经申报、遴选、评审、公示、考察、审定等环节，最终确定
57名同志入选第三批泉城首席技师，分布于36个职业（工种），
山东
工程职业技术大学
智能制造学院
郑健老师成功
入
选。

郑健老师
入选
第三批泉城首席技师
，
对促进专业发展、提高教育教学质量具有重要意义。
智能制造学院
以提高技能素质为目标、以素质能力提升为重点、以领军技能人才培养为引领、以激发创新活力为导向、以培养载体建设为依托，实现具有山东工程特色的
“双师型”教师培养模式和质量标准，为加快建设高水平职业大学贡献力量。

据悉，济南市泉城首席技师评选表彰活动，每两年评选一次，每次选拔不超过
60人，管理期为4年，管理期内享受济南市政府特殊津贴。选拔范围是驻济各级各类所有制经济、社会组织中，具有技师以上职业资格并在一线岗位直接从事技术技能工作的人员，泉城首席技师纳入济南市高层次人才库。








作者：智能制造学院

王明分


",,124,https://www.suet.edu.cn/info/1026/1505.htm
聚力、暖心！发自山东工程的爱心力量, 发布时间: 2022-04-27,"
“真是太谢谢你们了！在疫情防控最吃紧的时候，学校捐赠的N95口罩等防疫物资，正好缓解了我们的困境，对于战斗在一线防疫人员的生命健康安全是多么的重要！”在捐赠物资交接现场，玉皇庙镇负责疫情防控工作的郇荣兰主任对学校的物资捐赠表达了由衷的欢迎和感谢！

疫情防控齐聚力，爱心捐赠暖人心。在防疫、抗疫关键时刻，山东工程职业技术大学先后于
4月5日、4月26日将两批价值近22万元的防疫物资捐赠给商河县玉皇庙镇，为早日战胜疫情加油助力，为保障防疫人员生命安全奉献爱心。镇政府捐赠现场，学校副校长刘国栋、党政办主任韩启斌、后勤基建处副处长王超及北校区管委会人员把一箱箱N95口罩、防护服、帐篷、遮阳伞、电动喷雾器、额温枪、消毒液、免洗凝胶防疫物资，以及用电插排和方便面等食品一排排码好。一箱箱抗疫物资，彰显着山东工程满满的情怀与担当，表达了学校对玉皇庙镇党委政府一直以来关心支持学校建设的深切敬意，更传达了镇校共战、坚定抗“疫”信心斗志、为师生群众健康安全护航的关切之情。






学校党委书记孔祥云、校长吴梦军、总督学匡奕珍对北校区的建设时刻挂在心上，对驻地玉皇庙镇统筹经济发展和疫情防控工作始终高度关注。今年
4
月
3
日，商河县出现首例新冠肺炎阳性病例后，学校领导立即安排有关部门人员筹措资金，紧急购置相关防疫物资，第一时间将第一批捐赠物资送达镇上。在抗击疫情的关键时刻，学校再次将第二批捐赠物资及时送达。感受教育的温度和力量，
“这些都是当前镇上防控工作中亟需的宝贵物资”，玉皇庙镇党委书记刘俊宝对学校的无私奉献感慨地说，“学校在关键时刻彰显大爱、责任，捐赠当前急需的健康防护用品，更加坚定了我们打赢抗疫阻击战的坚强力量。”

山东工程职业技术大学北校区自建设以来，得到了商河县和玉皇庙镇党委政府以及当地人民的大力支持和关爱。北校区外景观河治理、校区南门外环境整治、师生出行交通改善，都为师生的学习和生活创造了良好的条件，特别是去年以来，县、镇两级领导在支持学校建设、人才培养、服务保障等方面做了大量卓有成效的工作。如今，北校区已与玉皇庙镇融为一体，成为一所现代化新兴职业院校。战斗仍在继续，广大山东工程师生正以团结协作、扎实高效的工作作风，用做到极致的爱与责任展现情怀担当，同舟共济、科学防控、勇于奉献、尽责护航，书写勇毅无悔的胜利篇章！









作者：北校区

编辑：翟小溪

",,125,https://www.suet.edu.cn/info/1026/1502.htm
我校教师郑健入选第三批泉城首席技师, 发布时间: 2022-04-28,"
近日，济南市人民政府根据济南市泉城首席技师选拔管理有关规定，按照泉城首席技师选拔工作有关程序，经申报、遴选、评审、公示、考察、审定等环节，最终确定57名同志入选第三批泉城首席技师，分布于36个职业（工种），山东工程职业技术大学
智能制造学院
郑健老师成功入选。

郑健老师入选第三批泉城首席技师，对促进专业发展、提高教育教学质量具有重要意义。
智能制造学院
以提高技能素质为目标、以素质能力提升为重点、以领军技能人才培养为引领、以激发创新活力为导向、以培养载体建设为依托，实现具有山东工程特色的“双师型”教师培养模式和质量标准，为加快建设高水平职业大学贡献力量。

据悉，济南市泉城首席技师评选表彰活动，每两年评选一次，每次选拔不超过60人，管理期为4年，管理期内享受济南市政府特殊津贴。选拔范围是驻济各级各类所有制经济、社会组织中，具有技师以上职业资格并在一线岗位直接从事技术技能工作的人员，泉城首席技师纳入济南市高层次人才库。


作者：
智能制造学院
王明分     编辑：翟小溪

",,125,https://www.suet.edu.cn/info/1026/1501.htm
我校人工智能学院学生在“第十三届蓝桥杯 全国软件大赛”中再创佳绩, 发布时间: 2022-04-29,"
4
月
28
日，第十三届蓝桥杯全国软件和信息技术专业人才大赛
——
个人赛省赛
(
第一场
)
获奖名单公布，我校参赛学生表现优异，获二等奖
7
项、三等奖
6
项。

本届大赛中，来自北京大学、清华大学、复旦大学、上海交通大学等双一流高校的参赛选手达到了
2.5
万人。我校采用线上比赛，为保证线上比赛有序进行，大赛组委会启用七大反作弊手段，确保为每一个选手提供公平、公正的赛事平台。

本次大赛成绩的取得，大大激发了学生的学习热情，为同学们提供了一个展现自我的平台。近年来，人工智能学院不断通过“以赛促学、以赛促教、以赛促练、以赛促创”，进一步提高人才培养质量，推动教学改革和发展，促进院校之间的互相学习与交流，培养更多、更出色的高技能应用型人才。







作者：人工智能学院     编辑：翟小溪

",,125,https://www.suet.edu.cn/info/1026/1500.htm
我校建筑工程学院为市中区应急管理局开展线上安全培训, 发布时间: 2022-04-29,"
4
月
27
日，济南市市中区组织召开了首次全区企业安全线上培训会，我校建筑工程学院教授、山东省应急管理专家高致远作为受邀专家，为企业进行了动火作业安全管理相关方面的线上直播。此次培训，市中区组织全区
120
余家重点企业共计
1200
余人参会。会上高致远教授对动火作业安全管理相关方面进行了讲授。

为确保疫情期间指导企业安全生产教育培训工作不耽搁、不断档，市中区应急局及时筹划安排高危作业、复工复产等
9
个专题
13
项具体内容的线上培训工作。我校建筑工程学院作为济南市市中区应急管理局的合作单位，长期参与各项安全培训工作。此次应济南市市中区应急管理局的邀请，建筑工程学院组织相关专家、人员积极准备培训工作，参与了市中区委托的多项安全专题培训服务工作。
后期，我校建筑工程学院将继续积极准备后续的培训工作。







作者：
建筑工程学院 高致远、武云芬        编辑：翟小溪

",,125,https://www.suet.edu.cn/info/1026/1499.htm
我校召开2022级人才培养方案修订线上研讨会, 发布时间: 2022-05-04,"
5
月
3
日上午，我校召开了
2022
级人才培养方案修订线上研讨会。副校长李章泉、学校督学兼教务处处长张玉惕、各相关院部教学院长、教学副院长、各本科专业负责人或本科人才培养方案执笔人、相关教研室主任、教务处相关人员参加了会议，会议由教务处副处长毕丽萍主持。

会上，主要研讨
2022
级本科人才培养方案修订过程中存在的问题及公共基础课程的设置问题等。与会人员展开热烈研讨，提出了一系列建设性意见。大家各抒己见，对认知实习、专项实践、综合实践、毕业设计（论文）等一系列问题达成了一致意见。

最后，李章泉对本次会议进行总结，他强调：一是要结合
2022
级人才培养方案的指导意见及模板，科学修订
2022
级人才培养方案；二是要注重
2022
级人才培养方案的规范性和严谨性，加强对人才培养方案的论证工作，确保
2022
级人才培养修订工作顺利完成。

此次人才培养方案修订研讨会的召开，为我校专业人才培养方案的修订指明了方向、明确了目标、提出了建议。







作者：教务处  朱宏雁      编辑：翟小溪

",,125,https://www.suet.edu.cn/info/1026/1496.htm
商学院在高校商业精英挑战赛品牌策划竞赛 山东省总决赛中荣获省级二等奖, 发布时间: 2022-05-05,"
近日，
2022
年全国高校商业精英挑战赛品牌策划竞赛山东省总决赛圆满落幕。我校由商学院许杨、王心怡老师带领的
4
人队伍，市场营销专业学生张丽瑶、赵永昊、赵艳微、边杨在此赛项中荣获省级二等奖。

根据中国高等教育学会高校竞赛评估与管理体系研究工作组发布的《全国普通高校大学生竞赛排行榜》，全国高校商业精英挑战赛品牌策划竞赛已纳入学科竞赛排行榜。品牌策划竞赛经过数年培育发展，已成为我国品牌教育领域中，院校覆盖全面、校企合作深入、国际交流广泛的赛事活动，形成了集学科竞赛、产学合作与国际交流三位一体的创新实践平台。本赛项有知识赛与实践赛两个环节，我校学子认真学习，积极备赛，最终取得优异的成绩。

长期以来，商学院十分重视以赛促学、以赛促教。本次比赛增加了学生对于职业教育的认知，进一步激发了学生的参赛热情，为市场营销专业教学团队积累了职教经验。







作者
:
商学院     王心怡        编辑：翟小溪

",,125,https://www.suet.edu.cn/info/1026/1495.htm
山东工程职业技术大学在全国高校学科竞赛中再获佳绩, 发布时间: 2022-05-06,"
勇攀大赛高峰，恪守团队精神，全面展示当代大学生良好的精神风貌，山东工程职业技术大学在近日举行的“正大杯”第12届全国大学生市场调查与分析大赛专科组赛中捷报传来，本科组、专科组参赛队伍分别获得大赛三等奖的优异成绩。






全国大学生市场调查与分析大赛是由教育部高等院校统计学类专业教学指导委员会与中国商业统计学会主办，已纳入全国高校学科竞赛排行榜。在比赛中，商学院参赛队伍在宁山聪和孟夏老师的指导下，与其它兄弟院校学生同台竞技，激烈角逐。他们结合社会热点选题，根植地域经济，先期给予学生抽样方法、统计学基础知识、数据模型建立等知识的培训指导。后期又组织学生通过python线上数据搜集，线下深访调研，撰写调查报告，协作互助，积极备赛，为赛出最优成绩做实了充分准备，起到了“以赛促教、以赛育人”的作用，为推进电子商务专业技能人才培育做出了积极贡献。






以大学生自主性、团队实践性为主的学科竞赛活动，是高校科学育人的重要组成部分，是促进大学生增强创新精神、创造能力和团队合作意识的有效途径和重要载体，也是展示大学生创意创新创造成果的重要舞台。比赛适逢五一佳节，商学院的同学和老师们，在团队协作、辛勤劳动中取得了优异成绩，很好地诠释了“劳动最光荣”的节日主题，激励着同学们不断进取，奋勇向前，谱写山东工程职业教育的新辉
煌。








作者：宁山聪    编辑：翟小溪

",,125,https://www.suet.edu.cn/info/1026/1494.htm
教育有诗意 教学有心意——山东工程职业技术大学线上教学亮点纷呈, 发布时间: 2022-05-10,"

增强互动性

激发情感共鸣

直面线上课堂，“不能互动”成了学生们对网课最大的担心。不过很快，商学院《谈判与推销》课程的师生就开始联手探索优化在线交互、共享方式了。

“你能看到各种扎根于网课形态的有趣互动，例如——游戏化的任务场景：教授“询问技巧”相关知识时，引入情境推理游戏，由老师给出谜面，同学们在评论区提出问题寻找线索，教师只能回答“是”或“否”，最终还原故事；掌握了提问的思路后，用《读心术》互动迁移到推销技能，找到顾客心中想要的商品。”同学们以接近刷屏级别的评论速度热情参与、互动着。

除此之外，趣味化的作业布置，打破传统描述式作业布置套路，用情景化手法，以学生喜欢的网文等为切入点，最大限度发挥学生的主观能动性。如讲授“寻找可能买主的技巧”时，考察“准备产品资料”，老师布置了“请为自己设计名片，背面用三句话让顾客听了就想买产品”的作业时，同学们踊跃参与，做出的名片不仅有创意，甚至还有美术设计元素；渗透“如何讲解产品效用”知识点，则虚拟了一篇《重生之从推销员做起》的网络小说，激发了学生学习的浓厚兴趣。





融入时代性

点亮课程思政

结合思政课特点，马克思主义学院将“战‘疫’主题融入课程思政”教学，引导学生识大体、顾大局，培育敢于担当、乐观向上品德修养，在如火如荼的火线战“疫”中彰显新时代山东工程青年学子忘我奋战、敢于胜利的时代风采。老师鼓励学生把防疫期间的学习、生活等所见、所闻、所悟、所感以演讲的形式加以分享，感受中国速度和力量，懂得担当和责任，坚定抗疫必胜的信念。

围绕《概论》课教学，学院开展《周恩来的四个昼夜》“讲写评”实践活动。该活动分为三个设计环节：首先是“观”。学生利用课余时间观看《周恩来的四个昼夜》影片和相关学习资源，进行讨论选出小组代表进行课堂汇报。其次，是“写”。通过搜集资料、分组讨论以及小组汇报，学生撰写心得体会，形成结果。其中既有独立思考，也有思想的碰撞，充分调动了学生“看、听、说、写”各方面动脑动手能力，思政育人效果明显。最后是“评”。由任课教师就分组讨论、观后感对教学效果进行评价，学生则通过分组讨论环节的生生互评、作品展示阶段的投票，对本次活动进行评价。将课程思政融入课堂教学全过程，引导学生立足时代、凝聚心灵，使思政课程与课程思政同向同行。





凸显能动性

群策群力飘红

智能制造学院秦冉老师，为了能够及时和学生沟通学习情况，争取几个班级班委的建议，创建了同学们喜欢使用的微信群“材料力学学习群”。为了让学生更好地理解课堂内容，他建立板书模型，力图让同学们从更好的角度看到力学模型的建立过程，教学中设置了很多互动环节，课后对学生表现及时点评，奖惩分明。为检验学习效果，方便学生有方向的复习，针对每堂课的重难点，秦冉老师及时创建相应的题库，以作业或随堂练习的形式，让学生通过做题的方式加深课堂知识点的掌握与应用，并通过作业和随堂练习及时发现学生学习中的问题，给予及时答疑。





为满足防控期间学生的精神文化需求，基础教学部文史教研室教师们围绕学生兴趣爱好，结合学科特点，深挖中华优秀传统文化资源，以感受二十四节气中清明物候变化为导向，通过学习通APP组织了以“春色满园‘疫’不住，诗情画意拍出来”为主题的校园风景线上打卡活动。活动内容一经发布，学生们纷纷响应，踊跃参加，为春意融融的校园再添一道亮丽的风景。

满园春色关不住，诗情画意入心来。知识零距离，成长不延期，转化的是时空，不变的是追求。山东工程的师生们正相聚云端，温暖前行，隔屏“云”切磋，思想“云”引领，在知识的海洋里遨游探索，不负春光，踔厉奋发，日益散发着独特的魅力芬芳，向着笃定成功的彼岸破浪启航。










作者：教务处      编辑：翟小溪


",,126,https://www.suet.edu.cn/info/1026/1492.htm
学校集中收看学习贯彻习近平总书记中国人民大学考察时重要讲话精神座谈会, 发布时间: 2022-05-13,"
5月12日上午，山东省教育厅（中共山东省委教育工委）召开学习贯彻习近平总书记考察中国人民大学时的重要讲话精神座谈会，认真落实中央教育工作领导小组秘书组和教育部党组通知要求，就学习贯彻习近平总书记重要讲话精神进行研讨交流，推动全省高校切实把重要讲话精神落到实处、见到实效。省委教育工委副书记，省教育厅党组副书记、副厅长（正厅级）冯继康出席会议并讲话，省委教育工委副书记，省教育厅党组副书记、副厅长白皓主持会议。

学校
在卓越楼五楼第一会议室
设立分会场，校党委
书记孔祥云，校党委副书记李梅松，校党委班子成员，各机关处室负责同志
参加会议。

会议指出，习近平总书记在中国人民大学视察时的重要讲话弦扣国之大者、脉连根本大计，擘画宏伟蓝图、凝聚奋进力量，饱含殷切期望、传递谆谆教诲，是新时代新征程上加强党对高等教育全面领导的纲领性文献，是推动高等教育更好服务国家战略的全局性号令，是激励高校师生爱党报国的根本性指引，为做好高校工作提供了根本遵循。对于深入把握习近平总书记重要讲话的丰富内涵和精神实质，会议强调，要把握好大方向、开设好大课程、回答好大课题、培养好大先生、承担好大使命，努力培养堪当民族复兴重任的时代新人。各高校要全面对标对表，切实用习近平总书记重要讲话精神统领推动新时代高等教育发展。并对全力抓好习近平总书记重要讲话精神的学习宣传贯彻提出要求。

会上，青岛大学、山东城建职业学院、齐鲁理工学院、青岛理工大学、曲阜师范大学、山东师范大学、山东大学、山东理工大学的
8位干部师生代表依次交流发言。






",,126,https://www.suet.edu.cn/info/1026/1491.htm
校长吴梦军率队开展访企拓岗促就业专项行动, 发布时间: 2022-05-16,"
为贯彻落实教育部办公厅关于全国高校书记校长访企拓岗促就业专项行动工作部署，进一步加强供需对接，有效推动毕业生就业工作，全面深化校企合作，更好地服务地方经济社会发展。
5月13日吴梦军校长带队走访了世博动漫、百斯特、开创集团、济南报业等公司，了解企业生产运营情况，对接企业人才需求，探讨校企产学研合作。









走访调研中，吴梦军校长带队参观企业，与企业相关负责人谈话，听取企业生产情况、人才培养的需求、科研合作的思路。招生就业处副处长马仕军简要介绍了学校的基本情况和毕业生情况。校企双方对发挥各自互补优势，围绕岗位拓展、产学研合作、应用型人才培养等方面进行了深入交流。





吴校长在走访百斯特的时候，遇到我校
2013级毕业生，看着走出校门的学生们已经成长为企业的骨干力量，有的还被评为月度之星，月薪高达2万多，倍感欣慰。企业对学校人才培养质量的肯定与认可，进一步增强了我们更好地落实人才培养主体责任的动力与信心。









校长吴梦军指出就业工作十分重要，作为本科层次职业技术大学，要着重把就业工作推深做实，深度了解用人单位对毕业生的意见建议，认真分析行业发展趋势和人才需求形势，为学校学科专业调整、人才培养方案制定和就业指导服务提供依据，不断增强人才培养的针对性和适应性，持续提升人才培养质量，向社会精准输送更多高质量的人才。

接下来，学校继续组织举办各种类型的
“书记校长访企拓岗促就业专项行动”活动。坚持将学校人才培养目标和用人单位的人才招聘需求相结合，将“请进来”“走出去”相结合，进一步深化校企合作，全力应对疫情对毕业生就业工作的冲击，确保毕业生更加充分就业。


作者：马仕军

编辑：翟小溪


",,126,https://www.suet.edu.cn/info/1026/1490.htm
我校召开2021-2022学年第二学期教学工作委员会会议, 发布时间: 2022-05-17,"
5月16日下午，我校在卓越楼第二会议室召开了教学工作委员会会议。学校名誉校长胡小林、总督学匡奕珍、副校长李章泉及教学工作委员会成员出席会议。会议由教务处处长兼督学张玉惕主持。

会上，教务处副处长毕丽萍向参会人员汇报了
2022级人才培养方案的指导意见及2022级本科人才培养方案的模板。教务处副处长李玲云汇报了2023届毕业生实习工作档案。参会人员针对两个议题进行充分的探讨。最后，教学工作会员会全票通过了《山东工程职业技术大学关于制（修）订2022级人才培养方案的指导意见》、《山东工程职业技术大学关于2023届毕业生实习工作方案》。

本次教学工作委员会和教材工作委员会会议的召开取得了很好的效果，对于深化学校教育教学改革，提高我校教育教学水平和人才培养质量具有重大的意义。





作者：教务处
朱宏雁     编辑：翟小溪

",,126,https://www.suet.edu.cn/info/1026/1489.htm
我校召开资产管理员业务培训线上会议, 发布时间: 2022-05-19,"
近日，我校举行资产管理员专题业务培训线上会议。我校根据资产管理工作需要，上线了资产管理系统网络平台。培训会议由资产与实验设备管理处处长丁福强主持，全校各部门、单位资产管理员和资产与实验设备管理处全体人员共计57人参加。

会议旨在提升我校资产管理信息化水平，确保学校资产账账相符、帐卡相符，
提高资产管理的科学化、精细化水平，实行资产信息化管理，实现资产从“入口”配置到“出口”处置的全过程动态监管。

培训会上，丁福强首先对我校资产管理现状进行了简要分析，强调了资产管理工作的必要性和重要性。他讲到，
长期以来，由于资产管理缺少网络版的管理系统，管理手段落后，管理效率不高，严重制约了资产管理工作的推进。同时随着学校规模的扩大，资产数量的激增，已有的管理手段，已不再满足资产管理工作的需要。通过
资产管理系统网络平台
，有助于实现资产管理流程再造，减少管理过程中的人为因素，达到程序固定、管理规范的目标。要通过信息系统，记录每一项资产的详细信息，落实管理和使用责任人，达到细化管理、责任到人的目标，确保资产的保值增益。他要求各单位部门要给予高度重视和大力支持，尽快熟知使用方法和步骤，为提高资产管理质量和效率打下坚实基础。

随后，
山东国子软件股份有限公司技术
人员就资产管理系统的各项模块功能进行了详细讲解。重点对资产建账、资产变动、资产处置、资产查询、资产清查等日常资产管理工作进行了演示和讲解。

通过初次培训，提升了资产管理员对新启用的资产管理系统的操作水平，提高了资产管理员的业务能力，为我校今后的资产管理工作规范化、提高信息化水平奠定了基础。





作者：资产与实验设备管理处

朱文雁

编辑：翟小溪


",,126,https://www.suet.edu.cn/info/1026/1488.htm
我校开展2022年第二期辅导员沙龙活动, 发布时间: 2022-05-23,"
5
月
20
日上午，我校
2022
年第二期辅导员沙龙活动在卓越楼
205
举行，各二级学院辅导员代表共同探讨“校园封闭式管理带来的挑战与反思”。活动由学生工作处张凤娇主持。

活动中，大家分别谈了住校期间学生管理工作的感受，互相交流工作心得，进行总结反思，并提出困惑。经过讨论，大家一致认为，疫情封校期间，一是学院辅导员之间、辅导员和学生之间交流更加密切深入，团队融炼度高，粘性增强；二是学生积极配合学校防疫举措，线上学习课余时间自发组织开展文娱活动，学生的自我管理意识与自治性增强。

同时，大家对接下来的工作进行了研讨。一是应强化学生核心素养的培养，在后疫情时期，抓住疫情中正反两方面案例，持续对学生进行道德与社会责任、家国情怀等思想政治教育；二是在此期间，辅导员忙于日常事务、突发事件处理，应进一步加强常态化理论学习，注重辅导员个人职业能力的提升；三是聚焦心理健康，学生长期封闭管理，心理波动会持续存在，需要进一步加大排查力度，进行团体辅导和个体疏导。

智能制造学院行政副院长秦美娜分享了个人成长之路的经验技巧，鼓励辅导员们不断提升自我，应该对自己有明晰的职业规划。在工作中，要寻找教育、管理、服务平衡点，既要做好做实日常管理，也要深化理论凝练，走向专家化。

此次沙龙活动，在教学线上线下切换过程中举办，旨在为辅导员们提供交流的平台，及时总结反思问题，做好“过渡时期”和“后疫情时期”的教育引导和管理服务。







作者：学生工作处

张凤娇

编辑：翟小溪

",,126,https://www.suet.edu.cn/info/1026/1487.htm
我校召开课堂教学质量评价工作会议, 发布时间: 2022-05-27,"
近日，我校下发《山东工程职业技术大学课堂教学质量评价办法（试行）》，进一步全面加强课堂教学质量评价工作。为了保证办法的顺利实施，学校于
5月26日上午召开了课堂教学质量评价工作会议，对文件进行深度解读，学校总督学匡奕珍和副校长李章泉出席会议，质量管理处处长初福民主持会议，教务处负责人、各二级学院（部）执行院长以及评估督导专家组组长参加。

会上，匡奕珍指出学校目前处于职业本科初始阶段，必须牢固树立教学工作的核心地位，将提高教学质量的主战场立足于课堂之上。课堂教学质量的主导在教师，因此，要通过课堂教学质量评价，促进教师在教学工作中争先创优，保证课堂教学质量不断得到提高。教学质量最终体现在学生身上，因此，要重视学生对课堂教学质量的评价，同时发挥好教学督导和教学管理人员对课堂教学质量的评价作用，形成科学有效的课堂教学评价机制。匡奕珍还对课堂教学评价工作的开展，办法的应用，提出了具体意见和要求。李章泉要求该办法出台后，组织实施过程一定要认真，落实到位，保证评价数据客观、真实、公正。

课堂教学质量评价是学校教学质量保障与监控体系的重要组成部分，也是学校教学管理的规范性工作。办法从评价目的、评价对象与时间范围、评价结果构成与权重、评价结果的档次确定、评价结果的档次确定、评价工作纪律、评价工作纪律等七个方面做出具体规定，旨在建立以学生评教为主，督导专家和教学管理人员评价为辅，学生满意度作为纠偏机制的评价体系，使学校课堂教学质量评价体系进一步规范化和制度化，评价内容更具有客观性、科学性和可操作性，促进课堂教学质量不断提升。

作者：
质量管理处

张晓敏

编辑：翟小溪

",,126,https://www.suet.edu.cn/info/1026/1486.htm
喜报！我校荣获山东省社会组织总会课题二等奖, 发布时间: 2022-05-27,"
2021
年
6
月，我校成功申报山东省社会组织总会课题《新民办教育法实施后分类管理政策影响因素研究》。经过开题论证，中期检查，结题答辩，课题研究成果在青岛科技大学教育发展基金会、山东省中国海洋大学教育基金会、山东政法学院等
15
家会员单位报送的课题中脱颖而出，喜获二等奖。

《新民办教育法实施后分类管理政策影响因素研究》以我省
39
所民办高校为研究对象，采用问卷调查法、专家访谈法以及基于
SPSS
对调研数据进行整理分析，提出了适合民办非营利学校发展考核评价指标体系。该体系包括财务绩效、服务发展、人才培养、科学研究与社会服务、创先创优、社会影响力六方面。该体系以考核评价指标体系为抓手，引导激励民办高校的办学行为和价值取向，真实、客观、全面地反映办学成绩，为促进民办高校健康发展助力。

山东省社会组织总会肯定了我校的研究成果，希望我校再接再厉，再创佳绩。










图文｜高等职业教育研究院 马东岳

编辑｜刘太山





",,126,https://www.suet.edu.cn/info/1026/1485.htm
